عدد قراء حفص الكاملين: 96
سيتم إنشاء الملفات داخل: timings_hafs_114

📖 تحميل توقيتات السورة 001 ...
  ✅ read=1 | إبراهيم الأخضر | ayat=7
  ✅ read=3 | إبراهيم العسيري | ayat=7
  ✅ read=4 | شيخ أبو بكر الشاطري | ayat=7
  ✅ read=5 | أحمد بن علي العجمي | ayat=8
  ✅ read=6 | أحمد الحواشي | ayat=7
  ✅ read=8 | أحمد صابر | ayat=7
  ✅ read=9 | أحمد نعينع | ayat=8
  ✅ read=10 | أكرم العلاقمي | ayat=8
  ✅ read=12 | إدريس أبكر | ayat=7
  ✅ read=13 | الزين محمد أحمد | ayat=7
  ✅ read=17 | توفيق الصايغ | ayat=7
  ✅ read=20 | خالد الجليل | ayat=7
  ✅ read=21 | خالد القحطاني | ayat=7
  ✅ read=22 | خالد عبدالكافي | ayat=7
  ✅ read=24 | خليفة الطنيجي | ayat=7
  ✅ read=25 | داود حمزة | ayat=7
  ✅ read=30 | سعد الغامدي | ayat=7
  ✅ read=31 | سعود الشريم | ayat=8
  ✅ read=32 | سهل ياسين | ayat=8
  ✅ read=33 | زكي داغستاني | ayat=7
  ✅ read=38 | شيرزاد عبدالرحمن طاهر | ayat=7
  ✅ read=39 | صابر عبدالحكم | ayat=7
  ✅ read=40 | صالح الصاهود | ayat=7
  ✅ read=42 | صالح الهبدان | ayat=7
  ✅ read=43 | صلاح البدير | ayat=7
  ✅ read=44 | صلاح الهاشم | ayat=7
  ✅ read=46 | صلاح بو خاطر | ayat=7
  ✅ read=48 | عادل ريان | ayat=7
  ✅ read=49 | عبدالبارئ الثبيتي | ayat=7
  ✅ read=50 | عبدالبارئ محمد | ayat=7
  ✅ read=53 | عبدالباسط عبدالصمد | ayat=8
  ✅ read=54 | عبدالرحمن السديس | ayat=7
  ✅ read=55 | عبدالعزيز الأحمد | ayat=7
  ✅ read=56 | عبدالعزيز الزهراني | ayat=7
  ✅ read=58 | عبدالله البعيجان | ayat=7
  ✅ read=59 | عبدالله المطرود | ayat=7
  ✅ read=60 | عبدالله بصفر | ayat=7
  ✅ read=61 | عبدالله خياط | ayat=7
  ✅ read=62 | عبدالله عواد الجهني | ayat=8
  ✅ read=66 | عبدالمحسن الحارثي | ayat=7
  ✅ read=67 | عبدالمحسن القاسم | ayat=8
  ✅ read=69 | عبدالمحسن العبيكان | ayat=7
  ✅ read=70 | عبدالهادي أحمد كناكري | ayat=7
  ✅ read=71 | عبدالودود حنيف | ayat=7
  ✅ read=72 | عبدالولي الأركاني | ayat=7
  ✅ read=74 | علي بن عبدالرحمن الحذيفي | ayat=6
  ✅ read=76 | علي جابر | ayat=7
  ✅ read=77 | علي حجاج السويسي | ayat=8
  ✅ read=78 | عماد زهير حافظ | ayat=7
  ✅ read=81 | فارس عباد | ayat=7
  ✅ read=86 | ناصر القطامي | ayat=7
  ✅ read=87 | نبيل الرفاعي | ayat=7
  ✅ read=88 | نعمة الحسان | ayat=7
  ✅ read=89 | هاني الرفاعي | ayat=7
  ✅ read=92 | ياسر الدوسري | ayat=7
  ✅ read=106 | محمد الطبلاوي | ayat=8
  ✅ read=109 | محمد أيوب | ayat=7
  ✅ read=110 | محمد صالح عالم شاه | ayat=7
  ✅ read=112 | محمد صديق المنشاوي | ayat=8
  ✅ read=115 | محمد عبدالكريم | ayat=7
  ✅ read=118 | محمود خليل الحصري | ayat=7
  ✅ read=123 | مشاري العفاسي | ayat=7
  ✅ read=139 | ماجد الزامل | ayat=7
  ✅ read=159 | خالد المهنا | ayat=7
  ✅ read=181 | جمعان العصيمي | ayat=7
  ✅ read=193 | يوسف بن نوح أحمد | ayat=7
  ✅ read=198 | محمد رشاد الشريف | ayat=7
  ✅ read=201 | أحمد الطرابلسي | ayat=7
  ✅ read=203 | أحمد عامر | ayat=7
  ✅ read=217 | بندر بليله | ayat=7
  ✅ read=219 | وديع اليمني | ayat=7
  ✅ read=221 | رعد محمد الكردي | ayat=7
  ✅ read=225 | عبدالرحمن العوسي | ayat=7
  ✅ read=229 | محمد خليل القارئ | ayat=7
  ✅ read=232 | إبراهيم الدوسري | ayat=7
  ✅ read=236 | عبدالرحمن الماجد | ayat=7
  ✅ read=243 | عبدالله الموسى | ayat=7
  ✅ read=244 | عبدالله الخلف | ayat=7
  ✅ read=245 | منصور السالمي | ayat=7
  ✅ read=250 | محمد البخيت | ayat=7
  ✅ read=256 | أحمد خليل شاهين | ayat=7
  ✅ read=258 | عبدالرشيد صوفي | ayat=7
  ✅ read=259 | أحمد النفيس | ayat=7
  ✅ read=265 | أحمد ديبان | ayat=7
  ✅ read=268 | بيشه وا قادر الكردي | ayat=7
  ✅ read=273 | هيثم الدخين | ayat=7
  ✅ read=282 | عبدالعزيز التركي | ayat=7
  ✅ read=289 | أحمد عيسى المعصراوي | ayat=7
  ✅ read=294 | سيد أحمد هاشمي | ayat=7
  ✅ read=295 | خالد كريم محمدي | ayat=7
  ✅ read=299 | حسن صالح | ayat=7
  ✅ read=300 | صالح الشمراني | ayat=7
  ✅ read=303 | عيسى عمر سناكو | ayat=7
  ✅ read=314 | أنس العمادي | ayat=7
  ✅ read=340 | محمد برهجي | ayat=7
  ✅ read=10905 | حسن الدغريري | ayat=7
✅ تم إنشاء: timings_hafs_114/timing_001.json

📖 تحميل توقيتات السورة 002 ...
  ✅ read=1 | إبراهيم الأخضر | ayat=287
  ✅ read=3 | إبراهيم العسيري | ayat=286
  ✅ read=4 | شيخ أبو بكر الشاطري | ayat=286
  ✅ read=5 | أحمد بن علي العجمي | ayat=287
  ✅ read=6 | أحمد الحواشي | ayat=286
  ✅ read=8 | أحمد صابر | ayat=286
  ✅ read=9 | أحمد نعينع | ayat=287
  ✅ read=10 | أكرم العلاقمي | ayat=287
  ✅ read=12 | إدريس أبكر | ayat=286
  ✅ read=13 | الزين محمد أحمد | ayat=286
  ✅ read=17 | توفيق الصايغ | ayat=286
  ✅ read=20 | خالد الجليل | ayat=286
  ✅ read=21 | خالد القحطاني | ayat=286
  ✅ read=22 | خالد عبدالكافي | ayat=286
  ✅ read=24 | خليفة الطنيجي | ayat=286
  ✅ read=25 | داود حمزة | ayat=286
  ✅ read=30 | سعد الغامدي | ayat=286
  ✅ read=31 | سعود الشريم | ayat=287
  ✅ read=32 | سهل ياسين | ayat=287
  ✅ read=33 | زكي داغستاني | ayat=286
  ✅ read=38 | شيرزاد عبدالرحمن طاهر | ayat=286
  ✅ read=39 | صابر عبدالحكم | ayat=286
  ✅ read=40 | صالح الصاهود | ayat=286
  ✅ read=42 | صالح الهبدان | ayat=286
  ✅ read=43 | صلاح البدير | ayat=286
  ✅ read=44 | صلاح الهاشم | ayat=286
  ✅ read=46 | صلاح بو خاطر | ayat=286
  ✅ read=48 | عادل ريان | ayat=286
  ✅ read=49 | عبدالبارئ الثبيتي | ayat=286
  ✅ read=50 | عبدالبارئ محمد | ayat=286
  ✅ read=53 | عبدالباسط عبدالصمد | ayat=287
  ✅ read=54 | عبدالرحمن السديس | ayat=286
  ✅ read=55 | عبدالعزيز الأحمد | ayat=286
  ✅ read=56 | عبدالعزيز الزهراني | ayat=286
  ✅ read=58 | عبدالله البعيجان | ayat=286
  ✅ read=59 | عبدالله المطرود | ayat=286
  ✅ read=60 | عبدالله بصفر | ayat=287
  ✅ read=61 | عبدالله خياط | ayat=286
  ✅ read=62 | عبدالله عواد الجهني | ayat=287
  ✅ read=66 | عبدالمحسن الحارثي | ayat=286
  ✅ read=67 | عبدالمحسن القاسم | ayat=287
  ✅ read=69 | عبدالمحسن العبيكان | ayat=286
  ✅ read=70 | عبدالهادي أحمد كناكري | ayat=286
  ✅ read=71 | عبدالودود حنيف | ayat=286
  ✅ read=72 | عبدالولي الأركاني | ayat=286
  ✅ read=74 | علي بن عبدالرحمن الحذيفي | ayat=286
  ✅ read=76 | علي جابر | ayat=286
  ✅ read=77 | علي حجاج السويسي | ayat=287
  ✅ read=78 | عماد زهير حافظ | ayat=287
  ✅ read=81 | فارس عباد | ayat=286
  ✅ read=86 | ناصر القطامي | ayat=286
  ✅ read=87 | نبيل الرفاعي | ayat=286
  ✅ read=88 | نعمة الحسان | ayat=286
  ✅ read=89 | هاني الرفاعي | ayat=286
  ✅ read=92 | ياسر الدوسري | ayat=286
  ✅ read=106 | محمد الطبلاوي | ayat=287
  ✅ read=109 | محمد أيوب | ayat=286
  ✅ read=110 | محمد صالح عالم شاه | ayat=286
  ✅ read=112 | محمد صديق المنشاوي | ayat=287
  ✅ read=115 | محمد عبدالكريم | ayat=286
  ✅ read=118 | محمود خليل الحصري | ayat=287
  ✅ read=123 | مشاري العفاسي | ayat=286
  ✅ read=139 | ماجد الزامل | ayat=286
  ✅ read=159 | خالد المهنا | ayat=287
  ✅ read=181 | جمعان العصيمي | ayat=286
  ✅ read=193 | يوسف بن نوح أحمد | ayat=286
  ✅ read=198 | محمد رشاد الشريف | ayat=286
  ✅ read=201 | أحمد الطرابلسي | ayat=286
  ✅ read=203 | أحمد عامر | ayat=286
  ✅ read=217 | بندر بليله | ayat=286
  ✅ read=219 | وديع اليمني | ayat=286
  ✅ read=221 | رعد محمد الكردي | ayat=286
  ✅ read=225 | عبدالرحمن العوسي | ayat=286
  ✅ read=229 | محمد خليل القارئ | ayat=286
  ✅ read=232 | إبراهيم الدوسري | ayat=286
  ✅ read=236 | عبدالرحمن الماجد | ayat=286
  ✅ read=243 | عبدالله الموسى | ayat=286
  ✅ read=244 | عبدالله الخلف | ayat=286
  ✅ read=245 | منصور السالمي | ayat=286
  ✅ read=250 | محمد البخيت | ayat=286
  ✅ read=256 | أحمد خليل شاهين | ayat=286
  ✅ read=258 | عبدالرشيد صوفي | ayat=286
  ✅ read=259 | أحمد النفيس | ayat=286
  ✅ read=265 | أحمد ديبان | ayat=286
  ✅ read=268 | بيشه وا قادر الكردي | ayat=286
  ✅ read=273 | هيثم الدخين | ayat=286
  ✅ read=282 | عبدالعزيز التركي | ayat=286
  ✅ read=289 | أحمد عيسى المعصراوي | ayat=286
  ✅ read=294 | سيد أحمد هاشمي | ayat=286
  ✅ read=295 | خالد كريم محمدي | ayat=286
  ✅ read=299 | حسن صالح | ayat=286
  ✅ read=300 | صالح الشمراني | ayat=286
  ✅ read=303 | عيسى عمر سناكو | ayat=286
  ✅ read=314 | أنس العمادي | ayat=286
  ✅ read=340 | محمد برهجي | ayat=286
  ✅ read=10905 | حسن الدغريري | ayat=286
✅ تم إنشاء: timings_hafs_114/timing_002.json

📖 تحميل توقيتات السورة 003 ...
  ✅ read=1 | إبراهيم الأخضر | ayat=201
  ✅ read=3 | إبراهيم العسيري | ayat=200
  ✅ read=4 | شيخ أبو بكر الشاطري | ayat=200
  ✅ read=5 | أحمد بن علي العجمي | ayat=201
  ✅ read=6 | أحمد الحواشي | ayat=200
  ✅ read=8 | أحمد صابر | ayat=200
  ✅ read=9 | أحمد نعينع | ayat=201
  ✅ read=10 | أكرم العلاقمي | ayat=201
  ✅ read=12 | إدريس أبكر | ayat=200
  ✅ read=13 | الزين محمد أحمد | ayat=200
  ✅ read=17 | توفيق الصايغ | ayat=200
  ✅ read=20 | خالد الجليل | ayat=200
  ✅ read=21 | خالد القحطاني | ayat=200
  ✅ read=22 | خالد عبدالكافي | ayat=200
  ✅ read=24 | خليفة الطنيجي | ayat=200
  ✅ read=25 | داود حمزة | ayat=200
  ✅ read=30 | سعد الغامدي | ayat=200
  ✅ read=31 | سعود الشريم | ayat=201
  ✅ read=32 | سهل ياسين | ayat=201
  ✅ read=33 | زكي داغستاني | ayat=200
  ✅ read=38 | شيرزاد عبدالرحمن طاهر | ayat=200
  ✅ read=39 | صابر عبدالحكم | ayat=200
  ✅ read=40 | صالح الصاهود | ayat=200
  ✅ read=42 | صالح الهبدان | ayat=200
  ✅ read=43 | صلاح البدير | ayat=200
  ✅ read=44 | صلاح الهاشم | ayat=200
  ✅ read=46 | صلاح بو خاطر | ayat=200
  ✅ read=48 | عادل ريان | ayat=200
  ✅ read=49 | عبدالبارئ الثبيتي | ayat=200
  ✅ read=50 | عبدالبارئ محمد | ayat=200
  ✅ read=53 | عبدالباسط عبدالصمد | ayat=201
  ✅ read=54 | عبدالرحمن السديس | ayat=200
  ✅ read=55 | عبدالعزيز الأحمد | ayat=200
  ✅ read=56 | عبدالعزيز الزهراني | ayat=200
  ✅ read=58 | عبدالله البعيجان | ayat=200
  ✅ read=59 | عبدالله المطرود | ayat=200
  ✅ read=60 | عبدالله بصفر | ayat=201
  ✅ read=61 | عبدالله خياط | ayat=200
  ✅ read=62 | عبدالله عواد الجهني | ayat=201
  ✅ read=66 | عبدالمحسن الحارثي | ayat=200
  ✅ read=67 | عبدالمحسن القاسم | ayat=201
  ✅ read=69 | عبدالمحسن العبيكان | ayat=200
  ✅ read=70 | عبدالهادي أحمد كناكري | ayat=200
  ✅ read=71 | عبدالودود حنيف | ayat=200
  ✅ read=72 | عبدالولي الأركاني | ayat=200
  ✅ read=74 | علي بن عبدالرحمن الحذيفي | ayat=200
  ✅ read=76 | علي جابر | ayat=200
  ✅ read=77 | علي حجاج السويسي | ayat=201
  ✅ read=78 | عماد زهير حافظ | ayat=201
  ✅ read=81 | فارس عباد | ayat=200
  ✅ read=86 | ناصر القطامي | ayat=200
  ✅ read=87 | نبيل الرفاعي | ayat=200
  ✅ read=88 | نعمة الحسان | ayat=200
  ✅ read=89 | هاني الرفاعي | ayat=200
  ✅ read=92 | ياسر الدوسري | ayat=200
  ✅ read=106 | محمد الطبلاوي | ayat=201
  ✅ read=109 | محمد أيوب | ayat=200
  ✅ read=110 | محمد صالح عالم شاه | ayat=200
  ✅ read=112 | محمد صديق المنشاوي | ayat=201
  ✅ read=115 | محمد عبدالكريم | ayat=200
  ✅ read=118 | محمود خليل الحصري | ayat=201
  ✅ read=123 | مشاري العفاسي | ayat=200
  ✅ read=139 | ماجد الزامل | ayat=200
  ✅ read=159 | خالد المهنا | ayat=201
  ✅ read=181 | جمعان العصيمي | ayat=200
  ✅ read=193 | يوسف بن نوح أحمد | ayat=200
  ✅ read=198 | محمد رشاد الشريف | ayat=200
  ✅ read=201 | أحمد الطرابلسي | ayat=200
  ✅ read=203 | أحمد عامر | ayat=200
  ✅ read=217 | بندر بليله | ayat=200
  ✅ read=219 | وديع اليمني | ayat=200
  ✅ read=221 | رعد محمد الكردي | ayat=200
  ✅ read=225 | عبدالرحمن العوسي | ayat=200
  ✅ read=229 | محمد خليل القارئ | ayat=200
  ✅ read=232 | إبراهيم الدوسري | ayat=200
  ✅ read=236 | عبدالرحمن الماجد | ayat=200
  ✅ read=243 | عبدالله الموسى | ayat=200
  ✅ read=244 | عبدالله الخلف | ayat=200
  ✅ read=245 | منصور السالمي | ayat=200
  ✅ read=250 | محمد البخيت | ayat=200
  ✅ read=256 | أحمد خليل شاهين | ayat=200
  ✅ read=258 | عبدالرشيد صوفي | ayat=200
  ✅ read=259 | أحمد النفيس | ayat=200
  ✅ read=265 | أحمد ديبان | ayat=200
  ✅ read=268 | بيشه وا قادر الكردي | ayat=200
  ✅ read=273 | هيثم الدخين | ayat=200
  ✅ read=282 | عبدالعزيز التركي | ayat=200
  ✅ read=289 | أحمد عيسى المعصراوي | ayat=200
  ✅ read=294 | سيد أحمد هاشمي | ayat=200
  ✅ read=295 | خالد كريم محمدي | ayat=200
  ✅ read=299 | حسن صالح | ayat=200
  ✅ read=300 | صالح الشمراني | ayat=200
  ✅ read=303 | عيسى عمر سناكو | ayat=200
  ✅ read=314 | أنس العمادي | ayat=200
  ✅ read=340 | محمد برهجي | ayat=200
  ✅ read=10905 | حسن الدغريري | ayat=200
✅ تم إنشاء: timings_hafs_114/timing_003.json

📖 تحميل توقيتات السورة 004 ...
  ✅ read=1 | إبراهيم الأخضر | ayat=177
  ✅ read=3 | إبراهيم العسيري | ayat=176
  ✅ read=4 | شيخ أبو بكر الشاطري | ayat=176
  ✅ read=5 | أحمد بن علي العجمي | ayat=177
  ✅ read=6 | أحمد الحواشي | ayat=176
  ✅ read=8 | أحمد صابر | ayat=176
  ✅ read=9 | أحمد نعينع | ayat=177
  ✅ read=10 | أكرم العلاقمي | ayat=177
  ✅ read=12 | إدريس أبكر | ayat=176
  ✅ read=13 | الزين محمد أحمد | ayat=176
  ✅ read=17 | توفيق الصايغ | ayat=176
  ✅ read=20 | خالد الجليل | ayat=176
  ✅ read=21 | خالد القحطاني | ayat=176
  ✅ read=22 | خالد عبدالكافي | ayat=176
  ✅ read=24 | خليفة الطنيجي | ayat=176
  ✅ read=25 | داود حمزة | ayat=176
  ✅ read=30 | سعد الغامدي | ayat=176
  ✅ read=31 | سعود الشريم | ayat=177
  ✅ read=32 | سهل ياسين | ayat=177
  ✅ read=33 | زكي داغستاني | ayat=176
  ✅ read=38 | شيرزاد عبدالرحمن طاهر | ayat=176
  ✅ read=39 | صابر عبدالحكم | ayat=176
  ✅ read=40 | صالح الصاهود | ayat=176
  ✅ read=42 | صالح الهبدان | ayat=176
  ✅ read=43 | صلاح البدير | ayat=176
  ✅ read=44 | صلاح الهاشم | ayat=176
  ✅ read=46 | صلاح بو خاطر | ayat=176
  ✅ read=48 | عادل ريان | ayat=176
  ✅ read=49 | عبدالبارئ الثبيتي | ayat=176
  ✅ read=50 | عبدالبارئ محمد | ayat=176
  ✅ read=53 | عبدالباسط عبدالصمد | ayat=177
  ✅ read=54 | عبدالرحمن السديس | ayat=176
  ✅ read=55 | عبدالعزيز الأحمد | ayat=176
  ✅ read=56 | عبدالعزيز الزهراني | ayat=176
  ✅ read=58 | عبدالله البعيجان | ayat=176
  ✅ read=59 | عبدالله المطرود | ayat=176
  ✅ read=60 | عبدالله بصفر | ayat=177
  ✅ read=61 | عبدالله خياط | ayat=176
  ✅ read=62 | عبدالله عواد الجهني | ayat=166
  ✅ read=66 | عبدالمحسن الحارثي | ayat=176
  ✅ read=67 | عبدالمحسن القاسم | ayat=165
  ✅ read=69 | عبدالمحسن العبيكان | ayat=176
  ✅ read=70 | عبدالهادي أحمد كناكري | ayat=176
  ✅ read=71 | عبدالودود حنيف | ayat=176
  ✅ read=72 | عبدالولي الأركاني | ayat=176
  ✅ read=74 | علي بن عبدالرحمن الحذيفي | ayat=176
  ✅ read=76 | علي جابر | ayat=176
  ✅ read=77 | علي حجاج السويسي | ayat=177
  ✅ read=78 | عماد زهير حافظ | ayat=177
  ✅ read=81 | فارس عباد | ayat=176
  ✅ read=86 | ناصر القطامي | ayat=176
  ✅ read=87 | نبيل الرفاعي | ayat=176
  ✅ read=88 | نعمة الحسان | ayat=176
  ✅ read=89 | هاني الرفاعي | ayat=176
  ✅ read=92 | ياسر الدوسري | ayat=176
  ✅ read=106 | محمد الطبلاوي | ayat=177
  ✅ read=109 | محمد أيوب | ayat=176
  ✅ read=110 | محمد صالح عالم شاه | ayat=176
  ✅ read=112 | محمد صديق المنشاوي | ayat=177
  ✅ read=115 | محمد عبدالكريم | ayat=176
  ✅ read=118 | محمود خليل الحصري | ayat=177
  ✅ read=123 | مشاري العفاسي | ayat=176
  ✅ read=139 | ماجد الزامل | ayat=176
  ✅ read=159 | خالد المهنا | ayat=177
  ✅ read=181 | جمعان العصيمي | ayat=176
  ✅ read=193 | يوسف بن نوح أحمد | ayat=176
  ✅ read=198 | محمد رشاد الشريف | ayat=176
  ✅ read=201 | أحمد الطرابلسي | ayat=176
  ✅ read=203 | أحمد عامر | ayat=176
  ✅ read=217 | بندر بليله | ayat=176
  ✅ read=219 | وديع اليمني | ayat=176
  ✅ read=221 | رعد محمد الكردي | ayat=176
  ✅ read=225 | عبدالرحمن العوسي | ayat=176
  ✅ read=229 | محمد خليل القارئ | ayat=176
  ✅ read=232 | إبراهيم الدوسري | ayat=176
  ✅ read=236 | عبدالرحمن الماجد | ayat=176
  ✅ read=243 | عبدالله الموسى | ayat=176
  ✅ read=244 | عبدالله الخلف | ayat=176
  ✅ read=245 | منصور السالمي | ayat=176
  ✅ read=250 | محمد البخيت | ayat=176
  ✅ read=256 | أحمد خليل شاهين | ayat=176
  ✅ read=258 | عبدالرشيد صوفي | ayat=176
  ✅ read=259 | أحمد النفيس | ayat=176
  ✅ read=265 | أحمد ديبان | ayat=176
  ✅ read=268 | بيشه وا قادر الكردي | ayat=176
  ✅ read=273 | هيثم الدخين | ayat=176
  ✅ read=282 | عبدالعزيز التركي | ayat=176
  ✅ read=289 | أحمد عيسى المعصراوي | ayat=176
  ✅ read=294 | سيد أحمد هاشمي | ayat=176
  ✅ read=295 | خالد كريم محمدي | ayat=176
  ✅ read=299 | حسن صالح | ayat=176
  ✅ read=300 | صالح الشمراني | ayat=176
  ✅ read=303 | عيسى عمر سناكو | ayat=176
  ✅ read=314 | أنس العمادي | ayat=176
  ✅ read=340 | محمد برهجي | ayat=176
  ✅ read=10905 | حسن الدغريري | ayat=176
✅ تم إنشاء: timings_hafs_114/timing_004.json

📖 تحميل توقيتات السورة 005 ...
  ✅ read=1 | إبراهيم الأخضر | ayat=121
  ✅ read=3 | إبراهيم العسيري | ayat=120
  ✅ read=4 | شيخ أبو بكر الشاطري | ayat=120
  ✅ read=5 | أحمد بن علي العجمي | ayat=121
  ✅ read=6 | أحمد الحواشي | ayat=120
  ✅ read=8 | أحمد صابر | ayat=120
  ✅ read=9 | أحمد نعينع | ayat=121
  ✅ read=10 | أكرم العلاقمي | ayat=121
  ✅ read=12 | إدريس أبكر | ayat=120
  ✅ read=13 | الزين محمد أحمد | ayat=120
  ✅ read=17 | توفيق الصايغ | ayat=120
  ✅ read=20 | خالد الجليل | ayat=120
  ✅ read=21 | خالد القحطاني | ayat=120
  ✅ read=22 | خالد عبدالكافي | ayat=120
  ✅ read=24 | خليفة الطنيجي | ayat=120
  ✅ read=25 | داود حمزة | ayat=120
  ✅ read=30 | سعد الغامدي | ayat=120
  ✅ read=31 | سعود الشريم | ayat=121
  ✅ read=32 | سهل ياسين | ayat=121
  ✅ read=33 | زكي داغستاني | ayat=120
  ✅ read=38 | شيرزاد عبدالرحمن طاهر | ayat=120
  ✅ read=39 | صابر عبدالحكم | ayat=120
  ✅ read=40 | صالح الصاهود | ayat=120
  ✅ read=42 | صالح الهبدان | ayat=120
  ✅ read=43 | صلاح البدير | ayat=120
  ✅ read=44 | صلاح الهاشم | ayat=120
  ✅ read=46 | صلاح بو خاطر | ayat=120
  ✅ read=48 | عادل ريان | ayat=120
  ✅ read=49 | عبدالبارئ الثبيتي | ayat=120
  ✅ read=50 | عبدالبارئ محمد | ayat=120
  ✅ read=53 | عبدالباسط عبدالصمد | ayat=121
  ✅ read=54 | عبدالرحمن السديس | ayat=120
  ✅ read=55 | عبدالعزيز الأحمد | ayat=120
  ✅ read=56 | عبدالعزيز الزهراني | ayat=120
  ✅ read=58 | عبدالله البعيجان | ayat=120
  ✅ read=59 | عبدالله المطرود | ayat=120
  ✅ read=60 | عبدالله بصفر | ayat=121
  ✅ read=61 | عبدالله خياط | ayat=120
  ✅ read=62 | عبدالله عواد الجهني | ayat=121
  ✅ read=66 | عبدالمحسن الحارثي | ayat=120
  ✅ read=67 | عبدالمحسن القاسم | ayat=121
  ✅ read=69 | عبدالمحسن العبيكان | ayat=120
  ✅ read=70 | عبدالهادي أحمد كناكري | ayat=120
  ✅ read=71 | عبدالودود حنيف | ayat=120
  ✅ read=72 | عبدالولي الأركاني | ayat=120
  ✅ read=74 | علي بن عبدالرحمن الحذيفي | ayat=120
  ✅ read=76 | علي جابر | ayat=120
  ✅ read=77 | علي حجاج السويسي | ayat=121
  ✅ read=78 | عماد زهير حافظ | ayat=121
  ✅ read=81 | فارس عباد | ayat=120
  ✅ read=86 | ناصر القطامي | ayat=120
  ✅ read=87 | نبيل الرفاعي | ayat=120
  ✅ read=88 | نعمة الحسان | ayat=120
  ✅ read=89 | هاني الرفاعي | ayat=120
  ✅ read=92 | ياسر الدوسري | ayat=120
  ✅ read=106 | محمد الطبلاوي | ayat=121
  ✅ read=109 | محمد أيوب | ayat=120
  ✅ read=110 | محمد صالح عالم شاه | ayat=120
  ✅ read=112 | محمد صديق المنشاوي | ayat=121
  ✅ read=115 | محمد عبدالكريم | ayat=120
  ✅ read=118 | محمود خليل الحصري | ayat=121
  ✅ read=123 | مشاري العفاسي | ayat=120
  ✅ read=139 | ماجد الزامل | ayat=120
  ✅ read=159 | خالد المهنا | ayat=121
  ✅ read=181 | جمعان العصيمي | ayat=120
  ✅ read=193 | يوسف بن نوح أحمد | ayat=120
  ✅ read=198 | محمد رشاد الشريف | ayat=120
  ✅ read=201 | أحمد الطرابلسي | ayat=120
  ✅ read=203 | أحمد عامر | ayat=120
  ✅ read=217 | بندر بليله | ayat=120
  ✅ read=219 | وديع اليمني | ayat=120
  ✅ read=221 | رعد محمد الكردي | ayat=120
  ✅ read=225 | عبدالرحمن العوسي | ayat=120
  ✅ read=229 | محمد خليل القارئ | ayat=120
  ✅ read=232 | إبراهيم الدوسري | ayat=120
  ✅ read=236 | عبدالرحمن الماجد | ayat=120
  ✅ read=243 | عبدالله الموسى | ayat=120
  ✅ read=244 | عبدالله الخلف | ayat=120
  ✅ read=245 | منصور السالمي | ayat=120
  ✅ read=250 | محمد البخيت | ayat=120
  ✅ read=256 | أحمد خليل شاهين | ayat=120
  ✅ read=258 | عبدالرشيد صوفي | ayat=120
  ✅ read=259 | أحمد النفيس | ayat=120
  ✅ read=265 | أحمد ديبان | ayat=120
  ✅ read=268 | بيشه وا قادر الكردي | ayat=120
  ✅ read=273 | هيثم الدخين | ayat=120
  ✅ read=282 | عبدالعزيز التركي | ayat=120
  ✅ read=289 | أحمد عيسى المعصراوي | ayat=120
  ✅ read=294 | سيد أحمد هاشمي | ayat=120
  ✅ read=295 | خالد كريم محمدي | ayat=120
  ✅ read=299 | حسن صالح | ayat=120
  ✅ read=300 | صالح الشمراني | ayat=120
  ✅ read=303 | عيسى عمر سناكو | ayat=120
  ✅ read=314 | أنس العمادي | ayat=120
  ✅ read=340 | محمد برهجي | ayat=120
  ✅ read=10905 | حسن الدغريري | ayat=120
✅ تم إنشاء: timings_hafs_114/timing_005.json

📖 تحميل توقيتات السورة 006 ...
  ✅ read=1 | إبراهيم الأخضر | ayat=166
  ✅ read=3 | إبراهيم العسيري | ayat=165
  ✅ read=4 | شيخ أبو بكر الشاطري | ayat=165
  ✅ read=5 | أحمد بن علي العجمي | ayat=166
  ✅ read=6 | أحمد الحواشي | ayat=165
  ✅ read=8 | أحمد صابر | ayat=165
  ✅ read=9 | أحمد نعينع | ayat=166
  ✅ read=10 | أكرم العلاقمي | ayat=166
  ✅ read=12 | إدريس أبكر | ayat=165
  ✅ read=13 | الزين محمد أحمد | ayat=165
  ✅ read=17 | توفيق الصايغ | ayat=165
  ✅ read=20 | خالد الجليل | ayat=165
  ✅ read=21 | خالد القحطاني | ayat=165
  ✅ read=22 | خالد عبدالكافي | ayat=165
  ✅ read=24 | خليفة الطنيجي | ayat=165
  ✅ read=25 | داود حمزة | ayat=165
  ✅ read=30 | سعد الغامدي | ayat=165
  ✅ read=31 | سعود الشريم | ayat=166
  ✅ read=32 | سهل ياسين | ayat=166
  ✅ read=33 | زكي داغستاني | ayat=165
  ✅ read=38 | شيرزاد عبدالرحمن طاهر | ayat=165
  ✅ read=39 | صابر عبدالحكم | ayat=165
  ✅ read=40 | صالح الصاهود | ayat=165
  ✅ read=42 | صالح الهبدان | ayat=165
  ✅ read=43 | صلاح البدير | ayat=165
  ✅ read=44 | صلاح الهاشم | ayat=165
  ✅ read=46 | صلاح بو خاطر | ayat=165
  ✅ read=48 | عادل ريان | ayat=165
  ✅ read=49 | عبدالبارئ الثبيتي | ayat=165
  ✅ read=50 | عبدالبارئ محمد | ayat=165
  ✅ read=53 | عبدالباسط عبدالصمد | ayat=166
  ✅ read=54 | عبدالرحمن السديس | ayat=165
  ✅ read=55 | عبدالعزيز الأحمد | ayat=165
  ✅ read=56 | عبدالعزيز الزهراني | ayat=165
  ✅ read=58 | عبدالله البعيجان | ayat=165
  ✅ read=59 | عبدالله المطرود | ayat=165
  ✅ read=60 | عبدالله بصفر | ayat=166
  ✅ read=61 | عبدالله خياط | ayat=165
  ✅ read=62 | عبدالله عواد الجهني | ayat=166
  ✅ read=66 | عبدالمحسن الحارثي | ayat=165
  ✅ read=67 | عبدالمحسن القاسم | ayat=166
  ✅ read=69 | عبدالمحسن العبيكان | ayat=165
  ✅ read=70 | عبدالهادي أحمد كناكري | ayat=165
  ✅ read=71 | عبدالودود حنيف | ayat=165
  ✅ read=72 | عبدالولي الأركاني | ayat=165
  ✅ read=74 | علي بن عبدالرحمن الحذيفي | ayat=165
  ✅ read=76 | علي جابر | ayat=165
  ✅ read=77 | علي حجاج السويسي | ayat=166
  ✅ read=78 | عماد زهير حافظ | ayat=166
  ✅ read=81 | فارس عباد | ayat=165
  ✅ read=86 | ناصر القطامي | ayat=165
  ✅ read=87 | نبيل الرفاعي | ayat=165
  ✅ read=88 | نعمة الحسان | ayat=165
  ✅ read=89 | هاني الرفاعي | ayat=165
  ✅ read=92 | ياسر الدوسري | ayat=165
  ✅ read=106 | محمد الطبلاوي | ayat=166
  ✅ read=109 | محمد أيوب | ayat=165
  ✅ read=110 | محمد صالح عالم شاه | ayat=165
  ✅ read=112 | محمد صديق المنشاوي | ayat=166
  ✅ read=115 | محمد عبدالكريم | ayat=165
  ✅ read=118 | محمود خليل الحصري | ayat=166
  ✅ read=123 | مشاري العفاسي | ayat=165
  ✅ read=139 | ماجد الزامل | ayat=165
  ✅ read=159 | خالد المهنا | ayat=166
  ✅ read=181 | جمعان العصيمي | ayat=165
  ✅ read=193 | يوسف بن نوح أحمد | ayat=165
  ✅ read=198 | محمد رشاد الشريف | ayat=165
  ✅ read=201 | أحمد الطرابلسي | ayat=165
  ✅ read=203 | أحمد عامر | ayat=165
  ✅ read=217 | بندر بليله | ayat=165
  ✅ read=219 | وديع اليمني | ayat=165
  ✅ read=221 | رعد محمد الكردي | ayat=165
  ✅ read=225 | عبدالرحمن العوسي | ayat=165
  ✅ read=229 | محمد خليل القارئ | ayat=165
  ✅ read=232 | إبراهيم الدوسري | ayat=165
  ✅ read=236 | عبدالرحمن الماجد | ayat=165
  ✅ read=243 | عبدالله الموسى | ayat=165
  ✅ read=244 | عبدالله الخلف | ayat=165
  ✅ read=245 | منصور السالمي | ayat=165
  ✅ read=250 | محمد البخيت | ayat=165
  ✅ read=256 | أحمد خليل شاهين | ayat=165
  ✅ read=258 | عبدالرشيد صوفي | ayat=165
  ✅ read=259 | أحمد النفيس | ayat=165
  ✅ read=265 | أحمد ديبان | ayat=165
  ✅ read=268 | بيشه وا قادر الكردي | ayat=165
  ✅ read=273 | هيثم الدخين | ayat=165
  ✅ read=282 | عبدالعزيز التركي | ayat=165
  ✅ read=289 | أحمد عيسى المعصراوي | ayat=165
  ✅ read=294 | سيد أحمد هاشمي | ayat=165
  ✅ read=295 | خالد كريم محمدي | ayat=165
  ✅ read=299 | حسن صالح | ayat=165
  ✅ read=300 | صالح الشمراني | ayat=165
  ✅ read=303 | عيسى عمر سناكو | ayat=165
  ✅ read=314 | أنس العمادي | ayat=165
  ✅ read=340 | محمد برهجي | ayat=165
  ✅ read=10905 | حسن الدغريري | ayat=165
✅ تم إنشاء: timings_hafs_114/timing_006.json

📖 تحميل توقيتات السورة 007 ...
  ✅ read=1 | إبراهيم الأخضر | ayat=207
  ✅ read=3 | إبراهيم العسيري | ayat=206
  ✅ read=4 | شيخ أبو بكر الشاطري | ayat=206
  ✅ read=5 | أحمد بن علي العجمي | ayat=207
  ✅ read=6 | أحمد الحواشي | ayat=206
  ✅ read=8 | أحمد صابر | ayat=206
  ✅ read=9 | أحمد نعينع | ayat=207
  ✅ read=10 | أكرم العلاقمي | ayat=207
  ✅ read=12 | إدريس أبكر | ayat=206
  ✅ read=13 | الزين محمد أحمد | ayat=206
  ✅ read=17 | توفيق الصايغ | ayat=206
  ✅ read=20 | خالد الجليل | ayat=206
  ✅ read=21 | خالد القحطاني | ayat=206
  ✅ read=22 | خالد عبدالكافي | ayat=206
  ✅ read=24 | خليفة الطنيجي | ayat=206
  ✅ read=25 | داود حمزة | ayat=206
  ✅ read=30 | سعد الغامدي | ayat=206
  ✅ read=31 | سعود الشريم | ayat=207
  ✅ read=32 | سهل ياسين | ayat=207
  ✅ read=33 | زكي داغستاني | ayat=206
  ✅ read=38 | شيرزاد عبدالرحمن طاهر | ayat=206
  ✅ read=39 | صابر عبدالحكم | ayat=206
  ✅ read=40 | صالح الصاهود | ayat=206
  ✅ read=42 | صالح الهبدان | ayat=206
  ✅ read=43 | صلاح البدير | ayat=206
  ✅ read=44 | صلاح الهاشم | ayat=206
  ✅ read=46 | صلاح بو خاطر | ayat=206
  ✅ read=48 | عادل ريان | ayat=206
  ✅ read=49 | عبدالبارئ الثبيتي | ayat=206
  ✅ read=50 | عبدالبارئ محمد | ayat=206
  ✅ read=53 | عبدالباسط عبدالصمد | ayat=207
  ✅ read=54 | عبدالرحمن السديس | ayat=206
  ✅ read=55 | عبدالعزيز الأحمد | ayat=206
  ✅ read=56 | عبدالعزيز الزهراني | ayat=206
  ✅ read=58 | عبدالله البعيجان | ayat=206
  ✅ read=59 | عبدالله المطرود | ayat=206
  ✅ read=60 | عبدالله بصفر | ayat=207
  ✅ read=61 | عبدالله خياط | ayat=206
  ✅ read=62 | عبدالله عواد الجهني | ayat=207
  ✅ read=66 | عبدالمحسن الحارثي | ayat=206
  ✅ read=67 | عبدالمحسن القاسم | ayat=207
  ✅ read=69 | عبدالمحسن العبيكان | ayat=206
  ✅ read=70 | عبدالهادي أحمد كناكري | ayat=206
  ✅ read=71 | عبدالودود حنيف | ayat=206
  ✅ read=72 | عبدالولي الأركاني | ayat=206
  ✅ read=74 | علي بن عبدالرحمن الحذيفي | ayat=206
  ✅ read=76 | علي جابر | ayat=206
  ✅ read=77 | علي حجاج السويسي | ayat=207
  ✅ read=78 | عماد زهير حافظ | ayat=207
  ✅ read=81 | فارس عباد | ayat=206
  ✅ read=86 | ناصر القطامي | ayat=206
  ✅ read=87 | نبيل الرفاعي | ayat=206
  ✅ read=88 | نعمة الحسان | ayat=206
  ✅ read=89 | هاني الرفاعي | ayat=206
  ✅ read=92 | ياسر الدوسري | ayat=206
  ✅ read=106 | محمد الطبلاوي | ayat=207
  ✅ read=109 | محمد أيوب | ayat=206
  ✅ read=110 | محمد صالح عالم شاه | ayat=206
  ✅ read=112 | محمد صديق المنشاوي | ayat=207
  ✅ read=115 | محمد عبدالكريم | ayat=206
  ✅ read=118 | محمود خليل الحصري | ayat=207
  ✅ read=123 | مشاري العفاسي | ayat=206
  ✅ read=139 | ماجد الزامل | ayat=206
  ✅ read=159 | خالد المهنا | ayat=207
  ✅ read=181 | جمعان العصيمي | ayat=206
  ✅ read=193 | يوسف بن نوح أحمد | ayat=206
  ✅ read=198 | محمد رشاد الشريف | ayat=206
  ✅ read=201 | أحمد الطرابلسي | ayat=206
  ✅ read=203 | أحمد عامر | ayat=206
  ✅ read=217 | بندر بليله | ayat=206
  ✅ read=219 | وديع اليمني | ayat=206
  ✅ read=221 | رعد محمد الكردي | ayat=206
  ✅ read=225 | عبدالرحمن العوسي | ayat=206
  ✅ read=229 | محمد خليل القارئ | ayat=206
  ✅ read=232 | إبراهيم الدوسري | ayat=206
  ✅ read=236 | عبدالرحمن الماجد | ayat=206
  ✅ read=243 | عبدالله الموسى | ayat=206
  ✅ read=244 | عبدالله الخلف | ayat=206
  ✅ read=245 | منصور السالمي | ayat=206
  ✅ read=250 | محمد البخيت | ayat=206
  ✅ read=256 | أحمد خليل شاهين | ayat=206
  ✅ read=258 | عبدالرشيد صوفي | ayat=206
  ✅ read=259 | أحمد النفيس | ayat=206
  ✅ read=265 | أحمد ديبان | ayat=206
  ✅ read=268 | بيشه وا قادر الكردي | ayat=206
  ✅ read=273 | هيثم الدخين | ayat=206
  ✅ read=282 | عبدالعزيز التركي | ayat=206
  ✅ read=289 | أحمد عيسى المعصراوي | ayat=206
  ✅ read=294 | سيد أحمد هاشمي | ayat=206
  ✅ read=295 | خالد كريم محمدي | ayat=206
  ✅ read=299 | حسن صالح | ayat=206
  ✅ read=300 | صالح الشمراني | ayat=206
  ✅ read=303 | عيسى عمر سناكو | ayat=206
  ✅ read=314 | أنس العمادي | ayat=206
  ✅ read=340 | محمد برهجي | ayat=206
  ✅ read=10905 | حسن الدغريري | ayat=206
✅ تم إنشاء: timings_hafs_114/timing_007.json

📖 تحميل توقيتات السورة 008 ...
  ✅ read=1 | إبراهيم الأخضر | ayat=76
  ✅ read=3 | إبراهيم العسيري | ayat=75
  ✅ read=4 | شيخ أبو بكر الشاطري | ayat=75
  ✅ read=5 | أحمد بن علي العجمي | ayat=76
  ✅ read=6 | أحمد الحواشي | ayat=75
  ✅ read=8 | أحمد صابر | ayat=75
  ✅ read=9 | أحمد نعينع | ayat=76
  ✅ read=10 | أكرم العلاقمي | ayat=76
  ✅ read=12 | إدريس أبكر | ayat=75
  ✅ read=13 | الزين محمد أحمد | ayat=75
  ✅ read=17 | توفيق الصايغ | ayat=75
  ✅ read=20 | خالد الجليل | ayat=75
  ✅ read=21 | خالد القحطاني | ayat=75
  ✅ read=22 | خالد عبدالكافي | ayat=75
  ✅ read=24 | خليفة الطنيجي | ayat=75
  ✅ read=25 | داود حمزة | ayat=75
  ✅ read=30 | سعد الغامدي | ayat=75
  ✅ read=31 | سعود الشريم | ayat=76
  ✅ read=32 | سهل ياسين | ayat=76
  ✅ read=33 | زكي داغستاني | ayat=75
  ✅ read=38 | شيرزاد عبدالرحمن طاهر | ayat=75
  ✅ read=39 | صابر عبدالحكم | ayat=75
  ✅ read=40 | صالح الصاهود | ayat=75
  ✅ read=42 | صالح الهبدان | ayat=75
  ✅ read=43 | صلاح البدير | ayat=75
  ✅ read=44 | صلاح الهاشم | ayat=75
  ✅ read=46 | صلاح بو خاطر | ayat=75
  ✅ read=48 | عادل ريان | ayat=75
  ✅ read=49 | عبدالبارئ الثبيتي | ayat=75
  ✅ read=50 | عبدالبارئ محمد | ayat=75
  ✅ read=53 | عبدالباسط عبدالصمد | ayat=76
  ✅ read=54 | عبدالرحمن السديس | ayat=75
  ✅ read=55 | عبدالعزيز الأحمد | ayat=75
  ✅ read=56 | عبدالعزيز الزهراني | ayat=75
  ✅ read=58 | عبدالله البعيجان | ayat=75
  ✅ read=59 | عبدالله المطرود | ayat=75
  ✅ read=60 | عبدالله بصفر | ayat=76
  ✅ read=61 | عبدالله خياط | ayat=75
  ✅ read=62 | عبدالله عواد الجهني | ayat=76
  ✅ read=66 | عبدالمحسن الحارثي | ayat=75
  ✅ read=67 | عبدالمحسن القاسم | ayat=76
  ✅ read=69 | عبدالمحسن العبيكان | ayat=75
  ✅ read=70 | عبدالهادي أحمد كناكري | ayat=75
  ✅ read=71 | عبدالودود حنيف | ayat=75
  ✅ read=72 | عبدالولي الأركاني | ayat=75
  ✅ read=74 | علي بن عبدالرحمن الحذيفي | ayat=75
  ✅ read=76 | علي جابر | ayat=75
  ✅ read=77 | علي حجاج السويسي | ayat=76
  ✅ read=78 | عماد زهير حافظ | ayat=76
  ✅ read=81 | فارس عباد | ayat=75
  ✅ read=86 | ناصر القطامي | ayat=75
  ✅ read=87 | نبيل الرفاعي | ayat=75
  ✅ read=88 | نعمة الحسان | ayat=75
  ✅ read=89 | هاني الرفاعي | ayat=75
  ✅ read=92 | ياسر الدوسري | ayat=75
  ✅ read=106 | محمد الطبلاوي | ayat=76
  ✅ read=109 | محمد أيوب | ayat=75
  ✅ read=110 | محمد صالح عالم شاه | ayat=75
  ✅ read=112 | محمد صديق المنشاوي | ayat=76
  ✅ read=115 | محمد عبدالكريم | ayat=75
  ✅ read=118 | محمود خليل الحصري | ayat=76
  ✅ read=123 | مشاري العفاسي | ayat=75
  ✅ read=139 | ماجد الزامل | ayat=75
  ✅ read=159 | خالد المهنا | ayat=76
  ✅ read=181 | جمعان العصيمي | ayat=75
  ✅ read=193 | يوسف بن نوح أحمد | ayat=75
  ✅ read=198 | محمد رشاد الشريف | ayat=75
  ✅ read=201 | أحمد الطرابلسي | ayat=75
  ✅ read=203 | أحمد عامر | ayat=75
  ✅ read=217 | بندر بليله | ayat=75
  ✅ read=219 | وديع اليمني | ayat=75
  ✅ read=221 | رعد محمد الكردي | ayat=75
  ✅ read=225 | عبدالرحمن العوسي | ayat=75
  ✅ read=229 | محمد خليل القارئ | ayat=75
  ✅ read=232 | إبراهيم الدوسري | ayat=75
  ✅ read=236 | عبدالرحمن الماجد | ayat=75
  ✅ read=243 | عبدالله الموسى | ayat=75
  ✅ read=244 | عبدالله الخلف | ayat=75
  ✅ read=245 | منصور السالمي | ayat=75
  ✅ read=250 | محمد البخيت | ayat=75
  ✅ read=256 | أحمد خليل شاهين | ayat=75
  ✅ read=258 | عبدالرشيد صوفي | ayat=75
  ✅ read=259 | أحمد النفيس | ayat=75
  ✅ read=265 | أحمد ديبان | ayat=75
  ✅ read=268 | بيشه وا قادر الكردي | ayat=75
  ✅ read=273 | هيثم الدخين | ayat=75
  ✅ read=282 | عبدالعزيز التركي | ayat=75
  ✅ read=289 | أحمد عيسى المعصراوي | ayat=75
  ✅ read=294 | سيد أحمد هاشمي | ayat=75
  ✅ read=295 | خالد كريم محمدي | ayat=75
  ✅ read=299 | حسن صالح | ayat=75
  ✅ read=300 | صالح الشمراني | ayat=75
  ✅ read=303 | عيسى عمر سناكو | ayat=75
  ✅ read=314 | أنس العمادي | ayat=75
  ✅ read=340 | محمد برهجي | ayat=75
  ✅ read=10905 | حسن الدغريري | ayat=75
✅ تم إنشاء: timings_hafs_114/timing_008.json

📖 تحميل توقيتات السورة 009 ...
  ✅ read=1 | إبراهيم الأخضر | ayat=129
  ✅ read=3 | إبراهيم العسيري | ayat=129
  ✅ read=4 | شيخ أبو بكر الشاطري | ayat=129
  ✅ read=5 | أحمد بن علي العجمي | ayat=130
  ✅ read=6 | أحمد الحواشي | ayat=129
  ✅ read=8 | أحمد صابر | ayat=129
  ✅ read=9 | أحمد نعينع | ayat=130
  ✅ read=10 | أكرم العلاقمي | ayat=130
  ✅ read=12 | إدريس أبكر | ayat=129
  ✅ read=13 | الزين محمد أحمد | ayat=129
  ✅ read=17 | توفيق الصايغ | ayat=129
  ✅ read=20 | خالد الجليل | ayat=129
  ✅ read=21 | خالد القحطاني | ayat=129
  ✅ read=22 | خالد عبدالكافي | ayat=129
  ✅ read=24 | خليفة الطنيجي | ayat=129
  ✅ read=25 | داود حمزة | ayat=129
  ✅ read=30 | سعد الغامدي | ayat=129
  ✅ read=31 | سعود الشريم | ayat=129
  ✅ read=32 | سهل ياسين | ayat=130
  ✅ read=33 | زكي داغستاني | ayat=129
  ✅ read=38 | شيرزاد عبدالرحمن طاهر | ayat=129
  ✅ read=39 | صابر عبدالحكم | ayat=129
  ✅ read=40 | صالح الصاهود | ayat=129
  ✅ read=42 | صالح الهبدان | ayat=129
  ✅ read=43 | صلاح البدير | ayat=129
  ✅ read=44 | صلاح الهاشم | ayat=129
  ✅ read=46 | صلاح بو خاطر | ayat=129
  ✅ read=48 | عادل ريان | ayat=129
  ✅ read=49 | عبدالبارئ الثبيتي | ayat=129
  ✅ read=50 | عبدالبارئ محمد | ayat=129
  ✅ read=53 | عبدالباسط عبدالصمد | ayat=130
  ✅ read=54 | عبدالرحمن السديس | ayat=129
  ✅ read=55 | عبدالعزيز الأحمد | ayat=129
  ✅ read=56 | عبدالعزيز الزهراني | ayat=129
  ✅ read=58 | عبدالله البعيجان | ayat=129
  ✅ read=59 | عبدالله المطرود | ayat=129
  ✅ read=60 | عبدالله بصفر | ayat=129
  ✅ read=61 | عبدالله خياط | ayat=129
  ✅ read=62 | عبدالله عواد الجهني | ayat=130
  ✅ read=66 | عبدالمحسن الحارثي | ayat=129
  ✅ read=67 | عبدالمحسن القاسم | ayat=130
  ✅ read=69 | عبدالمحسن العبيكان | ayat=129
  ✅ read=70 | عبدالهادي أحمد كناكري | ayat=129
  ✅ read=71 | عبدالودود حنيف | ayat=129
  ✅ read=72 | عبدالولي الأركاني | ayat=129
  ✅ read=74 | علي بن عبدالرحمن الحذيفي | ayat=129
  ✅ read=76 | علي جابر | ayat=129
  ✅ read=77 | علي حجاج السويسي | ayat=130
  ✅ read=78 | عماد زهير حافظ | ayat=129
  ✅ read=81 | فارس عباد | ayat=129
  ✅ read=86 | ناصر القطامي | ayat=129
  ✅ read=87 | نبيل الرفاعي | ayat=129
  ✅ read=88 | نعمة الحسان | ayat=129
  ✅ read=89 | هاني الرفاعي | ayat=129
  ✅ read=92 | ياسر الدوسري | ayat=129
  ✅ read=106 | محمد الطبلاوي | ayat=130
  ✅ read=109 | محمد أيوب | ayat=129
  ✅ read=110 | محمد صالح عالم شاه | ayat=129
  ✅ read=112 | محمد صديق المنشاوي | ayat=129
  ✅ read=115 | محمد عبدالكريم | ayat=129
  ✅ read=118 | محمود خليل الحصري | ayat=130
  ✅ read=123 | مشاري العفاسي | ayat=129
  ✅ read=139 | ماجد الزامل | ayat=129
  ✅ read=159 | خالد المهنا | ayat=129
  ✅ read=181 | جمعان العصيمي | ayat=129
  ✅ read=193 | يوسف بن نوح أحمد | ayat=129
  ✅ read=198 | محمد رشاد الشريف | ayat=129
  ✅ read=201 | أحمد الطرابلسي | ayat=129
  ✅ read=203 | أحمد عامر | ayat=129
  ✅ read=217 | بندر بليله | ayat=129
  ✅ read=219 | وديع اليمني | ayat=129
  ✅ read=221 | رعد محمد الكردي | ayat=129
  ✅ read=225 | عبدالرحمن العوسي | ayat=129
  ✅ read=229 | محمد خليل القارئ | ayat=129
  ✅ read=232 | إبراهيم الدوسري | ayat=129
  ✅ read=236 | عبدالرحمن الماجد | ayat=129
  ✅ read=243 | عبدالله الموسى | ayat=129
  ✅ read=244 | عبدالله الخلف | ayat=129
  ✅ read=245 | منصور السالمي | ayat=129
  ✅ read=250 | محمد البخيت | ayat=129
  ✅ read=256 | أحمد خليل شاهين | ayat=129
  ✅ read=258 | عبدالرشيد صوفي | ayat=129
  ✅ read=259 | أحمد النفيس | ayat=129
  ✅ read=265 | أحمد ديبان | ayat=129
  ✅ read=268 | بيشه وا قادر الكردي | ayat=129
  ✅ read=273 | هيثم الدخين | ayat=129
  ✅ read=282 | عبدالعزيز التركي | ayat=129
  ✅ read=289 | أحمد عيسى المعصراوي | ayat=129
  ✅ read=294 | سيد أحمد هاشمي | ayat=129
  ✅ read=295 | خالد كريم محمدي | ayat=129
  ✅ read=299 | حسن صالح | ayat=129
  ✅ read=300 | صالح الشمراني | ayat=129
  ✅ read=303 | عيسى عمر سناكو | ayat=129
  ✅ read=314 | أنس العمادي | ayat=129
  ✅ read=340 | محمد برهجي | ayat=129
  ✅ read=10905 | حسن الدغريري | ayat=129
✅ تم إنشاء: timings_hafs_114/timing_009.json

📖 تحميل توقيتات السورة 010 ...
  ✅ read=1 | إبراهيم الأخضر | ayat=110
  ✅ read=3 | إبراهيم العسيري | ayat=109
  ✅ read=4 | شيخ أبو بكر الشاطري | ayat=109
  ✅ read=5 | أحمد بن علي العجمي | ayat=110
  ✅ read=6 | أحمد الحواشي | ayat=109
  ✅ read=8 | أحمد صابر | ayat=109
  ✅ read=9 | أحمد نعينع | ayat=110
  ✅ read=10 | أكرم العلاقمي | ayat=110
  ✅ read=12 | إدريس أبكر | ayat=109
  ✅ read=13 | الزين محمد أحمد | ayat=109
  ✅ read=17 | توفيق الصايغ | ayat=109
  ✅ read=20 | خالد الجليل | ayat=109
  ✅ read=21 | خالد القحطاني | ayat=109
  ✅ read=22 | خالد عبدالكافي | ayat=109
  ✅ read=24 | خليفة الطنيجي | ayat=109
  ✅ read=25 | داود حمزة | ayat=109
  ✅ read=30 | سعد الغامدي | ayat=109
  ✅ read=31 | سعود الشريم | ayat=110
  ✅ read=32 | سهل ياسين | ayat=110
  ✅ read=33 | زكي داغستاني | ayat=109
  ✅ read=38 | شيرزاد عبدالرحمن طاهر | ayat=109
  ✅ read=39 | صابر عبدالحكم | ayat=109
  ✅ read=40 | صالح الصاهود | ayat=109
  ✅ read=42 | صالح الهبدان | ayat=109
  ✅ read=43 | صلاح البدير | ayat=109
  ✅ read=44 | صلاح الهاشم | ayat=109
  ✅ read=46 | صلاح بو خاطر | ayat=109
  ✅ read=48 | عادل ريان | ayat=109
  ✅ read=49 | عبدالبارئ الثبيتي | ayat=109
  ✅ read=50 | عبدالبارئ محمد | ayat=109
  ✅ read=53 | عبدالباسط عبدالصمد | ayat=110
  ✅ read=54 | عبدالرحمن السديس | ayat=109
  ✅ read=55 | عبدالعزيز الأحمد | ayat=109
  ✅ read=56 | عبدالعزيز الزهراني | ayat=109
  ✅ read=58 | عبدالله البعيجان | ayat=109
  ✅ read=59 | عبدالله المطرود | ayat=109
  ✅ read=60 | عبدالله بصفر | ayat=110
  ✅ read=61 | عبدالله خياط | ayat=109
  ✅ read=62 | عبدالله عواد الجهني | ayat=110
  ✅ read=66 | عبدالمحسن الحارثي | ayat=109
  ✅ read=67 | عبدالمحسن القاسم | ayat=110
  ✅ read=69 | عبدالمحسن العبيكان | ayat=109
  ✅ read=70 | عبدالهادي أحمد كناكري | ayat=109
  ✅ read=71 | عبدالودود حنيف | ayat=109
  ✅ read=72 | عبدالولي الأركاني | ayat=109
  ✅ read=74 | علي بن عبدالرحمن الحذيفي | ayat=109
  ✅ read=76 | علي جابر | ayat=109
  ✅ read=77 | علي حجاج السويسي | ayat=110
  ✅ read=78 | عماد زهير حافظ | ayat=110
  ✅ read=81 | فارس عباد | ayat=109
  ✅ read=86 | ناصر القطامي | ayat=109
  ✅ read=87 | نبيل الرفاعي | ayat=109
  ✅ read=88 | نعمة الحسان | ayat=109
  ✅ read=89 | هاني الرفاعي | ayat=109
  ✅ read=92 | ياسر الدوسري | ayat=109
  ✅ read=106 | محمد الطبلاوي | ayat=110
  ✅ read=109 | محمد أيوب | ayat=109
  ✅ read=110 | محمد صالح عالم شاه | ayat=109
  ✅ read=112 | محمد صديق المنشاوي | ayat=110
  ✅ read=115 | محمد عبدالكريم | ayat=109
  ✅ read=118 | محمود خليل الحصري | ayat=110
  ✅ read=123 | مشاري العفاسي | ayat=109
  ✅ read=139 | ماجد الزامل | ayat=109
  ✅ read=159 | خالد المهنا | ayat=110
  ✅ read=181 | جمعان العصيمي | ayat=109
  ✅ read=193 | يوسف بن نوح أحمد | ayat=109
  ✅ read=198 | محمد رشاد الشريف | ayat=109
  ✅ read=201 | أحمد الطرابلسي | ayat=109
  ✅ read=203 | أحمد عامر | ayat=109
  ✅ read=217 | بندر بليله | ayat=109
  ✅ read=219 | وديع اليمني | ayat=109
  ✅ read=221 | رعد محمد الكردي | ayat=109
  ✅ read=225 | عبدالرحمن العوسي | ayat=109
  ✅ read=229 | محمد خليل القارئ | ayat=109
  ✅ read=232 | إبراهيم الدوسري | ayat=109
  ✅ read=236 | عبدالرحمن الماجد | ayat=109
  ✅ read=243 | عبدالله الموسى | ayat=109
  ✅ read=244 | عبدالله الخلف | ayat=109
  ✅ read=245 | منصور السالمي | ayat=109
  ✅ read=250 | محمد البخيت | ayat=109
  ✅ read=256 | أحمد خليل شاهين | ayat=109
  ✅ read=258 | عبدالرشيد صوفي | ayat=109
  ✅ read=259 | أحمد النفيس | ayat=109
  ✅ read=265 | أحمد ديبان | ayat=109
  ✅ read=268 | بيشه وا قادر الكردي | ayat=109
  ✅ read=273 | هيثم الدخين | ayat=109
  ✅ read=282 | عبدالعزيز التركي | ayat=109
  ✅ read=289 | أحمد عيسى المعصراوي | ayat=109
  ✅ read=294 | سيد أحمد هاشمي | ayat=109
  ✅ read=295 | خالد كريم محمدي | ayat=109
  ✅ read=299 | حسن صالح | ayat=109
  ✅ read=300 | صالح الشمراني | ayat=109
  ✅ read=303 | عيسى عمر سناكو | ayat=109
  ✅ read=314 | أنس العمادي | ayat=109
  ✅ read=340 | محمد برهجي | ayat=109
  ✅ read=10905 | حسن الدغريري | ayat=109
✅ تم إنشاء: timings_hafs_114/timing_010.json

📖 تحميل توقيتات السورة 011 ...
  ✅ read=1 | إبراهيم الأخضر | ayat=124
  ✅ read=3 | إبراهيم العسيري | ayat=123
  ✅ read=4 | شيخ أبو بكر الشاطري | ayat=123
  ✅ read=5 | أحمد بن علي العجمي | ayat=124
  ✅ read=6 | أحمد الحواشي | ayat=123
  ✅ read=8 | أحمد صابر | ayat=123
  ✅ read=9 | أحمد نعينع | ayat=124
  ✅ read=10 | أكرم العلاقمي | ayat=124
  ✅ read=12 | إدريس أبكر | ayat=123
  ✅ read=13 | الزين محمد أحمد | ayat=123
  ✅ read=17 | توفيق الصايغ | ayat=123
  ✅ read=20 | خالد الجليل | ayat=123
  ✅ read=21 | خالد القحطاني | ayat=123
  ✅ read=22 | خالد عبدالكافي | ayat=123
  ✅ read=24 | خليفة الطنيجي | ayat=123
  ✅ read=25 | داود حمزة | ayat=123
  ✅ read=30 | سعد الغامدي | ayat=123
  ✅ read=31 | سعود الشريم | ayat=124
  ✅ read=32 | سهل ياسين | ayat=124
  ✅ read=33 | زكي داغستاني | ayat=123
  ✅ read=38 | شيرزاد عبدالرحمن طاهر | ayat=123
  ✅ read=39 | صابر عبدالحكم | ayat=123
  ✅ read=40 | صالح الصاهود | ayat=123
  ✅ read=42 | صالح الهبدان | ayat=123
  ✅ read=43 | صلاح البدير | ayat=123
  ✅ read=44 | صلاح الهاشم | ayat=123
  ✅ read=46 | صلاح بو خاطر | ayat=123
  ✅ read=48 | عادل ريان | ayat=123
  ✅ read=49 | عبدالبارئ الثبيتي | ayat=123
  ✅ read=50 | عبدالبارئ محمد | ayat=123
  ✅ read=53 | عبدالباسط عبدالصمد | ayat=124
  ✅ read=54 | عبدالرحمن السديس | ayat=123
  ✅ read=55 | عبدالعزيز الأحمد | ayat=123
  ✅ read=56 | عبدالعزيز الزهراني | ayat=123
  ✅ read=58 | عبدالله البعيجان | ayat=123
  ✅ read=59 | عبدالله المطرود | ayat=123
  ✅ read=60 | عبدالله بصفر | ayat=124
  ✅ read=61 | عبدالله خياط | ayat=123
  ✅ read=62 | عبدالله عواد الجهني | ayat=124
  ✅ read=66 | عبدالمحسن الحارثي | ayat=123
  ✅ read=67 | عبدالمحسن القاسم | ayat=124
  ✅ read=69 | عبدالمحسن العبيكان | ayat=123
  ✅ read=70 | عبدالهادي أحمد كناكري | ayat=123
  ✅ read=71 | عبدالودود حنيف | ayat=123
  ✅ read=72 | عبدالولي الأركاني | ayat=123
  ✅ read=74 | علي بن عبدالرحمن الحذيفي | ayat=123
  ✅ read=76 | علي جابر | ayat=123
  ✅ read=77 | علي حجاج السويسي | ayat=124
  ✅ read=78 | عماد زهير حافظ | ayat=124
  ✅ read=81 | فارس عباد | ayat=123
  ✅ read=86 | ناصر القطامي | ayat=123
  ✅ read=87 | نبيل الرفاعي | ayat=123
  ✅ read=88 | نعمة الحسان | ayat=123
  ✅ read=89 | هاني الرفاعي | ayat=123
  ✅ read=92 | ياسر الدوسري | ayat=123
  ✅ read=106 | محمد الطبلاوي | ayat=124
  ✅ read=109 | محمد أيوب | ayat=123
  ✅ read=110 | محمد صالح عالم شاه | ayat=123
  ✅ read=112 | محمد صديق المنشاوي | ayat=124
  ✅ read=115 | محمد عبدالكريم | ayat=123
  ✅ read=118 | محمود خليل الحصري | ayat=124
  ✅ read=123 | مشاري العفاسي | ayat=123
  ✅ read=139 | ماجد الزامل | ayat=123
  ✅ read=159 | خالد المهنا | ayat=124
  ✅ read=181 | جمعان العصيمي | ayat=123
  ✅ read=193 | يوسف بن نوح أحمد | ayat=123
  ✅ read=198 | محمد رشاد الشريف | ayat=123
  ✅ read=201 | أحمد الطرابلسي | ayat=123
  ✅ read=203 | أحمد عامر | ayat=123
  ✅ read=217 | بندر بليله | ayat=123
  ✅ read=219 | وديع اليمني | ayat=123
  ✅ read=221 | رعد محمد الكردي | ayat=123
  ✅ read=225 | عبدالرحمن العوسي | ayat=123
  ✅ read=229 | محمد خليل القارئ | ayat=123
  ✅ read=232 | إبراهيم الدوسري | ayat=123
  ✅ read=236 | عبدالرحمن الماجد | ayat=123
  ✅ read=243 | عبدالله الموسى | ayat=123
  ✅ read=244 | عبدالله الخلف | ayat=123
  ✅ read=245 | منصور السالمي | ayat=123
  ✅ read=250 | محمد البخيت | ayat=123
  ✅ read=256 | أحمد خليل شاهين | ayat=123
  ✅ read=258 | عبدالرشيد صوفي | ayat=123
  ✅ read=259 | أحمد النفيس | ayat=123
  ✅ read=265 | أحمد ديبان | ayat=123
  ✅ read=268 | بيشه وا قادر الكردي | ayat=123
  ✅ read=273 | هيثم الدخين | ayat=123
  ✅ read=282 | عبدالعزيز التركي | ayat=123
  ✅ read=289 | أحمد عيسى المعصراوي | ayat=123
  ✅ read=294 | سيد أحمد هاشمي | ayat=123
  ✅ read=295 | خالد كريم محمدي | ayat=123
  ✅ read=299 | حسن صالح | ayat=123
  ✅ read=300 | صالح الشمراني | ayat=123
  ✅ read=303 | عيسى عمر سناكو | ayat=123
  ✅ read=314 | أنس العمادي | ayat=123
  ✅ read=340 | محمد برهجي | ayat=123
  ✅ read=10905 | حسن الدغريري | ayat=123
✅ تم إنشاء: timings_hafs_114/timing_011.json

📖 تحميل توقيتات السورة 012 ...
  ✅ read=1 | إبراهيم الأخضر | ayat=112
  ✅ read=3 | إبراهيم العسيري | ayat=111
  ✅ read=4 | شيخ أبو بكر الشاطري | ayat=111
  ✅ read=5 | أحمد بن علي العجمي | ayat=112
  ✅ read=6 | أحمد الحواشي | ayat=111
  ✅ read=8 | أحمد صابر | ayat=111
  ✅ read=9 | أحمد نعينع | ayat=112
  ✅ read=10 | أكرم العلاقمي | ayat=112
  ✅ read=12 | إدريس أبكر | ayat=111
  ✅ read=13 | الزين محمد أحمد | ayat=111
  ✅ read=17 | توفيق الصايغ | ayat=111
  ✅ read=20 | خالد الجليل | ayat=111
  ✅ read=21 | خالد القحطاني | ayat=111
  ✅ read=22 | خالد عبدالكافي | ayat=111
  ✅ read=24 | خليفة الطنيجي | ayat=111
  ✅ read=25 | داود حمزة | ayat=111
  ✅ read=30 | سعد الغامدي | ayat=111
  ✅ read=31 | سعود الشريم | ayat=117
  ✅ read=32 | سهل ياسين | ayat=112
  ✅ read=33 | زكي داغستاني | ayat=111
  ✅ read=38 | شيرزاد عبدالرحمن طاهر | ayat=111
  ✅ read=39 | صابر عبدالحكم | ayat=111
  ✅ read=40 | صالح الصاهود | ayat=111
  ✅ read=42 | صالح الهبدان | ayat=111
  ✅ read=43 | صلاح البدير | ayat=111
  ✅ read=44 | صلاح الهاشم | ayat=111
  ✅ read=46 | صلاح بو خاطر | ayat=111
  ✅ read=48 | عادل ريان | ayat=111
  ✅ read=49 | عبدالبارئ الثبيتي | ayat=111
  ✅ read=50 | عبدالبارئ محمد | ayat=111
  ✅ read=53 | عبدالباسط عبدالصمد | ayat=112
  ✅ read=54 | عبدالرحمن السديس | ayat=111
  ✅ read=55 | عبدالعزيز الأحمد | ayat=111
  ✅ read=56 | عبدالعزيز الزهراني | ayat=111
  ✅ read=58 | عبدالله البعيجان | ayat=111
  ✅ read=59 | عبدالله المطرود | ayat=111
  ✅ read=60 | عبدالله بصفر | ayat=112
  ✅ read=61 | عبدالله خياط | ayat=111
  ✅ read=62 | عبدالله عواد الجهني | ayat=112
  ✅ read=66 | عبدالمحسن الحارثي | ayat=111
  ✅ read=67 | عبدالمحسن القاسم | ayat=112
  ✅ read=69 | عبدالمحسن العبيكان | ayat=111
  ✅ read=70 | عبدالهادي أحمد كناكري | ayat=111
  ✅ read=71 | عبدالودود حنيف | ayat=111
  ✅ read=72 | عبدالولي الأركاني | ayat=111
  ✅ read=74 | علي بن عبدالرحمن الحذيفي | ayat=111
  ✅ read=76 | علي جابر | ayat=111
  ✅ read=77 | علي حجاج السويسي | ayat=112
  ✅ read=78 | عماد زهير حافظ | ayat=112
  ✅ read=81 | فارس عباد | ayat=111
  ✅ read=86 | ناصر القطامي | ayat=111
  ✅ read=87 | نبيل الرفاعي | ayat=111
  ✅ read=88 | نعمة الحسان | ayat=111
  ✅ read=89 | هاني الرفاعي | ayat=111
  ✅ read=92 | ياسر الدوسري | ayat=111
  ✅ read=106 | محمد الطبلاوي | ayat=112
  ✅ read=109 | محمد أيوب | ayat=111
  ✅ read=110 | محمد صالح عالم شاه | ayat=111
  ✅ read=112 | محمد صديق المنشاوي | ayat=112
  ✅ read=115 | محمد عبدالكريم | ayat=111
  ✅ read=118 | محمود خليل الحصري | ayat=112
  ✅ read=123 | مشاري العفاسي | ayat=111
  ✅ read=139 | ماجد الزامل | ayat=111
  ✅ read=159 | خالد المهنا | ayat=112
  ✅ read=181 | جمعان العصيمي | ayat=111
  ✅ read=193 | يوسف بن نوح أحمد | ayat=111
  ✅ read=198 | محمد رشاد الشريف | ayat=111
  ✅ read=201 | أحمد الطرابلسي | ayat=111
  ✅ read=203 | أحمد عامر | ayat=111
  ✅ read=217 | بندر بليله | ayat=111
  ✅ read=219 | وديع اليمني | ayat=111
  ✅ read=221 | رعد محمد الكردي | ayat=111
  ✅ read=225 | عبدالرحمن العوسي | ayat=111
  ✅ read=229 | محمد خليل القارئ | ayat=111
  ✅ read=232 | إبراهيم الدوسري | ayat=111
  ✅ read=236 | عبدالرحمن الماجد | ayat=111
  ✅ read=243 | عبدالله الموسى | ayat=111
  ✅ read=244 | عبدالله الخلف | ayat=111
  ✅ read=245 | منصور السالمي | ayat=111
  ✅ read=250 | محمد البخيت | ayat=111
  ✅ read=256 | أحمد خليل شاهين | ayat=111
  ✅ read=258 | عبدالرشيد صوفي | ayat=111
  ✅ read=259 | أحمد النفيس | ayat=111
  ✅ read=265 | أحمد ديبان | ayat=111
  ✅ read=268 | بيشه وا قادر الكردي | ayat=111
  ✅ read=273 | هيثم الدخين | ayat=111
  ✅ read=282 | عبدالعزيز التركي | ayat=111
  ✅ read=289 | أحمد عيسى المعصراوي | ayat=111
  ✅ read=294 | سيد أحمد هاشمي | ayat=111
  ✅ read=295 | خالد كريم محمدي | ayat=111
  ✅ read=299 | حسن صالح | ayat=111
  ✅ read=300 | صالح الشمراني | ayat=111
  ✅ read=303 | عيسى عمر سناكو | ayat=111
  ✅ read=314 | أنس العمادي | ayat=111
  ✅ read=340 | محمد برهجي | ayat=111
  ✅ read=10905 | حسن الدغريري | ayat=111
✅ تم إنشاء: timings_hafs_114/timing_012.json

📖 تحميل توقيتات السورة 013 ...
  ✅ read=1 | إبراهيم الأخضر | ayat=44
  ✅ read=3 | إبراهيم العسيري | ayat=43
  ✅ read=4 | شيخ أبو بكر الشاطري | ayat=43
  ✅ read=5 | أحمد بن علي العجمي | ayat=44
  ✅ read=6 | أحمد الحواشي | ayat=43
  ✅ read=8 | أحمد صابر | ayat=43
  ✅ read=9 | أحمد نعينع | ayat=44
  ✅ read=10 | أكرم العلاقمي | ayat=44
  ✅ read=12 | إدريس أبكر | ayat=43
  ✅ read=13 | الزين محمد أحمد | ayat=43
  ✅ read=17 | توفيق الصايغ | ayat=43
  ✅ read=20 | خالد الجليل | ayat=43
  ✅ read=21 | خالد القحطاني | ayat=43
  ✅ read=22 | خالد عبدالكافي | ayat=43
  ✅ read=24 | خليفة الطنيجي | ayat=43
  ✅ read=25 | داود حمزة | ayat=43
  ✅ read=30 | سعد الغامدي | ayat=43
  ✅ read=31 | سعود الشريم | ayat=44
  ✅ read=32 | سهل ياسين | ayat=44
  ✅ read=33 | زكي داغستاني | ayat=43
  ✅ read=38 | شيرزاد عبدالرحمن طاهر | ayat=43
  ✅ read=39 | صابر عبدالحكم | ayat=43
  ✅ read=40 | صالح الصاهود | ayat=43
  ✅ read=42 | صالح الهبدان | ayat=43
  ✅ read=43 | صلاح البدير | ayat=43
  ✅ read=44 | صلاح الهاشم | ayat=43
  ✅ read=46 | صلاح بو خاطر | ayat=43
  ✅ read=48 | عادل ريان | ayat=43
  ✅ read=49 | عبدالبارئ الثبيتي | ayat=43
  ✅ read=50 | عبدالبارئ محمد | ayat=43
  ✅ read=53 | عبدالباسط عبدالصمد | ayat=44
  ✅ read=54 | عبدالرحمن السديس | ayat=43
  ✅ read=55 | عبدالعزيز الأحمد | ayat=43
  ✅ read=56 | عبدالعزيز الزهراني | ayat=43
  ✅ read=58 | عبدالله البعيجان | ayat=43
  ✅ read=59 | عبدالله المطرود | ayat=43
  ✅ read=60 | عبدالله بصفر | ayat=44
  ✅ read=61 | عبدالله خياط | ayat=43
  ✅ read=62 | عبدالله عواد الجهني | ayat=44
  ✅ read=66 | عبدالمحسن الحارثي | ayat=43
  ✅ read=67 | عبدالمحسن القاسم | ayat=44
  ✅ read=69 | عبدالمحسن العبيكان | ayat=43
  ✅ read=70 | عبدالهادي أحمد كناكري | ayat=43
  ✅ read=71 | عبدالودود حنيف | ayat=43
  ✅ read=72 | عبدالولي الأركاني | ayat=43
  ✅ read=74 | علي بن عبدالرحمن الحذيفي | ayat=43
  ✅ read=76 | علي جابر | ayat=43
  ✅ read=77 | علي حجاج السويسي | ayat=44
  ✅ read=78 | عماد زهير حافظ | ayat=44
  ✅ read=81 | فارس عباد | ayat=43
  ✅ read=86 | ناصر القطامي | ayat=43
  ✅ read=87 | نبيل الرفاعي | ayat=43
  ✅ read=88 | نعمة الحسان | ayat=43
  ✅ read=89 | هاني الرفاعي | ayat=43
  ✅ read=92 | ياسر الدوسري | ayat=43
  ✅ read=106 | محمد الطبلاوي | ayat=44
  ✅ read=109 | محمد أيوب | ayat=43
  ✅ read=110 | محمد صالح عالم شاه | ayat=43
  ✅ read=112 | محمد صديق المنشاوي | ayat=44
  ✅ read=115 | محمد عبدالكريم | ayat=43
  ✅ read=118 | محمود خليل الحصري | ayat=44
  ✅ read=123 | مشاري العفاسي | ayat=43
  ✅ read=139 | ماجد الزامل | ayat=43
  ✅ read=159 | خالد المهنا | ayat=44
  ✅ read=181 | جمعان العصيمي | ayat=43
  ✅ read=193 | يوسف بن نوح أحمد | ayat=43
  ✅ read=198 | محمد رشاد الشريف | ayat=43
  ✅ read=201 | أحمد الطرابلسي | ayat=43
  ✅ read=203 | أحمد عامر | ayat=43
  ✅ read=217 | بندر بليله | ayat=43
  ✅ read=219 | وديع اليمني | ayat=43
  ✅ read=221 | رعد محمد الكردي | ayat=43
  ✅ read=225 | عبدالرحمن العوسي | ayat=43
  ✅ read=229 | محمد خليل القارئ | ayat=43
  ✅ read=232 | إبراهيم الدوسري | ayat=43
  ✅ read=236 | عبدالرحمن الماجد | ayat=43
  ✅ read=243 | عبدالله الموسى | ayat=43
  ✅ read=244 | عبدالله الخلف | ayat=43
  ✅ read=245 | منصور السالمي | ayat=43
  ✅ read=250 | محمد البخيت | ayat=43
  ✅ read=256 | أحمد خليل شاهين | ayat=43
  ✅ read=258 | عبدالرشيد صوفي | ayat=43
  ✅ read=259 | أحمد النفيس | ayat=43
  ✅ read=265 | أحمد ديبان | ayat=43
  ✅ read=268 | بيشه وا قادر الكردي | ayat=43
  ✅ read=273 | هيثم الدخين | ayat=43
  ✅ read=282 | عبدالعزيز التركي | ayat=43
  ✅ read=289 | أحمد عيسى المعصراوي | ayat=43
  ✅ read=294 | سيد أحمد هاشمي | ayat=43
  ✅ read=295 | خالد كريم محمدي | ayat=43
  ✅ read=299 | حسن صالح | ayat=43
  ✅ read=300 | صالح الشمراني | ayat=43
  ✅ read=303 | عيسى عمر سناكو | ayat=43
  ✅ read=314 | أنس العمادي | ayat=43
  ✅ read=340 | محمد برهجي | ayat=43
  ✅ read=10905 | حسن الدغريري | ayat=43
✅ تم إنشاء: timings_hafs_114/timing_013.json

📖 تحميل توقيتات السورة 014 ...
  ✅ read=1 | إبراهيم الأخضر | ayat=53
  ✅ read=3 | إبراهيم العسيري | ayat=52
  ✅ read=4 | شيخ أبو بكر الشاطري | ayat=52
  ✅ read=5 | أحمد بن علي العجمي | ayat=53
  ✅ read=6 | أحمد الحواشي | ayat=52
  ✅ read=8 | أحمد صابر | ayat=52
  ✅ read=9 | أحمد نعينع | ayat=53
  ✅ read=10 | أكرم العلاقمي | ayat=53
  ✅ read=12 | إدريس أبكر | ayat=52
  ✅ read=13 | الزين محمد أحمد | ayat=52
  ✅ read=17 | توفيق الصايغ | ayat=52
  ✅ read=20 | خالد الجليل | ayat=52
  ✅ read=21 | خالد القحطاني | ayat=52
  ✅ read=22 | خالد عبدالكافي | ayat=52
  ✅ read=24 | خليفة الطنيجي | ayat=52
  ✅ read=25 | داود حمزة | ayat=52
  ✅ read=30 | سعد الغامدي | ayat=52
  ✅ read=31 | سعود الشريم | ayat=53
  ✅ read=32 | سهل ياسين | ayat=53
  ✅ read=33 | زكي داغستاني | ayat=52
  ✅ read=38 | شيرزاد عبدالرحمن طاهر | ayat=52
  ✅ read=39 | صابر عبدالحكم | ayat=52
  ✅ read=40 | صالح الصاهود | ayat=52
  ✅ read=42 | صالح الهبدان | ayat=52
  ✅ read=43 | صلاح البدير | ayat=52
  ✅ read=44 | صلاح الهاشم | ayat=52
  ✅ read=46 | صلاح بو خاطر | ayat=52
  ✅ read=48 | عادل ريان | ayat=52
  ✅ read=49 | عبدالبارئ الثبيتي | ayat=52
  ✅ read=50 | عبدالبارئ محمد | ayat=52
  ✅ read=53 | عبدالباسط عبدالصمد | ayat=53
  ✅ read=54 | عبدالرحمن السديس | ayat=52
  ✅ read=55 | عبدالعزيز الأحمد | ayat=52
  ✅ read=56 | عبدالعزيز الزهراني | ayat=52
  ✅ read=58 | عبدالله البعيجان | ayat=52
  ✅ read=59 | عبدالله المطرود | ayat=52
  ✅ read=60 | عبدالله بصفر | ayat=53
  ✅ read=61 | عبدالله خياط | ayat=52
  ✅ read=62 | عبدالله عواد الجهني | ayat=53
  ✅ read=66 | عبدالمحسن الحارثي | ayat=52
  ✅ read=67 | عبدالمحسن القاسم | ayat=53
  ✅ read=69 | عبدالمحسن العبيكان | ayat=52
  ✅ read=70 | عبدالهادي أحمد كناكري | ayat=52
  ✅ read=71 | عبدالودود حنيف | ayat=52
  ✅ read=72 | عبدالولي الأركاني | ayat=52
  ✅ read=74 | علي بن عبدالرحمن الحذيفي | ayat=52
  ✅ read=76 | علي جابر | ayat=52
  ✅ read=77 | علي حجاج السويسي | ayat=53
  ✅ read=78 | عماد زهير حافظ | ayat=53
  ✅ read=81 | فارس عباد | ayat=52
  ✅ read=86 | ناصر القطامي | ayat=52
  ✅ read=87 | نبيل الرفاعي | ayat=52
  ✅ read=88 | نعمة الحسان | ayat=52
  ✅ read=89 | هاني الرفاعي | ayat=52
  ✅ read=92 | ياسر الدوسري | ayat=52
  ✅ read=106 | محمد الطبلاوي | ayat=53
  ✅ read=109 | محمد أيوب | ayat=52
  ✅ read=110 | محمد صالح عالم شاه | ayat=52
  ✅ read=112 | محمد صديق المنشاوي | ayat=53
  ✅ read=115 | محمد عبدالكريم | ayat=52
  ✅ read=118 | محمود خليل الحصري | ayat=53
  ✅ read=123 | مشاري العفاسي | ayat=52
  ✅ read=139 | ماجد الزامل | ayat=52
  ✅ read=159 | خالد المهنا | ayat=53
  ✅ read=181 | جمعان العصيمي | ayat=52
  ✅ read=193 | يوسف بن نوح أحمد | ayat=52
  ✅ read=198 | محمد رشاد الشريف | ayat=52
  ✅ read=201 | أحمد الطرابلسي | ayat=52
  ✅ read=203 | أحمد عامر | ayat=52
  ✅ read=217 | بندر بليله | ayat=52
  ✅ read=219 | وديع اليمني | ayat=52
  ✅ read=221 | رعد محمد الكردي | ayat=52
  ✅ read=225 | عبدالرحمن العوسي | ayat=52
  ✅ read=229 | محمد خليل القارئ | ayat=52
  ✅ read=232 | إبراهيم الدوسري | ayat=52
  ✅ read=236 | عبدالرحمن الماجد | ayat=52
  ✅ read=243 | عبدالله الموسى | ayat=52
  ✅ read=244 | عبدالله الخلف | ayat=52
  ✅ read=245 | منصور السالمي | ayat=52
  ✅ read=250 | محمد البخيت | ayat=52
  ✅ read=256 | أحمد خليل شاهين | ayat=52
  ✅ read=258 | عبدالرشيد صوفي | ayat=52
  ✅ read=259 | أحمد النفيس | ayat=52
  ✅ read=265 | أحمد ديبان | ayat=52
  ✅ read=268 | بيشه وا قادر الكردي | ayat=52
  ✅ read=273 | هيثم الدخين | ayat=52
  ✅ read=282 | عبدالعزيز التركي | ayat=52
  ✅ read=289 | أحمد عيسى المعصراوي | ayat=52
  ✅ read=294 | سيد أحمد هاشمي | ayat=52
  ✅ read=295 | خالد كريم محمدي | ayat=52
  ✅ read=299 | حسن صالح | ayat=52
  ✅ read=300 | صالح الشمراني | ayat=52
  ✅ read=303 | عيسى عمر سناكو | ayat=52
  ✅ read=314 | أنس العمادي | ayat=52
  ✅ read=340 | محمد برهجي | ayat=52
  ✅ read=10905 | حسن الدغريري | ayat=52
✅ تم إنشاء: timings_hafs_114/timing_014.json

📖 تحميل توقيتات السورة 015 ...
  ✅ read=1 | إبراهيم الأخضر | ayat=100
  ✅ read=3 | إبراهيم العسيري | ayat=99
  ✅ read=4 | شيخ أبو بكر الشاطري | ayat=99
  ✅ read=5 | أحمد بن علي العجمي | ayat=100
  ✅ read=6 | أحمد الحواشي | ayat=99
  ✅ read=8 | أحمد صابر | ayat=99
  ✅ read=9 | أحمد نعينع | ayat=100
  ✅ read=10 | أكرم العلاقمي | ayat=100
  ✅ read=12 | إدريس أبكر | ayat=99
  ✅ read=13 | الزين محمد أحمد | ayat=99
  ✅ read=17 | توفيق الصايغ | ayat=99
  ✅ read=20 | خالد الجليل | ayat=99
  ✅ read=21 | خالد القحطاني | ayat=99
  ✅ read=22 | خالد عبدالكافي | ayat=99
  ✅ read=24 | خليفة الطنيجي | ayat=99
  ✅ read=25 | داود حمزة | ayat=99
  ✅ read=30 | سعد الغامدي | ayat=99
  ✅ read=31 | سعود الشريم | ayat=100
  ✅ read=32 | سهل ياسين | ayat=100
  ✅ read=33 | زكي داغستاني | ayat=99
  ✅ read=38 | شيرزاد عبدالرحمن طاهر | ayat=99
  ✅ read=39 | صابر عبدالحكم | ayat=99
  ✅ read=40 | صالح الصاهود | ayat=99
  ✅ read=42 | صالح الهبدان | ayat=99
  ✅ read=43 | صلاح البدير | ayat=99
  ✅ read=44 | صلاح الهاشم | ayat=99
  ✅ read=46 | صلاح بو خاطر | ayat=99
  ✅ read=48 | عادل ريان | ayat=99
  ✅ read=49 | عبدالبارئ الثبيتي | ayat=99
  ✅ read=50 | عبدالبارئ محمد | ayat=99
  ✅ read=53 | عبدالباسط عبدالصمد | ayat=100
  ✅ read=54 | عبدالرحمن السديس | ayat=99
  ✅ read=55 | عبدالعزيز الأحمد | ayat=99
  ✅ read=56 | عبدالعزيز الزهراني | ayat=99
  ✅ read=58 | عبدالله البعيجان | ayat=99
  ✅ read=59 | عبدالله المطرود | ayat=99
  ✅ read=60 | عبدالله بصفر | ayat=100
  ✅ read=61 | عبدالله خياط | ayat=99
  ✅ read=62 | عبدالله عواد الجهني | ayat=100
  ✅ read=66 | عبدالمحسن الحارثي | ayat=99
  ✅ read=67 | عبدالمحسن القاسم | ayat=100
  ✅ read=69 | عبدالمحسن العبيكان | ayat=99
  ✅ read=70 | عبدالهادي أحمد كناكري | ayat=99
  ✅ read=71 | عبدالودود حنيف | ayat=99
  ✅ read=72 | عبدالولي الأركاني | ayat=99
  ✅ read=74 | علي بن عبدالرحمن الحذيفي | ayat=99
  ✅ read=76 | علي جابر | ayat=99
  ✅ read=77 | علي حجاج السويسي | ayat=100
  ✅ read=78 | عماد زهير حافظ | ayat=100
  ✅ read=81 | فارس عباد | ayat=99
  ✅ read=86 | ناصر القطامي | ayat=99
  ✅ read=87 | نبيل الرفاعي | ayat=99
  ✅ read=88 | نعمة الحسان | ayat=99
  ✅ read=89 | هاني الرفاعي | ayat=99
  ✅ read=92 | ياسر الدوسري | ayat=99
  ✅ read=106 | محمد الطبلاوي | ayat=100
  ✅ read=109 | محمد أيوب | ayat=99
  ✅ read=110 | محمد صالح عالم شاه | ayat=99
  ✅ read=112 | محمد صديق المنشاوي | ayat=100
  ✅ read=115 | محمد عبدالكريم | ayat=99
  ✅ read=118 | محمود خليل الحصري | ayat=100
  ✅ read=123 | مشاري العفاسي | ayat=99
  ✅ read=139 | ماجد الزامل | ayat=99
  ✅ read=159 | خالد المهنا | ayat=100
  ✅ read=181 | جمعان العصيمي | ayat=99
  ✅ read=193 | يوسف بن نوح أحمد | ayat=99
  ✅ read=198 | محمد رشاد الشريف | ayat=99
  ✅ read=201 | أحمد الطرابلسي | ayat=99
  ✅ read=203 | أحمد عامر | ayat=99
  ✅ read=217 | بندر بليله | ayat=99
  ✅ read=219 | وديع اليمني | ayat=99
  ✅ read=221 | رعد محمد الكردي | ayat=99
  ✅ read=225 | عبدالرحمن العوسي | ayat=99
  ✅ read=229 | محمد خليل القارئ | ayat=99
  ✅ read=232 | إبراهيم الدوسري | ayat=99
  ✅ read=236 | عبدالرحمن الماجد | ayat=99
  ✅ read=243 | عبدالله الموسى | ayat=99
  ✅ read=244 | عبدالله الخلف | ayat=99
  ✅ read=245 | منصور السالمي | ayat=99
  ✅ read=250 | محمد البخيت | ayat=99
  ✅ read=256 | أحمد خليل شاهين | ayat=99
  ✅ read=258 | عبدالرشيد صوفي | ayat=99
  ✅ read=259 | أحمد النفيس | ayat=99
  ✅ read=265 | أحمد ديبان | ayat=99
  ✅ read=268 | بيشه وا قادر الكردي | ayat=99
  ✅ read=273 | هيثم الدخين | ayat=99
  ✅ read=282 | عبدالعزيز التركي | ayat=99
  ✅ read=289 | أحمد عيسى المعصراوي | ayat=99
  ✅ read=294 | سيد أحمد هاشمي | ayat=99
  ✅ read=295 | خالد كريم محمدي | ayat=99
  ✅ read=299 | حسن صالح | ayat=99
  ✅ read=300 | صالح الشمراني | ayat=99
  ✅ read=303 | عيسى عمر سناكو | ayat=99
  ✅ read=314 | أنس العمادي | ayat=99
  ✅ read=340 | محمد برهجي | ayat=99
  ✅ read=10905 | حسن الدغريري | ayat=99
✅ تم إنشاء: timings_hafs_114/timing_015.json

📖 تحميل توقيتات السورة 016 ...
  ✅ read=1 | إبراهيم الأخضر | ayat=129
  ✅ read=3 | إبراهيم العسيري | ayat=128
  ✅ read=4 | شيخ أبو بكر الشاطري | ayat=128
  ✅ read=5 | أحمد بن علي العجمي | ayat=129
  ✅ read=6 | أحمد الحواشي | ayat=128
  ✅ read=8 | أحمد صابر | ayat=128
  ✅ read=9 | أحمد نعينع | ayat=129
  ✅ read=10 | أكرم العلاقمي | ayat=129
  ✅ read=12 | إدريس أبكر | ayat=128
  ✅ read=13 | الزين محمد أحمد | ayat=128
  ✅ read=17 | توفيق الصايغ | ayat=128
  ✅ read=20 | خالد الجليل | ayat=128
  ✅ read=21 | خالد القحطاني | ayat=128
  ✅ read=22 | خالد عبدالكافي | ayat=128
  ✅ read=24 | خليفة الطنيجي | ayat=128
  ✅ read=25 | داود حمزة | ayat=128
  ✅ read=30 | سعد الغامدي | ayat=128
  ✅ read=31 | سعود الشريم | ayat=129
  ✅ read=32 | سهل ياسين | ayat=129
  ✅ read=33 | زكي داغستاني | ayat=128
  ✅ read=38 | شيرزاد عبدالرحمن طاهر | ayat=128
  ✅ read=39 | صابر عبدالحكم | ayat=128
  ✅ read=40 | صالح الصاهود | ayat=128
  ✅ read=42 | صالح الهبدان | ayat=128
  ✅ read=43 | صلاح البدير | ayat=128
  ✅ read=44 | صلاح الهاشم | ayat=128
  ✅ read=46 | صلاح بو خاطر | ayat=128
  ✅ read=48 | عادل ريان | ayat=128
  ✅ read=49 | عبدالبارئ الثبيتي | ayat=128
  ✅ read=50 | عبدالبارئ محمد | ayat=128
  ✅ read=53 | عبدالباسط عبدالصمد | ayat=129
  ✅ read=54 | عبدالرحمن السديس | ayat=128
  ✅ read=55 | عبدالعزيز الأحمد | ayat=128
  ✅ read=56 | عبدالعزيز الزهراني | ayat=128
  ✅ read=58 | عبدالله البعيجان | ayat=128
  ✅ read=59 | عبدالله المطرود | ayat=128
  ✅ read=60 | عبدالله بصفر | ayat=129
  ✅ read=61 | عبدالله خياط | ayat=128
  ✅ read=62 | عبدالله عواد الجهني | ayat=129
  ✅ read=66 | عبدالمحسن الحارثي | ayat=128
  ✅ read=67 | عبدالمحسن القاسم | ayat=129
  ✅ read=69 | عبدالمحسن العبيكان | ayat=128
  ✅ read=70 | عبدالهادي أحمد كناكري | ayat=128
  ✅ read=71 | عبدالودود حنيف | ayat=128
  ✅ read=72 | عبدالولي الأركاني | ayat=128
  ✅ read=74 | علي بن عبدالرحمن الحذيفي | ayat=128
  ✅ read=76 | علي جابر | ayat=128
  ✅ read=77 | علي حجاج السويسي | ayat=129
  ✅ read=78 | عماد زهير حافظ | ayat=129
  ✅ read=81 | فارس عباد | ayat=128
  ✅ read=86 | ناصر القطامي | ayat=128
  ✅ read=87 | نبيل الرفاعي | ayat=128
  ✅ read=88 | نعمة الحسان | ayat=128
  ✅ read=89 | هاني الرفاعي | ayat=128
  ✅ read=92 | ياسر الدوسري | ayat=128
  ✅ read=106 | محمد الطبلاوي | ayat=129
  ✅ read=109 | محمد أيوب | ayat=128
  ✅ read=110 | محمد صالح عالم شاه | ayat=128
  ✅ read=112 | محمد صديق المنشاوي | ayat=129
  ✅ read=115 | محمد عبدالكريم | ayat=128
  ✅ read=118 | محمود خليل الحصري | ayat=129
  ✅ read=123 | مشاري العفاسي | ayat=128
  ✅ read=139 | ماجد الزامل | ayat=128
  ✅ read=159 | خالد المهنا | ayat=129
  ✅ read=181 | جمعان العصيمي | ayat=128
  ✅ read=193 | يوسف بن نوح أحمد | ayat=128
  ✅ read=198 | محمد رشاد الشريف | ayat=128
  ✅ read=201 | أحمد الطرابلسي | ayat=128
  ✅ read=203 | أحمد عامر | ayat=128
  ✅ read=217 | بندر بليله | ayat=128
  ✅ read=219 | وديع اليمني | ayat=128
  ✅ read=221 | رعد محمد الكردي | ayat=128
  ✅ read=225 | عبدالرحمن العوسي | ayat=128
  ✅ read=229 | محمد خليل القارئ | ayat=128
  ✅ read=232 | إبراهيم الدوسري | ayat=128
  ✅ read=236 | عبدالرحمن الماجد | ayat=128
  ✅ read=243 | عبدالله الموسى | ayat=128
  ✅ read=244 | عبدالله الخلف | ayat=128
  ✅ read=245 | منصور السالمي | ayat=128
  ✅ read=250 | محمد البخيت | ayat=128
  ✅ read=256 | أحمد خليل شاهين | ayat=128
  ✅ read=258 | عبدالرشيد صوفي | ayat=128
  ✅ read=259 | أحمد النفيس | ayat=128
  ✅ read=265 | أحمد ديبان | ayat=128
  ✅ read=268 | بيشه وا قادر الكردي | ayat=128
  ✅ read=273 | هيثم الدخين | ayat=128
  ✅ read=282 | عبدالعزيز التركي | ayat=128
  ✅ read=289 | أحمد عيسى المعصراوي | ayat=128
  ✅ read=294 | سيد أحمد هاشمي | ayat=128
  ✅ read=295 | خالد كريم محمدي | ayat=128
  ✅ read=299 | حسن صالح | ayat=128
  ✅ read=300 | صالح الشمراني | ayat=128
  ✅ read=303 | عيسى عمر سناكو | ayat=128
  ✅ read=314 | أنس العمادي | ayat=128
  ✅ read=340 | محمد برهجي | ayat=128
  ✅ read=10905 | حسن الدغريري | ayat=128
✅ تم إنشاء: timings_hafs_114/timing_016.json

📖 تحميل توقيتات السورة 017 ...
  ✅ read=1 | إبراهيم الأخضر | ayat=112
  ✅ read=3 | إبراهيم العسيري | ayat=111
  ✅ read=4 | شيخ أبو بكر الشاطري | ayat=111
  ✅ read=5 | أحمد بن علي العجمي | ayat=112
  ✅ read=6 | أحمد الحواشي | ayat=111
  ✅ read=8 | أحمد صابر | ayat=111
  ✅ read=9 | أحمد نعينع | ayat=112
  ✅ read=10 | أكرم العلاقمي | ayat=112
  ✅ read=12 | إدريس أبكر | ayat=111
  ✅ read=13 | الزين محمد أحمد | ayat=111
  ✅ read=17 | توفيق الصايغ | ayat=111
  ✅ read=20 | خالد الجليل | ayat=111
  ✅ read=21 | خالد القحطاني | ayat=111
  ✅ read=22 | خالد عبدالكافي | ayat=111
  ✅ read=24 | خليفة الطنيجي | ayat=111
  ✅ read=25 | داود حمزة | ayat=111
  ✅ read=30 | سعد الغامدي | ayat=111
  ✅ read=31 | سعود الشريم | ayat=112
  ✅ read=32 | سهل ياسين | ayat=112
  ✅ read=33 | زكي داغستاني | ayat=111
  ✅ read=38 | شيرزاد عبدالرحمن طاهر | ayat=111
  ✅ read=39 | صابر عبدالحكم | ayat=111
  ✅ read=40 | صالح الصاهود | ayat=111
  ✅ read=42 | صالح الهبدان | ayat=111
  ✅ read=43 | صلاح البدير | ayat=111
  ✅ read=44 | صلاح الهاشم | ayat=111
  ✅ read=46 | صلاح بو خاطر | ayat=111
  ✅ read=48 | عادل ريان | ayat=111
  ✅ read=49 | عبدالبارئ الثبيتي | ayat=111
  ✅ read=50 | عبدالبارئ محمد | ayat=111
  ✅ read=53 | عبدالباسط عبدالصمد | ayat=112
  ✅ read=54 | عبدالرحمن السديس | ayat=111
  ✅ read=55 | عبدالعزيز الأحمد | ayat=111
  ✅ read=56 | عبدالعزيز الزهراني | ayat=111
  ✅ read=58 | عبدالله البعيجان | ayat=111
  ✅ read=59 | عبدالله المطرود | ayat=111
  ✅ read=60 | عبدالله بصفر | ayat=112
  ✅ read=61 | عبدالله خياط | ayat=111
  ✅ read=62 | عبدالله عواد الجهني | ayat=112
  ✅ read=66 | عبدالمحسن الحارثي | ayat=111
  ✅ read=67 | عبدالمحسن القاسم | ayat=112
  ✅ read=69 | عبدالمحسن العبيكان | ayat=111
  ✅ read=70 | عبدالهادي أحمد كناكري | ayat=111
  ✅ read=71 | عبدالودود حنيف | ayat=111
  ✅ read=72 | عبدالولي الأركاني | ayat=111
  ✅ read=74 | علي بن عبدالرحمن الحذيفي | ayat=111
  ✅ read=76 | علي جابر | ayat=111
  ✅ read=77 | علي حجاج السويسي | ayat=112
  ✅ read=78 | عماد زهير حافظ | ayat=112
  ✅ read=81 | فارس عباد | ayat=111
  ✅ read=86 | ناصر القطامي | ayat=111
  ✅ read=87 | نبيل الرفاعي | ayat=111
  ✅ read=88 | نعمة الحسان | ayat=111
  ✅ read=89 | هاني الرفاعي | ayat=111
  ✅ read=92 | ياسر الدوسري | ayat=111
  ✅ read=106 | محمد الطبلاوي | ayat=112
  ✅ read=109 | محمد أيوب | ayat=111
  ✅ read=110 | محمد صالح عالم شاه | ayat=111
  ✅ read=112 | محمد صديق المنشاوي | ayat=112
  ✅ read=115 | محمد عبدالكريم | ayat=111
  ✅ read=118 | محمود خليل الحصري | ayat=112
  ✅ read=123 | مشاري العفاسي | ayat=111
  ✅ read=139 | ماجد الزامل | ayat=111
  ✅ read=159 | خالد المهنا | ayat=112
  ✅ read=181 | جمعان العصيمي | ayat=111
  ✅ read=193 | يوسف بن نوح أحمد | ayat=111
  ✅ read=198 | محمد رشاد الشريف | ayat=111
  ✅ read=201 | أحمد الطرابلسي | ayat=111
  ✅ read=203 | أحمد عامر | ayat=111
  ✅ read=217 | بندر بليله | ayat=111
  ✅ read=219 | وديع اليمني | ayat=111
  ✅ read=221 | رعد محمد الكردي | ayat=111
  ✅ read=225 | عبدالرحمن العوسي | ayat=111
  ✅ read=229 | محمد خليل القارئ | ayat=111
  ✅ read=232 | إبراهيم الدوسري | ayat=111
  ✅ read=236 | عبدالرحمن الماجد | ayat=111
  ✅ read=243 | عبدالله الموسى | ayat=111
  ✅ read=244 | عبدالله الخلف | ayat=111
  ✅ read=245 | منصور السالمي | ayat=111
  ✅ read=250 | محمد البخيت | ayat=111
  ✅ read=256 | أحمد خليل شاهين | ayat=111
  ✅ read=258 | عبدالرشيد صوفي | ayat=111
  ✅ read=259 | أحمد النفيس | ayat=111
  ✅ read=265 | أحمد ديبان | ayat=111
  ✅ read=268 | بيشه وا قادر الكردي | ayat=111
  ✅ read=273 | هيثم الدخين | ayat=111
  ✅ read=282 | عبدالعزيز التركي | ayat=111
  ✅ read=289 | أحمد عيسى المعصراوي | ayat=111
  ✅ read=294 | سيد أحمد هاشمي | ayat=111
  ✅ read=295 | خالد كريم محمدي | ayat=111
  ✅ read=299 | حسن صالح | ayat=111
  ✅ read=300 | صالح الشمراني | ayat=111
  ✅ read=303 | عيسى عمر سناكو | ayat=111
  ✅ read=314 | أنس العمادي | ayat=111
  ✅ read=340 | محمد برهجي | ayat=111
  ✅ read=10905 | حسن الدغريري | ayat=111
✅ تم إنشاء: timings_hafs_114/timing_017.json

📖 تحميل توقيتات السورة 018 ...
  ✅ read=1 | إبراهيم الأخضر | ayat=111
  ✅ read=3 | إبراهيم العسيري | ayat=110
  ✅ read=4 | شيخ أبو بكر الشاطري | ayat=110
  ✅ read=5 | أحمد بن علي العجمي | ayat=111
  ✅ read=6 | أحمد الحواشي | ayat=110
  ✅ read=8 | أحمد صابر | ayat=110
  ✅ read=9 | أحمد نعينع | ayat=111
  ✅ read=10 | أكرم العلاقمي | ayat=111
  ✅ read=12 | إدريس أبكر | ayat=110
  ✅ read=13 | الزين محمد أحمد | ayat=110
  ✅ read=17 | توفيق الصايغ | ayat=110
  ✅ read=20 | خالد الجليل | ayat=110
  ✅ read=21 | خالد القحطاني | ayat=110
  ✅ read=22 | خالد عبدالكافي | ayat=110
  ✅ read=24 | خليفة الطنيجي | ayat=110
  ✅ read=25 | داود حمزة | ayat=110
  ✅ read=30 | سعد الغامدي | ayat=110
  ✅ read=31 | سعود الشريم | ayat=111
  ✅ read=32 | سهل ياسين | ayat=111
  ✅ read=33 | زكي داغستاني | ayat=110
  ✅ read=38 | شيرزاد عبدالرحمن طاهر | ayat=110
  ✅ read=39 | صابر عبدالحكم | ayat=110
  ✅ read=40 | صالح الصاهود | ayat=110
  ✅ read=42 | صالح الهبدان | ayat=110
  ✅ read=43 | صلاح البدير | ayat=110
  ✅ read=44 | صلاح الهاشم | ayat=110
  ✅ read=46 | صلاح بو خاطر | ayat=110
  ✅ read=48 | عادل ريان | ayat=110
  ✅ read=49 | عبدالبارئ الثبيتي | ayat=110
  ✅ read=50 | عبدالبارئ محمد | ayat=110
  ✅ read=53 | عبدالباسط عبدالصمد | ayat=111
  ✅ read=54 | عبدالرحمن السديس | ayat=110
  ✅ read=55 | عبدالعزيز الأحمد | ayat=110
  ✅ read=56 | عبدالعزيز الزهراني | ayat=110
  ✅ read=58 | عبدالله البعيجان | ayat=110
  ✅ read=59 | عبدالله المطرود | ayat=110
  ✅ read=60 | عبدالله بصفر | ayat=111
  ✅ read=61 | عبدالله خياط | ayat=110
  ✅ read=62 | عبدالله عواد الجهني | ayat=111
  ✅ read=66 | عبدالمحسن الحارثي | ayat=110
  ✅ read=67 | عبدالمحسن القاسم | ayat=111
  ✅ read=69 | عبدالمحسن العبيكان | ayat=110
  ✅ read=70 | عبدالهادي أحمد كناكري | ayat=110
  ✅ read=71 | عبدالودود حنيف | ayat=110
  ✅ read=72 | عبدالولي الأركاني | ayat=110
  ✅ read=74 | علي بن عبدالرحمن الحذيفي | ayat=110
  ✅ read=76 | علي جابر | ayat=110
  ✅ read=77 | علي حجاج السويسي | ayat=111
  ✅ read=78 | عماد زهير حافظ | ayat=111
  ✅ read=81 | فارس عباد | ayat=110
  ✅ read=86 | ناصر القطامي | ayat=110
  ✅ read=87 | نبيل الرفاعي | ayat=110
  ✅ read=88 | نعمة الحسان | ayat=110
  ✅ read=89 | هاني الرفاعي | ayat=110
  ✅ read=92 | ياسر الدوسري | ayat=110
  ✅ read=106 | محمد الطبلاوي | ayat=111
  ✅ read=109 | محمد أيوب | ayat=110
  ✅ read=110 | محمد صالح عالم شاه | ayat=110
  ✅ read=112 | محمد صديق المنشاوي | ayat=111
  ✅ read=115 | محمد عبدالكريم | ayat=110
  ✅ read=118 | محمود خليل الحصري | ayat=111
  ✅ read=123 | مشاري العفاسي | ayat=110
  ✅ read=139 | ماجد الزامل | ayat=110
  ✅ read=159 | خالد المهنا | ayat=111
  ✅ read=181 | جمعان العصيمي | ayat=110
  ✅ read=193 | يوسف بن نوح أحمد | ayat=110
  ✅ read=198 | محمد رشاد الشريف | ayat=110
  ✅ read=201 | أحمد الطرابلسي | ayat=110
  ✅ read=203 | أحمد عامر | ayat=110
  ✅ read=217 | بندر بليله | ayat=110
  ✅ read=219 | وديع اليمني | ayat=110
  ✅ read=221 | رعد محمد الكردي | ayat=110
  ✅ read=225 | عبدالرحمن العوسي | ayat=110
  ✅ read=229 | محمد خليل القارئ | ayat=110
  ✅ read=232 | إبراهيم الدوسري | ayat=110
  ✅ read=236 | عبدالرحمن الماجد | ayat=110
  ✅ read=243 | عبدالله الموسى | ayat=110
  ✅ read=244 | عبدالله الخلف | ayat=110
  ✅ read=245 | منصور السالمي | ayat=110
  ✅ read=250 | محمد البخيت | ayat=110
  ✅ read=256 | أحمد خليل شاهين | ayat=110
  ✅ read=258 | عبدالرشيد صوفي | ayat=110
  ✅ read=259 | أحمد النفيس | ayat=110
  ✅ read=265 | أحمد ديبان | ayat=110
  ✅ read=268 | بيشه وا قادر الكردي | ayat=110
  ✅ read=273 | هيثم الدخين | ayat=110
  ✅ read=282 | عبدالعزيز التركي | ayat=110
  ✅ read=289 | أحمد عيسى المعصراوي | ayat=110
  ✅ read=294 | سيد أحمد هاشمي | ayat=110
  ✅ read=295 | خالد كريم محمدي | ayat=110
  ✅ read=299 | حسن صالح | ayat=110
  ✅ read=300 | صالح الشمراني | ayat=110
  ✅ read=303 | عيسى عمر سناكو | ayat=110
  ✅ read=314 | أنس العمادي | ayat=110
  ✅ read=340 | محمد برهجي | ayat=110
  ✅ read=10905 | حسن الدغريري | ayat=110
✅ تم إنشاء: timings_hafs_114/timing_018.json

📖 تحميل توقيتات السورة 019 ...
  ✅ read=1 | إبراهيم الأخضر | ayat=99
  ✅ read=3 | إبراهيم العسيري | ayat=98
  ✅ read=4 | شيخ أبو بكر الشاطري | ayat=98
  ✅ read=5 | أحمد بن علي العجمي | ayat=99
  ✅ read=6 | أحمد الحواشي | ayat=98
  ✅ read=8 | أحمد صابر | ayat=98
  ✅ read=9 | أحمد نعينع | ayat=99
  ✅ read=10 | أكرم العلاقمي | ayat=99
  ✅ read=12 | إدريس أبكر | ayat=98
  ✅ read=13 | الزين محمد أحمد | ayat=98
  ✅ read=17 | توفيق الصايغ | ayat=98
  ✅ read=20 | خالد الجليل | ayat=98
  ✅ read=21 | خالد القحطاني | ayat=98
  ✅ read=22 | خالد عبدالكافي | ayat=98
  ✅ read=24 | خليفة الطنيجي | ayat=98
  ✅ read=25 | داود حمزة | ayat=98
  ✅ read=30 | سعد الغامدي | ayat=98
  ✅ read=31 | سعود الشريم | ayat=99
  ✅ read=32 | سهل ياسين | ayat=99
  ✅ read=33 | زكي داغستاني | ayat=98
  ✅ read=38 | شيرزاد عبدالرحمن طاهر | ayat=98
  ✅ read=39 | صابر عبدالحكم | ayat=98
  ✅ read=40 | صالح الصاهود | ayat=98
  ✅ read=42 | صالح الهبدان | ayat=98
  ✅ read=43 | صلاح البدير | ayat=98
  ✅ read=44 | صلاح الهاشم | ayat=98
  ✅ read=46 | صلاح بو خاطر | ayat=98
  ✅ read=48 | عادل ريان | ayat=98
  ✅ read=49 | عبدالبارئ الثبيتي | ayat=98
  ✅ read=50 | عبدالبارئ محمد | ayat=98
  ✅ read=53 | عبدالباسط عبدالصمد | ayat=99
  ✅ read=54 | عبدالرحمن السديس | ayat=98
  ✅ read=55 | عبدالعزيز الأحمد | ayat=98
  ✅ read=56 | عبدالعزيز الزهراني | ayat=98
  ✅ read=58 | عبدالله البعيجان | ayat=98
  ✅ read=59 | عبدالله المطرود | ayat=98
  ✅ read=60 | عبدالله بصفر | ayat=99
  ✅ read=61 | عبدالله خياط | ayat=98
  ✅ read=62 | عبدالله عواد الجهني | ayat=99
  ✅ read=66 | عبدالمحسن الحارثي | ayat=98
  ✅ read=67 | عبدالمحسن القاسم | ayat=99
  ✅ read=69 | عبدالمحسن العبيكان | ayat=98
  ✅ read=70 | عبدالهادي أحمد كناكري | ayat=98
  ✅ read=71 | عبدالودود حنيف | ayat=98
  ✅ read=72 | عبدالولي الأركاني | ayat=98
  ✅ read=74 | علي بن عبدالرحمن الحذيفي | ayat=98
  ✅ read=76 | علي جابر | ayat=98
  ✅ read=77 | علي حجاج السويسي | ayat=99
  ✅ read=78 | عماد زهير حافظ | ayat=99
  ✅ read=81 | فارس عباد | ayat=98
  ✅ read=86 | ناصر القطامي | ayat=98
  ✅ read=87 | نبيل الرفاعي | ayat=98
  ✅ read=88 | نعمة الحسان | ayat=98
  ✅ read=89 | هاني الرفاعي | ayat=98
  ✅ read=92 | ياسر الدوسري | ayat=98
  ✅ read=106 | محمد الطبلاوي | ayat=99
  ✅ read=109 | محمد أيوب | ayat=98
  ✅ read=110 | محمد صالح عالم شاه | ayat=98
  ✅ read=112 | محمد صديق المنشاوي | ayat=99
  ✅ read=115 | محمد عبدالكريم | ayat=98
  ✅ read=118 | محمود خليل الحصري | ayat=99
  ✅ read=123 | مشاري العفاسي | ayat=98
  ✅ read=139 | ماجد الزامل | ayat=98
  ✅ read=159 | خالد المهنا | ayat=99
  ✅ read=181 | جمعان العصيمي | ayat=98
  ✅ read=193 | يوسف بن نوح أحمد | ayat=98
  ✅ read=198 | محمد رشاد الشريف | ayat=98
  ✅ read=201 | أحمد الطرابلسي | ayat=98
  ✅ read=203 | أحمد عامر | ayat=98
  ✅ read=217 | بندر بليله | ayat=98
  ✅ read=219 | وديع اليمني | ayat=98
  ✅ read=221 | رعد محمد الكردي | ayat=98
  ✅ read=225 | عبدالرحمن العوسي | ayat=98
  ✅ read=229 | محمد خليل القارئ | ayat=98
  ✅ read=232 | إبراهيم الدوسري | ayat=98
  ✅ read=236 | عبدالرحمن الماجد | ayat=98
  ✅ read=243 | عبدالله الموسى | ayat=98
  ✅ read=244 | عبدالله الخلف | ayat=98
  ✅ read=245 | منصور السالمي | ayat=98
  ✅ read=250 | محمد البخيت | ayat=98
  ✅ read=256 | أحمد خليل شاهين | ayat=98
  ✅ read=258 | عبدالرشيد صوفي | ayat=98
  ✅ read=259 | أحمد النفيس | ayat=98
  ✅ read=265 | أحمد ديبان | ayat=98
  ✅ read=268 | بيشه وا قادر الكردي | ayat=98
  ✅ read=273 | هيثم الدخين | ayat=98
  ✅ read=282 | عبدالعزيز التركي | ayat=98
  ✅ read=289 | أحمد عيسى المعصراوي | ayat=98
  ✅ read=294 | سيد أحمد هاشمي | ayat=98
  ✅ read=295 | خالد كريم محمدي | ayat=98
  ✅ read=299 | حسن صالح | ayat=98
  ✅ read=300 | صالح الشمراني | ayat=98
  ✅ read=303 | عيسى عمر سناكو | ayat=98
  ✅ read=314 | أنس العمادي | ayat=98
  ✅ read=340 | محمد برهجي | ayat=98
  ✅ read=10905 | حسن الدغريري | ayat=98
✅ تم إنشاء: timings_hafs_114/timing_019.json

📖 تحميل توقيتات السورة 020 ...
  ✅ read=1 | إبراهيم الأخضر | ayat=136
  ✅ read=3 | إبراهيم العسيري | ayat=135
  ✅ read=4 | شيخ أبو بكر الشاطري | ayat=135
  ✅ read=5 | أحمد بن علي العجمي | ayat=136
  ✅ read=6 | أحمد الحواشي | ayat=135
  ✅ read=8 | أحمد صابر | ayat=135
  ✅ read=9 | أحمد نعينع | ayat=136
  ✅ read=10 | أكرم العلاقمي | ayat=136
  ✅ read=12 | إدريس أبكر | ayat=135
  ✅ read=13 | الزين محمد أحمد | ayat=135
  ✅ read=17 | توفيق الصايغ | ayat=135
  ✅ read=20 | خالد الجليل | ayat=135
  ✅ read=21 | خالد القحطاني | ayat=135
  ✅ read=22 | خالد عبدالكافي | ayat=135
  ✅ read=24 | خليفة الطنيجي | ayat=135
  ✅ read=25 | داود حمزة | ayat=135
  ✅ read=30 | سعد الغامدي | ayat=135
  ✅ read=31 | سعود الشريم | ayat=136
  ✅ read=32 | سهل ياسين | ayat=136
  ✅ read=33 | زكي داغستاني | ayat=135
  ✅ read=38 | شيرزاد عبدالرحمن طاهر | ayat=135
  ✅ read=39 | صابر عبدالحكم | ayat=135
  ✅ read=40 | صالح الصاهود | ayat=135
  ✅ read=42 | صالح الهبدان | ayat=135
  ✅ read=43 | صلاح البدير | ayat=135
  ✅ read=44 | صلاح الهاشم | ayat=135
  ✅ read=46 | صلاح بو خاطر | ayat=135
  ✅ read=48 | عادل ريان | ayat=135
  ✅ read=49 | عبدالبارئ الثبيتي | ayat=135
  ✅ read=50 | عبدالبارئ محمد | ayat=135
  ✅ read=53 | عبدالباسط عبدالصمد | ayat=136
  ✅ read=54 | عبدالرحمن السديس | ayat=135
  ✅ read=55 | عبدالعزيز الأحمد | ayat=135
  ✅ read=56 | عبدالعزيز الزهراني | ayat=135
  ✅ read=58 | عبدالله البعيجان | ayat=135
  ✅ read=59 | عبدالله المطرود | ayat=135
  ✅ read=60 | عبدالله بصفر | ayat=136
  ✅ read=61 | عبدالله خياط | ayat=135
  ✅ read=62 | عبدالله عواد الجهني | ayat=136
  ✅ read=66 | عبدالمحسن الحارثي | ayat=135
  ✅ read=67 | عبدالمحسن القاسم | ayat=136
  ✅ read=69 | عبدالمحسن العبيكان | ayat=135
  ✅ read=70 | عبدالهادي أحمد كناكري | ayat=135
  ✅ read=71 | عبدالودود حنيف | ayat=135
  ✅ read=72 | عبدالولي الأركاني | ayat=135
  ✅ read=74 | علي بن عبدالرحمن الحذيفي | ayat=135
  ✅ read=76 | علي جابر | ayat=135
  ✅ read=77 | علي حجاج السويسي | ayat=136
  ✅ read=78 | عماد زهير حافظ | ayat=136
  ✅ read=81 | فارس عباد | ayat=135
  ✅ read=86 | ناصر القطامي | ayat=135
  ✅ read=87 | نبيل الرفاعي | ayat=135
  ✅ read=88 | نعمة الحسان | ayat=135
  ✅ read=89 | هاني الرفاعي | ayat=135
  ✅ read=92 | ياسر الدوسري | ayat=135
  ✅ read=106 | محمد الطبلاوي | ayat=136
  ✅ read=109 | محمد أيوب | ayat=135
  ✅ read=110 | محمد صالح عالم شاه | ayat=135
  ✅ read=112 | محمد صديق المنشاوي | ayat=136
  ✅ read=115 | محمد عبدالكريم | ayat=135
  ✅ read=118 | محمود خليل الحصري | ayat=136
  ✅ read=123 | مشاري العفاسي | ayat=135
  ✅ read=139 | ماجد الزامل | ayat=135
  ✅ read=159 | خالد المهنا | ayat=136
  ✅ read=181 | جمعان العصيمي | ayat=135
  ✅ read=193 | يوسف بن نوح أحمد | ayat=135
  ✅ read=198 | محمد رشاد الشريف | ayat=135
  ✅ read=201 | أحمد الطرابلسي | ayat=135
  ✅ read=203 | أحمد عامر | ayat=135
  ✅ read=217 | بندر بليله | ayat=135
  ✅ read=219 | وديع اليمني | ayat=135
  ✅ read=221 | رعد محمد الكردي | ayat=135
  ✅ read=225 | عبدالرحمن العوسي | ayat=135
  ✅ read=229 | محمد خليل القارئ | ayat=135
  ✅ read=232 | إبراهيم الدوسري | ayat=135
  ✅ read=236 | عبدالرحمن الماجد | ayat=135
  ✅ read=243 | عبدالله الموسى | ayat=135
  ✅ read=244 | عبدالله الخلف | ayat=135
  ✅ read=245 | منصور السالمي | ayat=135
  ✅ read=250 | محمد البخيت | ayat=135
  ✅ read=256 | أحمد خليل شاهين | ayat=135
  ✅ read=258 | عبدالرشيد صوفي | ayat=135
  ✅ read=259 | أحمد النفيس | ayat=135
  ✅ read=265 | أحمد ديبان | ayat=135
  ✅ read=268 | بيشه وا قادر الكردي | ayat=135
  ✅ read=273 | هيثم الدخين | ayat=135
  ✅ read=282 | عبدالعزيز التركي | ayat=135
  ✅ read=289 | أحمد عيسى المعصراوي | ayat=135
  ✅ read=294 | سيد أحمد هاشمي | ayat=135
  ✅ read=295 | خالد كريم محمدي | ayat=135
  ✅ read=299 | حسن صالح | ayat=135
  ✅ read=300 | صالح الشمراني | ayat=135
  ✅ read=303 | عيسى عمر سناكو | ayat=135
  ✅ read=314 | أنس العمادي | ayat=135
  ✅ read=340 | محمد برهجي | ayat=135
  ✅ read=10905 | حسن الدغريري | ayat=135
✅ تم إنشاء: timings_hafs_114/timing_020.json

📖 تحميل توقيتات السورة 021 ...
  ✅ read=1 | إبراهيم الأخضر | ayat=113
  ✅ read=3 | إبراهيم العسيري | ayat=112
  ✅ read=4 | شيخ أبو بكر الشاطري | ayat=112
  ✅ read=5 | أحمد بن علي العجمي | ayat=113
  ✅ read=6 | أحمد الحواشي | ayat=112
  ✅ read=8 | أحمد صابر | ayat=112
  ✅ read=9 | أحمد نعينع | ayat=113
  ✅ read=10 | أكرم العلاقمي | ayat=113
  ✅ read=12 | إدريس أبكر | ayat=112
  ✅ read=13 | الزين محمد أحمد | ayat=112
  ✅ read=17 | توفيق الصايغ | ayat=112
  ✅ read=20 | خالد الجليل | ayat=112
  ✅ read=21 | خالد القحطاني | ayat=112
  ✅ read=22 | خالد عبدالكافي | ayat=112
  ✅ read=24 | خليفة الطنيجي | ayat=112
  ✅ read=25 | داود حمزة | ayat=112
  ✅ read=30 | سعد الغامدي | ayat=112
  ✅ read=31 | سعود الشريم | ayat=113
  ✅ read=32 | سهل ياسين | ayat=113
  ✅ read=33 | زكي داغستاني | ayat=112
  ✅ read=38 | شيرزاد عبدالرحمن طاهر | ayat=112
  ✅ read=39 | صابر عبدالحكم | ayat=112
  ✅ read=40 | صالح الصاهود | ayat=112
  ✅ read=42 | صالح الهبدان | ayat=112
  ✅ read=43 | صلاح البدير | ayat=112
  ✅ read=44 | صلاح الهاشم | ayat=112
  ✅ read=46 | صلاح بو خاطر | ayat=112
  ✅ read=48 | عادل ريان | ayat=112
  ✅ read=49 | عبدالبارئ الثبيتي | ayat=112
  ✅ read=50 | عبدالبارئ محمد | ayat=112
  ✅ read=53 | عبدالباسط عبدالصمد | ayat=113
  ✅ read=54 | عبدالرحمن السديس | ayat=112
  ✅ read=55 | عبدالعزيز الأحمد | ayat=112
  ✅ read=56 | عبدالعزيز الزهراني | ayat=112
  ✅ read=58 | عبدالله البعيجان | ayat=112
  ✅ read=59 | عبدالله المطرود | ayat=112
  ✅ read=60 | عبدالله بصفر | ayat=113
  ✅ read=61 | عبدالله خياط | ayat=112
  ✅ read=62 | عبدالله عواد الجهني | ayat=113
  ✅ read=66 | عبدالمحسن الحارثي | ayat=112
  ✅ read=67 | عبدالمحسن القاسم | ayat=113
  ✅ read=69 | عبدالمحسن العبيكان | ayat=112
  ✅ read=70 | عبدالهادي أحمد كناكري | ayat=112
  ✅ read=71 | عبدالودود حنيف | ayat=112
  ✅ read=72 | عبدالولي الأركاني | ayat=112
  ✅ read=74 | علي بن عبدالرحمن الحذيفي | ayat=112
  ✅ read=76 | علي جابر | ayat=112
  ✅ read=77 | علي حجاج السويسي | ayat=113
  ✅ read=78 | عماد زهير حافظ | ayat=113
  ✅ read=81 | فارس عباد | ayat=112
  ✅ read=86 | ناصر القطامي | ayat=112
  ✅ read=87 | نبيل الرفاعي | ayat=112
  ✅ read=88 | نعمة الحسان | ayat=112
  ✅ read=89 | هاني الرفاعي | ayat=112
  ✅ read=92 | ياسر الدوسري | ayat=112
  ✅ read=106 | محمد الطبلاوي | ayat=113
  ✅ read=109 | محمد أيوب | ayat=112
  ✅ read=110 | محمد صالح عالم شاه | ayat=112
  ✅ read=112 | محمد صديق المنشاوي | ayat=113
  ✅ read=115 | محمد عبدالكريم | ayat=112
  ✅ read=118 | محمود خليل الحصري | ayat=113
  ✅ read=123 | مشاري العفاسي | ayat=112
  ✅ read=139 | ماجد الزامل | ayat=112
  ✅ read=159 | خالد المهنا | ayat=113
  ✅ read=181 | جمعان العصيمي | ayat=112
  ✅ read=193 | يوسف بن نوح أحمد | ayat=112
  ✅ read=198 | محمد رشاد الشريف | ayat=112
  ✅ read=201 | أحمد الطرابلسي | ayat=112
  ✅ read=203 | أحمد عامر | ayat=112
  ✅ read=217 | بندر بليله | ayat=112
  ✅ read=219 | وديع اليمني | ayat=112
  ✅ read=221 | رعد محمد الكردي | ayat=112
  ✅ read=225 | عبدالرحمن العوسي | ayat=112
  ✅ read=229 | محمد خليل القارئ | ayat=112
  ✅ read=232 | إبراهيم الدوسري | ayat=112
  ✅ read=236 | عبدالرحمن الماجد | ayat=112
  ✅ read=243 | عبدالله الموسى | ayat=112
  ✅ read=244 | عبدالله الخلف | ayat=112
  ✅ read=245 | منصور السالمي | ayat=112
  ✅ read=250 | محمد البخيت | ayat=112
  ✅ read=256 | أحمد خليل شاهين | ayat=112
  ✅ read=258 | عبدالرشيد صوفي | ayat=112
  ✅ read=259 | أحمد النفيس | ayat=112
  ✅ read=265 | أحمد ديبان | ayat=112
  ✅ read=268 | بيشه وا قادر الكردي | ayat=112
  ✅ read=273 | هيثم الدخين | ayat=112
  ✅ read=282 | عبدالعزيز التركي | ayat=112
  ✅ read=289 | أحمد عيسى المعصراوي | ayat=112
  ✅ read=294 | سيد أحمد هاشمي | ayat=112
  ✅ read=295 | خالد كريم محمدي | ayat=112
  ✅ read=299 | حسن صالح | ayat=112
  ✅ read=300 | صالح الشمراني | ayat=112
  ✅ read=303 | عيسى عمر سناكو | ayat=112
  ✅ read=314 | أنس العمادي | ayat=112
  ✅ read=340 | محمد برهجي | ayat=112
  ✅ read=10905 | حسن الدغريري | ayat=112
✅ تم إنشاء: timings_hafs_114/timing_021.json

📖 تحميل توقيتات السورة 022 ...
  ✅ read=1 | إبراهيم الأخضر | ayat=79
  ✅ read=3 | إبراهيم العسيري | ayat=78
  ✅ read=4 | شيخ أبو بكر الشاطري | ayat=78
  ✅ read=5 | أحمد بن علي العجمي | ayat=79
  ✅ read=6 | أحمد الحواشي | ayat=78
  ✅ read=8 | أحمد صابر | ayat=78
  ✅ read=9 | أحمد نعينع | ayat=79
  ✅ read=10 | أكرم العلاقمي | ayat=79
  ✅ read=12 | إدريس أبكر | ayat=78
  ✅ read=13 | الزين محمد أحمد | ayat=78
  ✅ read=17 | توفيق الصايغ | ayat=78
  ✅ read=20 | خالد الجليل | ayat=78
  ✅ read=21 | خالد القحطاني | ayat=78
  ✅ read=22 | خالد عبدالكافي | ayat=78
  ✅ read=24 | خليفة الطنيجي | ayat=78
  ✅ read=25 | داود حمزة | ayat=78
  ✅ read=30 | سعد الغامدي | ayat=78
  ✅ read=31 | سعود الشريم | ayat=79
  ✅ read=32 | سهل ياسين | ayat=79
  ✅ read=33 | زكي داغستاني | ayat=78
  ✅ read=38 | شيرزاد عبدالرحمن طاهر | ayat=78
  ✅ read=39 | صابر عبدالحكم | ayat=78
  ✅ read=40 | صالح الصاهود | ayat=78
  ✅ read=42 | صالح الهبدان | ayat=78
  ✅ read=43 | صلاح البدير | ayat=78
  ✅ read=44 | صلاح الهاشم | ayat=78
  ✅ read=46 | صلاح بو خاطر | ayat=78
  ✅ read=48 | عادل ريان | ayat=78
  ✅ read=49 | عبدالبارئ الثبيتي | ayat=78
  ✅ read=50 | عبدالبارئ محمد | ayat=78
  ✅ read=53 | عبدالباسط عبدالصمد | ayat=79
  ✅ read=54 | عبدالرحمن السديس | ayat=78
  ✅ read=55 | عبدالعزيز الأحمد | ayat=78
  ✅ read=56 | عبدالعزيز الزهراني | ayat=78
  ✅ read=58 | عبدالله البعيجان | ayat=78
  ✅ read=59 | عبدالله المطرود | ayat=78
  ✅ read=60 | عبدالله بصفر | ayat=79
  ✅ read=61 | عبدالله خياط | ayat=78
  ✅ read=62 | عبدالله عواد الجهني | ayat=79
  ✅ read=66 | عبدالمحسن الحارثي | ayat=78
  ✅ read=67 | عبدالمحسن القاسم | ayat=79
  ✅ read=69 | عبدالمحسن العبيكان | ayat=78
  ✅ read=70 | عبدالهادي أحمد كناكري | ayat=78
  ✅ read=71 | عبدالودود حنيف | ayat=78
  ✅ read=72 | عبدالولي الأركاني | ayat=78
  ✅ read=74 | علي بن عبدالرحمن الحذيفي | ayat=78
  ✅ read=76 | علي جابر | ayat=78
  ✅ read=77 | علي حجاج السويسي | ayat=79
  ✅ read=78 | عماد زهير حافظ | ayat=79
  ✅ read=81 | فارس عباد | ayat=78
  ✅ read=86 | ناصر القطامي | ayat=78
  ✅ read=87 | نبيل الرفاعي | ayat=78
  ✅ read=88 | نعمة الحسان | ayat=78
  ✅ read=89 | هاني الرفاعي | ayat=78
  ✅ read=92 | ياسر الدوسري | ayat=78
  ✅ read=106 | محمد الطبلاوي | ayat=79
  ✅ read=109 | محمد أيوب | ayat=78
  ✅ read=110 | محمد صالح عالم شاه | ayat=78
  ✅ read=112 | محمد صديق المنشاوي | ayat=79
  ✅ read=115 | محمد عبدالكريم | ayat=78
  ✅ read=118 | محمود خليل الحصري | ayat=79
  ✅ read=123 | مشاري العفاسي | ayat=78
  ✅ read=139 | ماجد الزامل | ayat=78
  ✅ read=159 | خالد المهنا | ayat=79
  ✅ read=181 | جمعان العصيمي | ayat=78
  ✅ read=193 | يوسف بن نوح أحمد | ayat=78
  ✅ read=198 | محمد رشاد الشريف | ayat=78
  ✅ read=201 | أحمد الطرابلسي | ayat=78
  ✅ read=203 | أحمد عامر | ayat=78
  ✅ read=217 | بندر بليله | ayat=78
  ✅ read=219 | وديع اليمني | ayat=78
  ✅ read=221 | رعد محمد الكردي | ayat=78
  ✅ read=225 | عبدالرحمن العوسي | ayat=78
  ✅ read=229 | محمد خليل القارئ | ayat=78
  ✅ read=232 | إبراهيم الدوسري | ayat=78
  ✅ read=236 | عبدالرحمن الماجد | ayat=78
  ✅ read=243 | عبدالله الموسى | ayat=78
  ✅ read=244 | عبدالله الخلف | ayat=78
  ✅ read=245 | منصور السالمي | ayat=78
  ✅ read=250 | محمد البخيت | ayat=78
  ✅ read=256 | أحمد خليل شاهين | ayat=78
  ✅ read=258 | عبدالرشيد صوفي | ayat=78
  ✅ read=259 | أحمد النفيس | ayat=78
  ✅ read=265 | أحمد ديبان | ayat=78
  ✅ read=268 | بيشه وا قادر الكردي | ayat=78
  ✅ read=273 | هيثم الدخين | ayat=78
  ✅ read=282 | عبدالعزيز التركي | ayat=78
  ✅ read=289 | أحمد عيسى المعصراوي | ayat=78
  ✅ read=294 | سيد أحمد هاشمي | ayat=78
  ✅ read=295 | خالد كريم محمدي | ayat=78
  ✅ read=299 | حسن صالح | ayat=78
  ✅ read=300 | صالح الشمراني | ayat=78
  ✅ read=303 | عيسى عمر سناكو | ayat=78
  ✅ read=314 | أنس العمادي | ayat=78
  ✅ read=340 | محمد برهجي | ayat=78
  ✅ read=10905 | حسن الدغريري | ayat=78
✅ تم إنشاء: timings_hafs_114/timing_022.json

📖 تحميل توقيتات السورة 023 ...
  ✅ read=1 | إبراهيم الأخضر | ayat=119
  ✅ read=3 | إبراهيم العسيري | ayat=118
  ✅ read=4 | شيخ أبو بكر الشاطري | ayat=118
  ✅ read=5 | أحمد بن علي العجمي | ayat=119
  ✅ read=6 | أحمد الحواشي | ayat=118
  ✅ read=8 | أحمد صابر | ayat=118
  ✅ read=9 | أحمد نعينع | ayat=119
  ✅ read=10 | أكرم العلاقمي | ayat=119
  ✅ read=12 | إدريس أبكر | ayat=118
  ✅ read=13 | الزين محمد أحمد | ayat=118
  ✅ read=17 | توفيق الصايغ | ayat=118
  ✅ read=20 | خالد الجليل | ayat=118
  ✅ read=21 | خالد القحطاني | ayat=118
  ✅ read=22 | خالد عبدالكافي | ayat=118
  ✅ read=24 | خليفة الطنيجي | ayat=118
  ✅ read=25 | داود حمزة | ayat=118
  ✅ read=30 | سعد الغامدي | ayat=118
  ✅ read=31 | سعود الشريم | ayat=119
  ✅ read=32 | سهل ياسين | ayat=119
  ✅ read=33 | زكي داغستاني | ayat=118
  ✅ read=38 | شيرزاد عبدالرحمن طاهر | ayat=118
  ✅ read=39 | صابر عبدالحكم | ayat=118
  ✅ read=40 | صالح الصاهود | ayat=118
  ✅ read=42 | صالح الهبدان | ayat=118
  ✅ read=43 | صلاح البدير | ayat=118
  ✅ read=44 | صلاح الهاشم | ayat=118
  ✅ read=46 | صلاح بو خاطر | ayat=118
  ✅ read=48 | عادل ريان | ayat=118
  ✅ read=49 | عبدالبارئ الثبيتي | ayat=118
  ✅ read=50 | عبدالبارئ محمد | ayat=118
  ✅ read=53 | عبدالباسط عبدالصمد | ayat=119
  ✅ read=54 | عبدالرحمن السديس | ayat=118
  ✅ read=55 | عبدالعزيز الأحمد | ayat=118
  ✅ read=56 | عبدالعزيز الزهراني | ayat=118
  ✅ read=58 | عبدالله البعيجان | ayat=118
  ✅ read=59 | عبدالله المطرود | ayat=118
  ✅ read=60 | عبدالله بصفر | ayat=119
  ✅ read=61 | عبدالله خياط | ayat=118
  ✅ read=62 | عبدالله عواد الجهني | ayat=119
  ✅ read=66 | عبدالمحسن الحارثي | ayat=118
  ✅ read=67 | عبدالمحسن القاسم | ayat=119
  ✅ read=69 | عبدالمحسن العبيكان | ayat=118
  ✅ read=70 | عبدالهادي أحمد كناكري | ayat=118
  ✅ read=71 | عبدالودود حنيف | ayat=118
  ✅ read=72 | عبدالولي الأركاني | ayat=118
  ✅ read=74 | علي بن عبدالرحمن الحذيفي | ayat=118
  ✅ read=76 | علي جابر | ayat=118
  ✅ read=77 | علي حجاج السويسي | ayat=119
  ✅ read=78 | عماد زهير حافظ | ayat=119
  ✅ read=81 | فارس عباد | ayat=118
  ✅ read=86 | ناصر القطامي | ayat=118
  ✅ read=87 | نبيل الرفاعي | ayat=118
  ✅ read=88 | نعمة الحسان | ayat=118
  ✅ read=89 | هاني الرفاعي | ayat=118
  ✅ read=92 | ياسر الدوسري | ayat=118
  ✅ read=106 | محمد الطبلاوي | ayat=119
  ✅ read=109 | محمد أيوب | ayat=118
  ✅ read=110 | محمد صالح عالم شاه | ayat=118
  ✅ read=112 | محمد صديق المنشاوي | ayat=119
  ✅ read=115 | محمد عبدالكريم | ayat=118
  ✅ read=118 | محمود خليل الحصري | ayat=119
  ✅ read=123 | مشاري العفاسي | ayat=118
  ✅ read=139 | ماجد الزامل | ayat=118
  ✅ read=159 | خالد المهنا | ayat=119
  ✅ read=181 | جمعان العصيمي | ayat=118
  ✅ read=193 | يوسف بن نوح أحمد | ayat=118
  ✅ read=198 | محمد رشاد الشريف | ayat=118
  ✅ read=201 | أحمد الطرابلسي | ayat=118
  ✅ read=203 | أحمد عامر | ayat=118
  ✅ read=217 | بندر بليله | ayat=118
  ✅ read=219 | وديع اليمني | ayat=118
  ✅ read=221 | رعد محمد الكردي | ayat=118
  ✅ read=225 | عبدالرحمن العوسي | ayat=118
  ✅ read=229 | محمد خليل القارئ | ayat=118
  ✅ read=232 | إبراهيم الدوسري | ayat=118
  ✅ read=236 | عبدالرحمن الماجد | ayat=118
  ✅ read=243 | عبدالله الموسى | ayat=118
  ✅ read=244 | عبدالله الخلف | ayat=118
  ✅ read=245 | منصور السالمي | ayat=118
  ✅ read=250 | محمد البخيت | ayat=118
  ✅ read=256 | أحمد خليل شاهين | ayat=118
  ✅ read=258 | عبدالرشيد صوفي | ayat=118
  ✅ read=259 | أحمد النفيس | ayat=118
  ✅ read=265 | أحمد ديبان | ayat=118
  ✅ read=268 | بيشه وا قادر الكردي | ayat=118
  ✅ read=273 | هيثم الدخين | ayat=118
  ✅ read=282 | عبدالعزيز التركي | ayat=118
  ✅ read=289 | أحمد عيسى المعصراوي | ayat=118
  ✅ read=294 | سيد أحمد هاشمي | ayat=118
  ✅ read=295 | خالد كريم محمدي | ayat=118
  ✅ read=299 | حسن صالح | ayat=118
  ✅ read=300 | صالح الشمراني | ayat=118
  ✅ read=303 | عيسى عمر سناكو | ayat=118
  ✅ read=314 | أنس العمادي | ayat=118
  ✅ read=340 | محمد برهجي | ayat=118
  ✅ read=10905 | حسن الدغريري | ayat=118
✅ تم إنشاء: timings_hafs_114/timing_023.json

📖 تحميل توقيتات السورة 024 ...
  ✅ read=1 | إبراهيم الأخضر | ayat=65
  ✅ read=3 | إبراهيم العسيري | ayat=64
  ✅ read=4 | شيخ أبو بكر الشاطري | ayat=64
  ✅ read=5 | أحمد بن علي العجمي | ayat=65
  ✅ read=6 | أحمد الحواشي | ayat=64
  ✅ read=8 | أحمد صابر | ayat=64
  ✅ read=9 | أحمد نعينع | ayat=65
  ✅ read=10 | أكرم العلاقمي | ayat=65
  ✅ read=12 | إدريس أبكر | ayat=64
  ✅ read=13 | الزين محمد أحمد | ayat=64
  ✅ read=17 | توفيق الصايغ | ayat=64
  ✅ read=20 | خالد الجليل | ayat=64
  ✅ read=21 | خالد القحطاني | ayat=64
  ✅ read=22 | خالد عبدالكافي | ayat=64
  ✅ read=24 | خليفة الطنيجي | ayat=64
  ✅ read=25 | داود حمزة | ayat=64
  ✅ read=30 | سعد الغامدي | ayat=64
  ✅ read=31 | سعود الشريم | ayat=65
  ✅ read=32 | سهل ياسين | ayat=65
  ✅ read=33 | زكي داغستاني | ayat=64
  ✅ read=38 | شيرزاد عبدالرحمن طاهر | ayat=64
  ✅ read=39 | صابر عبدالحكم | ayat=64
  ✅ read=40 | صالح الصاهود | ayat=64
  ✅ read=42 | صالح الهبدان | ayat=64
  ✅ read=43 | صلاح البدير | ayat=64
  ✅ read=44 | صلاح الهاشم | ayat=64
  ✅ read=46 | صلاح بو خاطر | ayat=64
  ✅ read=48 | عادل ريان | ayat=64
  ✅ read=49 | عبدالبارئ الثبيتي | ayat=64
  ✅ read=50 | عبدالبارئ محمد | ayat=64
  ✅ read=53 | عبدالباسط عبدالصمد | ayat=65
  ✅ read=54 | عبدالرحمن السديس | ayat=64
  ✅ read=55 | عبدالعزيز الأحمد | ayat=64
  ✅ read=56 | عبدالعزيز الزهراني | ayat=64
  ✅ read=58 | عبدالله البعيجان | ayat=64
  ✅ read=59 | عبدالله المطرود | ayat=64
  ✅ read=60 | عبدالله بصفر | ayat=65
  ✅ read=61 | عبدالله خياط | ayat=64
  ✅ read=62 | عبدالله عواد الجهني | ayat=65
  ✅ read=66 | عبدالمحسن الحارثي | ayat=64
  ✅ read=67 | عبدالمحسن القاسم | ayat=65
  ✅ read=69 | عبدالمحسن العبيكان | ayat=64
  ✅ read=70 | عبدالهادي أحمد كناكري | ayat=64
  ✅ read=71 | عبدالودود حنيف | ayat=64
  ✅ read=72 | عبدالولي الأركاني | ayat=64
  ✅ read=74 | علي بن عبدالرحمن الحذيفي | ayat=64
  ✅ read=76 | علي جابر | ayat=64
  ✅ read=77 | علي حجاج السويسي | ayat=65
  ✅ read=78 | عماد زهير حافظ | ayat=65
  ✅ read=81 | فارس عباد | ayat=64
  ✅ read=86 | ناصر القطامي | ayat=64
  ✅ read=87 | نبيل الرفاعي | ayat=64
  ✅ read=88 | نعمة الحسان | ayat=64
  ✅ read=89 | هاني الرفاعي | ayat=64
  ✅ read=92 | ياسر الدوسري | ayat=64
  ✅ read=106 | محمد الطبلاوي | ayat=65
  ✅ read=109 | محمد أيوب | ayat=64
  ✅ read=110 | محمد صالح عالم شاه | ayat=64
  ✅ read=112 | محمد صديق المنشاوي | ayat=65
  ✅ read=115 | محمد عبدالكريم | ayat=64
  ✅ read=118 | محمود خليل الحصري | ayat=65
  ✅ read=123 | مشاري العفاسي | ayat=64
  ✅ read=139 | ماجد الزامل | ayat=64
  ✅ read=159 | خالد المهنا | ayat=65
  ✅ read=181 | جمعان العصيمي | ayat=64
  ✅ read=193 | يوسف بن نوح أحمد | ayat=64
  ✅ read=198 | محمد رشاد الشريف | ayat=64
  ✅ read=201 | أحمد الطرابلسي | ayat=64
  ✅ read=203 | أحمد عامر | ayat=64
  ✅ read=217 | بندر بليله | ayat=64
  ✅ read=219 | وديع اليمني | ayat=64
  ✅ read=221 | رعد محمد الكردي | ayat=64
  ✅ read=225 | عبدالرحمن العوسي | ayat=64
  ✅ read=229 | محمد خليل القارئ | ayat=64
  ✅ read=232 | إبراهيم الدوسري | ayat=64
  ✅ read=236 | عبدالرحمن الماجد | ayat=64
  ✅ read=243 | عبدالله الموسى | ayat=64
  ✅ read=244 | عبدالله الخلف | ayat=64
  ✅ read=245 | منصور السالمي | ayat=64
  ✅ read=250 | محمد البخيت | ayat=64
  ✅ read=256 | أحمد خليل شاهين | ayat=64
  ✅ read=258 | عبدالرشيد صوفي | ayat=64
  ✅ read=259 | أحمد النفيس | ayat=64
  ✅ read=265 | أحمد ديبان | ayat=64
  ✅ read=268 | بيشه وا قادر الكردي | ayat=64
  ✅ read=273 | هيثم الدخين | ayat=64
  ✅ read=282 | عبدالعزيز التركي | ayat=64
  ✅ read=289 | أحمد عيسى المعصراوي | ayat=64
  ✅ read=294 | سيد أحمد هاشمي | ayat=64
  ✅ read=295 | خالد كريم محمدي | ayat=64
  ✅ read=299 | حسن صالح | ayat=64
  ✅ read=300 | صالح الشمراني | ayat=64
  ✅ read=303 | عيسى عمر سناكو | ayat=64
  ✅ read=314 | أنس العمادي | ayat=64
  ✅ read=340 | محمد برهجي | ayat=64
  ✅ read=10905 | حسن الدغريري | ayat=64
✅ تم إنشاء: timings_hafs_114/timing_024.json

📖 تحميل توقيتات السورة 025 ...
  ✅ read=1 | إبراهيم الأخضر | ayat=78
  ✅ read=3 | إبراهيم العسيري | ayat=77
  ✅ read=4 | شيخ أبو بكر الشاطري | ayat=77
  ✅ read=5 | أحمد بن علي العجمي | ayat=78
  ✅ read=6 | أحمد الحواشي | ayat=77
  ✅ read=8 | أحمد صابر | ayat=77
  ✅ read=9 | أحمد نعينع | ayat=78
  ✅ read=10 | أكرم العلاقمي | ayat=78
  ✅ read=12 | إدريس أبكر | ayat=77
  ✅ read=13 | الزين محمد أحمد | ayat=77
  ✅ read=17 | توفيق الصايغ | ayat=77
  ✅ read=20 | خالد الجليل | ayat=77
  ✅ read=21 | خالد القحطاني | ayat=77
  ✅ read=22 | خالد عبدالكافي | ayat=77
  ✅ read=24 | خليفة الطنيجي | ayat=77
  ✅ read=25 | داود حمزة | ayat=77
  ✅ read=30 | سعد الغامدي | ayat=77
  ✅ read=31 | سعود الشريم | ayat=78
  ✅ read=32 | سهل ياسين | ayat=78
  ✅ read=33 | زكي داغستاني | ayat=77
  ✅ read=38 | شيرزاد عبدالرحمن طاهر | ayat=77
  ✅ read=39 | صابر عبدالحكم | ayat=77
  ✅ read=40 | صالح الصاهود | ayat=77
  ✅ read=42 | صالح الهبدان | ayat=77
  ✅ read=43 | صلاح البدير | ayat=77
  ✅ read=44 | صلاح الهاشم | ayat=77
  ✅ read=46 | صلاح بو خاطر | ayat=77
  ✅ read=48 | عادل ريان | ayat=77
  ✅ read=49 | عبدالبارئ الثبيتي | ayat=77
  ✅ read=50 | عبدالبارئ محمد | ayat=77
  ✅ read=53 | عبدالباسط عبدالصمد | ayat=78
  ✅ read=54 | عبدالرحمن السديس | ayat=77
  ✅ read=55 | عبدالعزيز الأحمد | ayat=77
  ✅ read=56 | عبدالعزيز الزهراني | ayat=77
  ✅ read=58 | عبدالله البعيجان | ayat=77
  ✅ read=59 | عبدالله المطرود | ayat=77
  ✅ read=60 | عبدالله بصفر | ayat=78
  ✅ read=61 | عبدالله خياط | ayat=77
  ✅ read=62 | عبدالله عواد الجهني | ayat=78
  ✅ read=66 | عبدالمحسن الحارثي | ayat=77
  ✅ read=67 | عبدالمحسن القاسم | ayat=78
  ✅ read=69 | عبدالمحسن العبيكان | ayat=77
  ✅ read=70 | عبدالهادي أحمد كناكري | ayat=77
  ✅ read=71 | عبدالودود حنيف | ayat=77
  ✅ read=72 | عبدالولي الأركاني | ayat=77
  ✅ read=74 | علي بن عبدالرحمن الحذيفي | ayat=77
  ✅ read=76 | علي جابر | ayat=77
  ✅ read=77 | علي حجاج السويسي | ayat=78
  ✅ read=78 | عماد زهير حافظ | ayat=78
  ✅ read=81 | فارس عباد | ayat=77
  ✅ read=86 | ناصر القطامي | ayat=77
  ✅ read=87 | نبيل الرفاعي | ayat=77
  ✅ read=88 | نعمة الحسان | ayat=77
  ✅ read=89 | هاني الرفاعي | ayat=77
  ✅ read=92 | ياسر الدوسري | ayat=77
  ✅ read=106 | محمد الطبلاوي | ayat=78
  ✅ read=109 | محمد أيوب | ayat=77
  ✅ read=110 | محمد صالح عالم شاه | ayat=77
  ✅ read=112 | محمد صديق المنشاوي | ayat=78
  ✅ read=115 | محمد عبدالكريم | ayat=77
  ✅ read=118 | محمود خليل الحصري | ayat=78
  ✅ read=123 | مشاري العفاسي | ayat=77
  ✅ read=139 | ماجد الزامل | ayat=77
  ✅ read=159 | خالد المهنا | ayat=78
  ✅ read=181 | جمعان العصيمي | ayat=77
  ✅ read=193 | يوسف بن نوح أحمد | ayat=77
  ✅ read=198 | محمد رشاد الشريف | ayat=77
  ✅ read=201 | أحمد الطرابلسي | ayat=77
  ✅ read=203 | أحمد عامر | ayat=77
  ✅ read=217 | بندر بليله | ayat=77
  ✅ read=219 | وديع اليمني | ayat=77
  ✅ read=221 | رعد محمد الكردي | ayat=77
  ✅ read=225 | عبدالرحمن العوسي | ayat=77
  ✅ read=229 | محمد خليل القارئ | ayat=77
  ✅ read=232 | إبراهيم الدوسري | ayat=77
  ✅ read=236 | عبدالرحمن الماجد | ayat=77
  ✅ read=243 | عبدالله الموسى | ayat=77
  ✅ read=244 | عبدالله الخلف | ayat=77
  ✅ read=245 | منصور السالمي | ayat=77
  ✅ read=250 | محمد البخيت | ayat=77
  ✅ read=256 | أحمد خليل شاهين | ayat=77
  ✅ read=258 | عبدالرشيد صوفي | ayat=77
  ✅ read=259 | أحمد النفيس | ayat=77
  ✅ read=265 | أحمد ديبان | ayat=77
  ✅ read=268 | بيشه وا قادر الكردي | ayat=77
  ✅ read=273 | هيثم الدخين | ayat=77
  ✅ read=282 | عبدالعزيز التركي | ayat=77
  ✅ read=289 | أحمد عيسى المعصراوي | ayat=77
  ✅ read=294 | سيد أحمد هاشمي | ayat=77
  ✅ read=295 | خالد كريم محمدي | ayat=77
  ✅ read=299 | حسن صالح | ayat=77
  ✅ read=300 | صالح الشمراني | ayat=77
  ✅ read=303 | عيسى عمر سناكو | ayat=77
  ✅ read=314 | أنس العمادي | ayat=77
  ✅ read=340 | محمد برهجي | ayat=77
  ✅ read=10905 | حسن الدغريري | ayat=77
✅ تم إنشاء: timings_hafs_114/timing_025.json

📖 تحميل توقيتات السورة 026 ...
  ✅ read=1 | إبراهيم الأخضر | ayat=228
  ✅ read=3 | إبراهيم العسيري | ayat=227
  ✅ read=4 | شيخ أبو بكر الشاطري | ayat=227
  ✅ read=5 | أحمد بن علي العجمي | ayat=228
  ✅ read=6 | أحمد الحواشي | ayat=227
  ✅ read=8 | أحمد صابر | ayat=227
  ✅ read=9 | أحمد نعينع | ayat=228
  ✅ read=10 | أكرم العلاقمي | ayat=228
  ✅ read=12 | إدريس أبكر | ayat=227
  ✅ read=13 | الزين محمد أحمد | ayat=227
  ✅ read=17 | توفيق الصايغ | ayat=227
  ✅ read=20 | خالد الجليل | ayat=227
  ✅ read=21 | خالد القحطاني | ayat=227
  ✅ read=22 | خالد عبدالكافي | ayat=227
  ✅ read=24 | خليفة الطنيجي | ayat=227
  ✅ read=25 | داود حمزة | ayat=227
  ✅ read=30 | سعد الغامدي | ayat=227
  ✅ read=31 | سعود الشريم | ayat=228
  ✅ read=32 | سهل ياسين | ayat=228
  ✅ read=33 | زكي داغستاني | ayat=227
  ✅ read=38 | شيرزاد عبدالرحمن طاهر | ayat=227
  ✅ read=39 | صابر عبدالحكم | ayat=227
  ✅ read=40 | صالح الصاهود | ayat=227
  ✅ read=42 | صالح الهبدان | ayat=227
  ✅ read=43 | صلاح البدير | ayat=227
  ✅ read=44 | صلاح الهاشم | ayat=227
  ✅ read=46 | صلاح بو خاطر | ayat=227
  ✅ read=48 | عادل ريان | ayat=227
  ✅ read=49 | عبدالبارئ الثبيتي | ayat=227
  ✅ read=50 | عبدالبارئ محمد | ayat=227
  ✅ read=53 | عبدالباسط عبدالصمد | ayat=228
  ✅ read=54 | عبدالرحمن السديس | ayat=227
  ✅ read=55 | عبدالعزيز الأحمد | ayat=227
  ✅ read=56 | عبدالعزيز الزهراني | ayat=227
  ✅ read=58 | عبدالله البعيجان | ayat=227
  ✅ read=59 | عبدالله المطرود | ayat=227
  ✅ read=60 | عبدالله بصفر | ayat=228
  ✅ read=61 | عبدالله خياط | ayat=227
  ✅ read=62 | عبدالله عواد الجهني | ayat=228
  ✅ read=66 | عبدالمحسن الحارثي | ayat=227
  ✅ read=67 | عبدالمحسن القاسم | ayat=228
  ✅ read=69 | عبدالمحسن العبيكان | ayat=227
  ✅ read=70 | عبدالهادي أحمد كناكري | ayat=227
  ✅ read=71 | عبدالودود حنيف | ayat=227
  ✅ read=72 | عبدالولي الأركاني | ayat=227
  ✅ read=74 | علي بن عبدالرحمن الحذيفي | ayat=227
  ✅ read=76 | علي جابر | ayat=227
  ✅ read=77 | علي حجاج السويسي | ayat=228
  ✅ read=78 | عماد زهير حافظ | ayat=228
  ✅ read=81 | فارس عباد | ayat=227
  ✅ read=86 | ناصر القطامي | ayat=227
  ✅ read=87 | نبيل الرفاعي | ayat=227
  ✅ read=88 | نعمة الحسان | ayat=227
  ✅ read=89 | هاني الرفاعي | ayat=227
  ✅ read=92 | ياسر الدوسري | ayat=227
  ✅ read=106 | محمد الطبلاوي | ayat=228
  ✅ read=109 | محمد أيوب | ayat=227
  ✅ read=110 | محمد صالح عالم شاه | ayat=227
  ✅ read=112 | محمد صديق المنشاوي | ayat=228
  ✅ read=115 | محمد عبدالكريم | ayat=227
  ✅ read=118 | محمود خليل الحصري | ayat=228
  ✅ read=123 | مشاري العفاسي | ayat=227
  ✅ read=139 | ماجد الزامل | ayat=227
  ✅ read=159 | خالد المهنا | ayat=228
  ✅ read=181 | جمعان العصيمي | ayat=227
  ✅ read=193 | يوسف بن نوح أحمد | ayat=227
  ✅ read=198 | محمد رشاد الشريف | ayat=227
  ✅ read=201 | أحمد الطرابلسي | ayat=227
  ✅ read=203 | أحمد عامر | ayat=227
  ✅ read=217 | بندر بليله | ayat=227
  ✅ read=219 | وديع اليمني | ayat=227
  ✅ read=221 | رعد محمد الكردي | ayat=227
  ✅ read=225 | عبدالرحمن العوسي | ayat=227
  ✅ read=229 | محمد خليل القارئ | ayat=227
  ✅ read=232 | إبراهيم الدوسري | ayat=227
  ✅ read=236 | عبدالرحمن الماجد | ayat=227
  ✅ read=243 | عبدالله الموسى | ayat=227
  ✅ read=244 | عبدالله الخلف | ayat=227
  ✅ read=245 | منصور السالمي | ayat=227
  ✅ read=250 | محمد البخيت | ayat=227
  ✅ read=256 | أحمد خليل شاهين | ayat=227
  ✅ read=258 | عبدالرشيد صوفي | ayat=227
  ✅ read=259 | أحمد النفيس | ayat=227
  ✅ read=265 | أحمد ديبان | ayat=227
  ✅ read=268 | بيشه وا قادر الكردي | ayat=227
  ✅ read=273 | هيثم الدخين | ayat=227
  ✅ read=282 | عبدالعزيز التركي | ayat=227
  ✅ read=289 | أحمد عيسى المعصراوي | ayat=227
  ✅ read=294 | سيد أحمد هاشمي | ayat=227
  ✅ read=295 | خالد كريم محمدي | ayat=227
  ✅ read=299 | حسن صالح | ayat=227
  ✅ read=300 | صالح الشمراني | ayat=227
  ✅ read=303 | عيسى عمر سناكو | ayat=227
  ✅ read=314 | أنس العمادي | ayat=227
  ✅ read=340 | محمد برهجي | ayat=227
  ✅ read=10905 | حسن الدغريري | ayat=227
✅ تم إنشاء: timings_hafs_114/timing_026.json

📖 تحميل توقيتات السورة 027 ...
  ✅ read=1 | إبراهيم الأخضر | ayat=94
  ✅ read=3 | إبراهيم العسيري | ayat=93
  ✅ read=4 | شيخ أبو بكر الشاطري | ayat=93
  ✅ read=5 | أحمد بن علي العجمي | ayat=94
  ✅ read=6 | أحمد الحواشي | ayat=93
  ✅ read=8 | أحمد صابر | ayat=93
  ✅ read=9 | أحمد نعينع | ayat=94
  ✅ read=10 | أكرم العلاقمي | ayat=94
  ✅ read=12 | إدريس أبكر | ayat=93
  ✅ read=13 | الزين محمد أحمد | ayat=93
  ✅ read=17 | توفيق الصايغ | ayat=93
  ✅ read=20 | خالد الجليل | ayat=93
  ✅ read=21 | خالد القحطاني | ayat=93
  ✅ read=22 | خالد عبدالكافي | ayat=93
  ✅ read=24 | خليفة الطنيجي | ayat=93
  ✅ read=25 | داود حمزة | ayat=93
  ✅ read=30 | سعد الغامدي | ayat=93
  ✅ read=31 | سعود الشريم | ayat=94
  ✅ read=32 | سهل ياسين | ayat=94
  ✅ read=33 | زكي داغستاني | ayat=93
  ✅ read=38 | شيرزاد عبدالرحمن طاهر | ayat=93
  ✅ read=39 | صابر عبدالحكم | ayat=93
  ✅ read=40 | صالح الصاهود | ayat=93
  ✅ read=42 | صالح الهبدان | ayat=93
  ✅ read=43 | صلاح البدير | ayat=93
  ✅ read=44 | صلاح الهاشم | ayat=93
  ✅ read=46 | صلاح بو خاطر | ayat=93
  ✅ read=48 | عادل ريان | ayat=93
  ✅ read=49 | عبدالبارئ الثبيتي | ayat=93
  ✅ read=50 | عبدالبارئ محمد | ayat=93
  ✅ read=53 | عبدالباسط عبدالصمد | ayat=94
  ✅ read=54 | عبدالرحمن السديس | ayat=93
  ✅ read=55 | عبدالعزيز الأحمد | ayat=93
  ✅ read=56 | عبدالعزيز الزهراني | ayat=93
  ✅ read=58 | عبدالله البعيجان | ayat=93
  ✅ read=59 | عبدالله المطرود | ayat=93
  ✅ read=60 | عبدالله بصفر | ayat=94
  ✅ read=61 | عبدالله خياط | ayat=93
  ✅ read=62 | عبدالله عواد الجهني | ayat=94
  ✅ read=66 | عبدالمحسن الحارثي | ayat=93
  ✅ read=67 | عبدالمحسن القاسم | ayat=82
  ✅ read=69 | عبدالمحسن العبيكان | ayat=93
  ✅ read=70 | عبدالهادي أحمد كناكري | ayat=93
  ✅ read=71 | عبدالودود حنيف | ayat=93
  ✅ read=72 | عبدالولي الأركاني | ayat=93
  ✅ read=74 | علي بن عبدالرحمن الحذيفي | ayat=93
  ✅ read=76 | علي جابر | ayat=93
  ✅ read=77 | علي حجاج السويسي | ayat=94
  ✅ read=78 | عماد زهير حافظ | ayat=94
  ✅ read=81 | فارس عباد | ayat=93
  ✅ read=86 | ناصر القطامي | ayat=93
  ✅ read=87 | نبيل الرفاعي | ayat=0
  ✅ read=88 | نعمة الحسان | ayat=93
  ✅ read=89 | هاني الرفاعي | ayat=93
  ✅ read=92 | ياسر الدوسري | ayat=93
  ✅ read=106 | محمد الطبلاوي | ayat=94
  ✅ read=109 | محمد أيوب | ayat=93
  ✅ read=110 | محمد صالح عالم شاه | ayat=93
  ✅ read=112 | محمد صديق المنشاوي | ayat=94
  ✅ read=115 | محمد عبدالكريم | ayat=93
  ✅ read=118 | محمود خليل الحصري | ayat=94
  ✅ read=123 | مشاري العفاسي | ayat=93
  ✅ read=139 | ماجد الزامل | ayat=93
  ✅ read=159 | خالد المهنا | ayat=94
  ✅ read=181 | جمعان العصيمي | ayat=93
  ✅ read=193 | يوسف بن نوح أحمد | ayat=93
  ✅ read=198 | محمد رشاد الشريف | ayat=93
  ✅ read=201 | أحمد الطرابلسي | ayat=93
  ✅ read=203 | أحمد عامر | ayat=93
  ✅ read=217 | بندر بليله | ayat=93
  ✅ read=219 | وديع اليمني | ayat=93
  ✅ read=221 | رعد محمد الكردي | ayat=93
  ✅ read=225 | عبدالرحمن العوسي | ayat=93
  ✅ read=229 | محمد خليل القارئ | ayat=93
  ✅ read=232 | إبراهيم الدوسري | ayat=93
  ✅ read=236 | عبدالرحمن الماجد | ayat=93
  ✅ read=243 | عبدالله الموسى | ayat=93
  ✅ read=244 | عبدالله الخلف | ayat=93
  ✅ read=245 | منصور السالمي | ayat=93
  ✅ read=250 | محمد البخيت | ayat=93
  ✅ read=256 | أحمد خليل شاهين | ayat=93
  ✅ read=258 | عبدالرشيد صوفي | ayat=93
  ✅ read=259 | أحمد النفيس | ayat=93
  ✅ read=265 | أحمد ديبان | ayat=93
  ✅ read=268 | بيشه وا قادر الكردي | ayat=93
  ✅ read=273 | هيثم الدخين | ayat=93
  ✅ read=282 | عبدالعزيز التركي | ayat=93
  ✅ read=289 | أحمد عيسى المعصراوي | ayat=93
  ✅ read=294 | سيد أحمد هاشمي | ayat=93
  ✅ read=295 | خالد كريم محمدي | ayat=93
  ✅ read=299 | حسن صالح | ayat=93
  ✅ read=300 | صالح الشمراني | ayat=93
  ✅ read=303 | عيسى عمر سناكو | ayat=93
  ✅ read=314 | أنس العمادي | ayat=93
  ✅ read=340 | محمد برهجي | ayat=93
  ✅ read=10905 | حسن الدغريري | ayat=93
✅ تم إنشاء: timings_hafs_114/timing_027.json

📖 تحميل توقيتات السورة 028 ...
  ✅ read=1 | إبراهيم الأخضر | ayat=89
  ✅ read=3 | إبراهيم العسيري | ayat=88
  ✅ read=4 | شيخ أبو بكر الشاطري | ayat=88
  ✅ read=5 | أحمد بن علي العجمي | ayat=89
  ✅ read=6 | أحمد الحواشي | ayat=88
  ✅ read=8 | أحمد صابر | ayat=88
  ✅ read=9 | أحمد نعينع | ayat=89
  ✅ read=10 | أكرم العلاقمي | ayat=89
  ✅ read=12 | إدريس أبكر | ayat=88
  ✅ read=13 | الزين محمد أحمد | ayat=88
  ✅ read=17 | توفيق الصايغ | ayat=88
  ✅ read=20 | خالد الجليل | ayat=88
  ✅ read=21 | خالد القحطاني | ayat=88
  ✅ read=22 | خالد عبدالكافي | ayat=88
  ✅ read=24 | خليفة الطنيجي | ayat=88
  ✅ read=25 | داود حمزة | ayat=88
  ✅ read=30 | سعد الغامدي | ayat=88
  ✅ read=31 | سعود الشريم | ayat=89
  ✅ read=32 | سهل ياسين | ayat=89
  ✅ read=33 | زكي داغستاني | ayat=88
  ✅ read=38 | شيرزاد عبدالرحمن طاهر | ayat=88
  ✅ read=39 | صابر عبدالحكم | ayat=88
  ✅ read=40 | صالح الصاهود | ayat=88
  ✅ read=42 | صالح الهبدان | ayat=88
  ✅ read=43 | صلاح البدير | ayat=88
  ✅ read=44 | صلاح الهاشم | ayat=88
  ✅ read=46 | صلاح بو خاطر | ayat=88
  ✅ read=48 | عادل ريان | ayat=88
  ✅ read=49 | عبدالبارئ الثبيتي | ayat=88
  ✅ read=50 | عبدالبارئ محمد | ayat=88
  ✅ read=53 | عبدالباسط عبدالصمد | ayat=89
  ✅ read=54 | عبدالرحمن السديس | ayat=88
  ✅ read=55 | عبدالعزيز الأحمد | ayat=88
  ✅ read=56 | عبدالعزيز الزهراني | ayat=88
  ✅ read=58 | عبدالله البعيجان | ayat=88
  ✅ read=59 | عبدالله المطرود | ayat=88
  ✅ read=60 | عبدالله بصفر | ayat=89
  ✅ read=61 | عبدالله خياط | ayat=88
  ✅ read=62 | عبدالله عواد الجهني | ayat=89
  ✅ read=66 | عبدالمحسن الحارثي | ayat=88
  ✅ read=67 | عبدالمحسن القاسم | ayat=89
  ✅ read=69 | عبدالمحسن العبيكان | ayat=88
  ✅ read=70 | عبدالهادي أحمد كناكري | ayat=88
  ✅ read=71 | عبدالودود حنيف | ayat=88
  ✅ read=72 | عبدالولي الأركاني | ayat=88
  ✅ read=74 | علي بن عبدالرحمن الحذيفي | ayat=88
  ✅ read=76 | علي جابر | ayat=88
  ✅ read=77 | علي حجاج السويسي | ayat=89
  ✅ read=78 | عماد زهير حافظ | ayat=89
  ✅ read=81 | فارس عباد | ayat=88
  ✅ read=86 | ناصر القطامي | ayat=88
  ✅ read=87 | نبيل الرفاعي | ayat=88
  ✅ read=88 | نعمة الحسان | ayat=88
  ✅ read=89 | هاني الرفاعي | ayat=88
  ✅ read=92 | ياسر الدوسري | ayat=88
  ✅ read=106 | محمد الطبلاوي | ayat=89
  ✅ read=109 | محمد أيوب | ayat=88
  ✅ read=110 | محمد صالح عالم شاه | ayat=88
  ✅ read=112 | محمد صديق المنشاوي | ayat=89
  ✅ read=115 | محمد عبدالكريم | ayat=88
  ✅ read=118 | محمود خليل الحصري | ayat=89
  ✅ read=123 | مشاري العفاسي | ayat=88
  ✅ read=139 | ماجد الزامل | ayat=88
  ✅ read=159 | خالد المهنا | ayat=89
  ✅ read=181 | جمعان العصيمي | ayat=88
  ✅ read=193 | يوسف بن نوح أحمد | ayat=88
  ✅ read=198 | محمد رشاد الشريف | ayat=88
  ✅ read=201 | أحمد الطرابلسي | ayat=88
  ✅ read=203 | أحمد عامر | ayat=88
  ✅ read=217 | بندر بليله | ayat=88
  ✅ read=219 | وديع اليمني | ayat=88
  ✅ read=221 | رعد محمد الكردي | ayat=88
  ✅ read=225 | عبدالرحمن العوسي | ayat=88
  ✅ read=229 | محمد خليل القارئ | ayat=88
  ✅ read=232 | إبراهيم الدوسري | ayat=88
  ✅ read=236 | عبدالرحمن الماجد | ayat=88
  ✅ read=243 | عبدالله الموسى | ayat=88
  ✅ read=244 | عبدالله الخلف | ayat=88
  ✅ read=245 | منصور السالمي | ayat=88
  ✅ read=250 | محمد البخيت | ayat=88
  ✅ read=256 | أحمد خليل شاهين | ayat=88
  ✅ read=258 | عبدالرشيد صوفي | ayat=88
  ✅ read=259 | أحمد النفيس | ayat=88
  ✅ read=265 | أحمد ديبان | ayat=88
  ✅ read=268 | بيشه وا قادر الكردي | ayat=88
  ✅ read=273 | هيثم الدخين | ayat=88
  ✅ read=282 | عبدالعزيز التركي | ayat=88
  ✅ read=289 | أحمد عيسى المعصراوي | ayat=88
  ✅ read=294 | سيد أحمد هاشمي | ayat=88
  ✅ read=295 | خالد كريم محمدي | ayat=88
  ✅ read=299 | حسن صالح | ayat=88
  ✅ read=300 | صالح الشمراني | ayat=88
  ✅ read=303 | عيسى عمر سناكو | ayat=88
  ✅ read=314 | أنس العمادي | ayat=88
  ✅ read=340 | محمد برهجي | ayat=88
  ✅ read=10905 | حسن الدغريري | ayat=88
✅ تم إنشاء: timings_hafs_114/timing_028.json

📖 تحميل توقيتات السورة 029 ...
  ✅ read=1 | إبراهيم الأخضر | ayat=70
  ✅ read=3 | إبراهيم العسيري | ayat=69
  ✅ read=4 | شيخ أبو بكر الشاطري | ayat=69
  ✅ read=5 | أحمد بن علي العجمي | ayat=70
  ✅ read=6 | أحمد الحواشي | ayat=69
  ✅ read=8 | أحمد صابر | ayat=69
  ✅ read=9 | أحمد نعينع | ayat=70
  ✅ read=10 | أكرم العلاقمي | ayat=70
  ✅ read=12 | إدريس أبكر | ayat=69
  ✅ read=13 | الزين محمد أحمد | ayat=69
  ✅ read=17 | توفيق الصايغ | ayat=69
  ✅ read=20 | خالد الجليل | ayat=69
  ✅ read=21 | خالد القحطاني | ayat=69
  ✅ read=22 | خالد عبدالكافي | ayat=69
  ✅ read=24 | خليفة الطنيجي | ayat=69
  ✅ read=25 | داود حمزة | ayat=69
  ✅ read=30 | سعد الغامدي | ayat=69
  ✅ read=31 | سعود الشريم | ayat=70
  ✅ read=32 | سهل ياسين | ayat=70
  ✅ read=33 | زكي داغستاني | ayat=69
  ✅ read=38 | شيرزاد عبدالرحمن طاهر | ayat=69
  ✅ read=39 | صابر عبدالحكم | ayat=69
  ✅ read=40 | صالح الصاهود | ayat=69
  ✅ read=42 | صالح الهبدان | ayat=69
  ✅ read=43 | صلاح البدير | ayat=69
  ✅ read=44 | صلاح الهاشم | ayat=69
  ✅ read=46 | صلاح بو خاطر | ayat=69
  ✅ read=48 | عادل ريان | ayat=69
  ✅ read=49 | عبدالبارئ الثبيتي | ayat=69
  ✅ read=50 | عبدالبارئ محمد | ayat=69
  ✅ read=53 | عبدالباسط عبدالصمد | ayat=70
  ✅ read=54 | عبدالرحمن السديس | ayat=69
  ✅ read=55 | عبدالعزيز الأحمد | ayat=69
  ✅ read=56 | عبدالعزيز الزهراني | ayat=69
  ✅ read=58 | عبدالله البعيجان | ayat=69
  ✅ read=59 | عبدالله المطرود | ayat=69
  ✅ read=60 | عبدالله بصفر | ayat=70
  ✅ read=61 | عبدالله خياط | ayat=69
  ✅ read=62 | عبدالله عواد الجهني | ayat=70
  ✅ read=66 | عبدالمحسن الحارثي | ayat=69
  ✅ read=67 | عبدالمحسن القاسم | ayat=70
  ✅ read=69 | عبدالمحسن العبيكان | ayat=69
  ✅ read=70 | عبدالهادي أحمد كناكري | ayat=69
  ✅ read=71 | عبدالودود حنيف | ayat=69
  ✅ read=72 | عبدالولي الأركاني | ayat=69
  ✅ read=74 | علي بن عبدالرحمن الحذيفي | ayat=69
  ✅ read=76 | علي جابر | ayat=69
  ✅ read=77 | علي حجاج السويسي | ayat=70
  ✅ read=78 | عماد زهير حافظ | ayat=70
  ✅ read=81 | فارس عباد | ayat=69
  ✅ read=86 | ناصر القطامي | ayat=69
  ✅ read=87 | نبيل الرفاعي | ayat=69
  ✅ read=88 | نعمة الحسان | ayat=69
  ✅ read=89 | هاني الرفاعي | ayat=69
  ✅ read=92 | ياسر الدوسري | ayat=69
  ✅ read=106 | محمد الطبلاوي | ayat=70
  ✅ read=109 | محمد أيوب | ayat=69
  ✅ read=110 | محمد صالح عالم شاه | ayat=69
  ✅ read=112 | محمد صديق المنشاوي | ayat=70
  ✅ read=115 | محمد عبدالكريم | ayat=69
  ✅ read=118 | محمود خليل الحصري | ayat=70
  ✅ read=123 | مشاري العفاسي | ayat=69
  ✅ read=139 | ماجد الزامل | ayat=69
  ✅ read=159 | خالد المهنا | ayat=70
  ✅ read=181 | جمعان العصيمي | ayat=69
  ✅ read=193 | يوسف بن نوح أحمد | ayat=69
  ✅ read=198 | محمد رشاد الشريف | ayat=69
  ✅ read=201 | أحمد الطرابلسي | ayat=69
  ✅ read=203 | أحمد عامر | ayat=69
  ✅ read=217 | بندر بليله | ayat=69
  ✅ read=219 | وديع اليمني | ayat=69
  ✅ read=221 | رعد محمد الكردي | ayat=69
  ✅ read=225 | عبدالرحمن العوسي | ayat=69
  ✅ read=229 | محمد خليل القارئ | ayat=69
  ✅ read=232 | إبراهيم الدوسري | ayat=69
  ✅ read=236 | عبدالرحمن الماجد | ayat=69
  ✅ read=243 | عبدالله الموسى | ayat=69
  ✅ read=244 | عبدالله الخلف | ayat=69
  ✅ read=245 | منصور السالمي | ayat=69
  ✅ read=250 | محمد البخيت | ayat=69
  ✅ read=256 | أحمد خليل شاهين | ayat=69
  ✅ read=258 | عبدالرشيد صوفي | ayat=69
  ✅ read=259 | أحمد النفيس | ayat=69
  ✅ read=265 | أحمد ديبان | ayat=69
  ✅ read=268 | بيشه وا قادر الكردي | ayat=69
  ✅ read=273 | هيثم الدخين | ayat=69
  ✅ read=282 | عبدالعزيز التركي | ayat=69
  ✅ read=289 | أحمد عيسى المعصراوي | ayat=69
  ✅ read=294 | سيد أحمد هاشمي | ayat=69
  ✅ read=295 | خالد كريم محمدي | ayat=69
  ✅ read=299 | حسن صالح | ayat=69
  ✅ read=300 | صالح الشمراني | ayat=69
  ✅ read=303 | عيسى عمر سناكو | ayat=69
  ✅ read=314 | أنس العمادي | ayat=69
  ✅ read=340 | محمد برهجي | ayat=69
  ✅ read=10905 | حسن الدغريري | ayat=69
✅ تم إنشاء: timings_hafs_114/timing_029.json

📖 تحميل توقيتات السورة 030 ...
  ✅ read=1 | إبراهيم الأخضر | ayat=61
  ✅ read=3 | إبراهيم العسيري | ayat=60
  ✅ read=4 | شيخ أبو بكر الشاطري | ayat=60
  ✅ read=5 | أحمد بن علي العجمي | ayat=61
  ✅ read=6 | أحمد الحواشي | ayat=60
  ✅ read=8 | أحمد صابر | ayat=60
  ✅ read=9 | أحمد نعينع | ayat=61
  ✅ read=10 | أكرم العلاقمي | ayat=61
  ✅ read=12 | إدريس أبكر | ayat=60
  ✅ read=13 | الزين محمد أحمد | ayat=60
  ✅ read=17 | توفيق الصايغ | ayat=60
  ✅ read=20 | خالد الجليل | ayat=60
  ✅ read=21 | خالد القحطاني | ayat=60
  ✅ read=22 | خالد عبدالكافي | ayat=60
  ✅ read=24 | خليفة الطنيجي | ayat=60
  ✅ read=25 | داود حمزة | ayat=60
  ✅ read=30 | سعد الغامدي | ayat=60
  ✅ read=31 | سعود الشريم | ayat=61
  ✅ read=32 | سهل ياسين | ayat=61
  ✅ read=33 | زكي داغستاني | ayat=60
  ✅ read=38 | شيرزاد عبدالرحمن طاهر | ayat=60
  ✅ read=39 | صابر عبدالحكم | ayat=60
  ✅ read=40 | صالح الصاهود | ayat=60
  ✅ read=42 | صالح الهبدان | ayat=60
  ✅ read=43 | صلاح البدير | ayat=60
  ✅ read=44 | صلاح الهاشم | ayat=60
  ✅ read=46 | صلاح بو خاطر | ayat=60
  ✅ read=48 | عادل ريان | ayat=60
  ✅ read=49 | عبدالبارئ الثبيتي | ayat=60
  ✅ read=50 | عبدالبارئ محمد | ayat=60
  ✅ read=53 | عبدالباسط عبدالصمد | ayat=61
  ✅ read=54 | عبدالرحمن السديس | ayat=60
  ✅ read=55 | عبدالعزيز الأحمد | ayat=60
  ✅ read=56 | عبدالعزيز الزهراني | ayat=60
  ✅ read=58 | عبدالله البعيجان | ayat=60
  ✅ read=59 | عبدالله المطرود | ayat=60
  ✅ read=60 | عبدالله بصفر | ayat=61
  ✅ read=61 | عبدالله خياط | ayat=60
  ✅ read=62 | عبدالله عواد الجهني | ayat=61
  ✅ read=66 | عبدالمحسن الحارثي | ayat=60
  ✅ read=67 | عبدالمحسن القاسم | ayat=61
  ✅ read=69 | عبدالمحسن العبيكان | ayat=60
  ✅ read=70 | عبدالهادي أحمد كناكري | ayat=60
  ✅ read=71 | عبدالودود حنيف | ayat=60
  ✅ read=72 | عبدالولي الأركاني | ayat=60
  ✅ read=74 | علي بن عبدالرحمن الحذيفي | ayat=60
  ✅ read=76 | علي جابر | ayat=60
  ✅ read=77 | علي حجاج السويسي | ayat=61
  ✅ read=78 | عماد زهير حافظ | ayat=61
  ✅ read=81 | فارس عباد | ayat=60
  ✅ read=86 | ناصر القطامي | ayat=60
  ✅ read=87 | نبيل الرفاعي | ayat=60
  ✅ read=88 | نعمة الحسان | ayat=60
  ✅ read=89 | هاني الرفاعي | ayat=60
  ✅ read=92 | ياسر الدوسري | ayat=60
  ✅ read=106 | محمد الطبلاوي | ayat=61
  ✅ read=109 | محمد أيوب | ayat=60
  ✅ read=110 | محمد صالح عالم شاه | ayat=60
  ✅ read=112 | محمد صديق المنشاوي | ayat=61
  ✅ read=115 | محمد عبدالكريم | ayat=60
  ✅ read=118 | محمود خليل الحصري | ayat=61
  ✅ read=123 | مشاري العفاسي | ayat=60
  ✅ read=139 | ماجد الزامل | ayat=60
  ✅ read=159 | خالد المهنا | ayat=61
  ✅ read=181 | جمعان العصيمي | ayat=60
  ✅ read=193 | يوسف بن نوح أحمد | ayat=60
  ✅ read=198 | محمد رشاد الشريف | ayat=60
  ✅ read=201 | أحمد الطرابلسي | ayat=60
  ✅ read=203 | أحمد عامر | ayat=60
  ✅ read=217 | بندر بليله | ayat=60
  ✅ read=219 | وديع اليمني | ayat=60
  ✅ read=221 | رعد محمد الكردي | ayat=60
  ✅ read=225 | عبدالرحمن العوسي | ayat=60
  ✅ read=229 | محمد خليل القارئ | ayat=60
  ✅ read=232 | إبراهيم الدوسري | ayat=60
  ✅ read=236 | عبدالرحمن الماجد | ayat=60
  ✅ read=243 | عبدالله الموسى | ayat=60
  ✅ read=244 | عبدالله الخلف | ayat=60
  ✅ read=245 | منصور السالمي | ayat=60
  ✅ read=250 | محمد البخيت | ayat=60
  ✅ read=256 | أحمد خليل شاهين | ayat=60
  ✅ read=258 | عبدالرشيد صوفي | ayat=60
  ✅ read=259 | أحمد النفيس | ayat=60
  ✅ read=265 | أحمد ديبان | ayat=60
  ✅ read=268 | بيشه وا قادر الكردي | ayat=60
  ✅ read=273 | هيثم الدخين | ayat=60
  ✅ read=282 | عبدالعزيز التركي | ayat=60
  ✅ read=289 | أحمد عيسى المعصراوي | ayat=60
  ✅ read=294 | سيد أحمد هاشمي | ayat=60
  ✅ read=295 | خالد كريم محمدي | ayat=60
  ✅ read=299 | حسن صالح | ayat=60
  ✅ read=300 | صالح الشمراني | ayat=60
  ✅ read=303 | عيسى عمر سناكو | ayat=60
  ✅ read=314 | أنس العمادي | ayat=60
  ✅ read=340 | محمد برهجي | ayat=60
  ✅ read=10905 | حسن الدغريري | ayat=60
✅ تم إنشاء: timings_hafs_114/timing_030.json

📖 تحميل توقيتات السورة 031 ...
  ✅ read=1 | إبراهيم الأخضر | ayat=35
  ✅ read=3 | إبراهيم العسيري | ayat=34
  ✅ read=4 | شيخ أبو بكر الشاطري | ayat=34
  ✅ read=5 | أحمد بن علي العجمي | ayat=35
  ✅ read=6 | أحمد الحواشي | ayat=34
  ✅ read=8 | أحمد صابر | ayat=34
  ✅ read=9 | أحمد نعينع | ayat=35
  ✅ read=10 | أكرم العلاقمي | ayat=35
  ✅ read=12 | إدريس أبكر | ayat=34
  ✅ read=13 | الزين محمد أحمد | ayat=34
  ✅ read=17 | توفيق الصايغ | ayat=34
  ✅ read=20 | خالد الجليل | ayat=34
  ✅ read=21 | خالد القحطاني | ayat=34
  ✅ read=22 | خالد عبدالكافي | ayat=34
  ✅ read=24 | خليفة الطنيجي | ayat=34
  ✅ read=25 | داود حمزة | ayat=34
  ✅ read=30 | سعد الغامدي | ayat=34
  ✅ read=31 | سعود الشريم | ayat=35
  ✅ read=32 | سهل ياسين | ayat=35
  ✅ read=33 | زكي داغستاني | ayat=34
  ✅ read=38 | شيرزاد عبدالرحمن طاهر | ayat=34
  ✅ read=39 | صابر عبدالحكم | ayat=34
  ✅ read=40 | صالح الصاهود | ayat=34
  ✅ read=42 | صالح الهبدان | ayat=34
  ✅ read=43 | صلاح البدير | ayat=34
  ✅ read=44 | صلاح الهاشم | ayat=34
  ✅ read=46 | صلاح بو خاطر | ayat=34
  ✅ read=48 | عادل ريان | ayat=34
  ✅ read=49 | عبدالبارئ الثبيتي | ayat=34
  ✅ read=50 | عبدالبارئ محمد | ayat=34
  ✅ read=53 | عبدالباسط عبدالصمد | ayat=35
  ✅ read=54 | عبدالرحمن السديس | ayat=34
  ✅ read=55 | عبدالعزيز الأحمد | ayat=34
  ✅ read=56 | عبدالعزيز الزهراني | ayat=34
  ✅ read=58 | عبدالله البعيجان | ayat=34
  ✅ read=59 | عبدالله المطرود | ayat=34
  ✅ read=60 | عبدالله بصفر | ayat=35
  ✅ read=61 | عبدالله خياط | ayat=34
  ✅ read=62 | عبدالله عواد الجهني | ayat=35
  ✅ read=66 | عبدالمحسن الحارثي | ayat=34
  ✅ read=67 | عبدالمحسن القاسم | ayat=35
  ✅ read=69 | عبدالمحسن العبيكان | ayat=34
  ✅ read=70 | عبدالهادي أحمد كناكري | ayat=34
  ✅ read=71 | عبدالودود حنيف | ayat=34
  ✅ read=72 | عبدالولي الأركاني | ayat=34
  ✅ read=74 | علي بن عبدالرحمن الحذيفي | ayat=34
  ✅ read=76 | علي جابر | ayat=34
  ✅ read=77 | علي حجاج السويسي | ayat=35
  ✅ read=78 | عماد زهير حافظ | ayat=35
  ✅ read=81 | فارس عباد | ayat=34
  ✅ read=86 | ناصر القطامي | ayat=34
  ✅ read=87 | نبيل الرفاعي | ayat=34
  ✅ read=88 | نعمة الحسان | ayat=34
  ✅ read=89 | هاني الرفاعي | ayat=34
  ✅ read=92 | ياسر الدوسري | ayat=34
  ✅ read=106 | محمد الطبلاوي | ayat=35
  ✅ read=109 | محمد أيوب | ayat=34
  ✅ read=110 | محمد صالح عالم شاه | ayat=34
  ✅ read=112 | محمد صديق المنشاوي | ayat=35
  ✅ read=115 | محمد عبدالكريم | ayat=34
  ✅ read=118 | محمود خليل الحصري | ayat=35
  ✅ read=123 | مشاري العفاسي | ayat=34
  ✅ read=139 | ماجد الزامل | ayat=34
  ✅ read=159 | خالد المهنا | ayat=35
  ✅ read=181 | جمعان العصيمي | ayat=34
  ✅ read=193 | يوسف بن نوح أحمد | ayat=34
  ✅ read=198 | محمد رشاد الشريف | ayat=34
  ✅ read=201 | أحمد الطرابلسي | ayat=34
  ✅ read=203 | أحمد عامر | ayat=34
  ✅ read=217 | بندر بليله | ayat=34
  ✅ read=219 | وديع اليمني | ayat=34
  ✅ read=221 | رعد محمد الكردي | ayat=34
  ✅ read=225 | عبدالرحمن العوسي | ayat=34
  ✅ read=229 | محمد خليل القارئ | ayat=34
  ✅ read=232 | إبراهيم الدوسري | ayat=34
  ✅ read=236 | عبدالرحمن الماجد | ayat=34
  ✅ read=243 | عبدالله الموسى | ayat=34
  ✅ read=244 | عبدالله الخلف | ayat=34
  ✅ read=245 | منصور السالمي | ayat=34
  ✅ read=250 | محمد البخيت | ayat=34
  ✅ read=256 | أحمد خليل شاهين | ayat=34
  ✅ read=258 | عبدالرشيد صوفي | ayat=34
  ✅ read=259 | أحمد النفيس | ayat=34
  ✅ read=265 | أحمد ديبان | ayat=34
  ✅ read=268 | بيشه وا قادر الكردي | ayat=34
  ✅ read=273 | هيثم الدخين | ayat=34
  ✅ read=282 | عبدالعزيز التركي | ayat=34
  ✅ read=289 | أحمد عيسى المعصراوي | ayat=34
  ✅ read=294 | سيد أحمد هاشمي | ayat=34
  ✅ read=295 | خالد كريم محمدي | ayat=34
  ✅ read=299 | حسن صالح | ayat=34
  ✅ read=300 | صالح الشمراني | ayat=34
  ✅ read=303 | عيسى عمر سناكو | ayat=34
  ✅ read=314 | أنس العمادي | ayat=34
  ✅ read=340 | محمد برهجي | ayat=34
  ✅ read=10905 | حسن الدغريري | ayat=34
✅ تم إنشاء: timings_hafs_114/timing_031.json

📖 تحميل توقيتات السورة 032 ...
  ✅ read=1 | إبراهيم الأخضر | ayat=31
  ✅ read=3 | إبراهيم العسيري | ayat=30
  ✅ read=4 | شيخ أبو بكر الشاطري | ayat=30
  ✅ read=5 | أحمد بن علي العجمي | ayat=31
  ✅ read=6 | أحمد الحواشي | ayat=30
  ✅ read=8 | أحمد صابر | ayat=30
  ✅ read=9 | أحمد نعينع | ayat=31
  ✅ read=10 | أكرم العلاقمي | ayat=31
  ✅ read=12 | إدريس أبكر | ayat=30
  ✅ read=13 | الزين محمد أحمد | ayat=30
  ✅ read=17 | توفيق الصايغ | ayat=30
  ✅ read=20 | خالد الجليل | ayat=30
  ✅ read=21 | خالد القحطاني | ayat=30
  ✅ read=22 | خالد عبدالكافي | ayat=30
  ✅ read=24 | خليفة الطنيجي | ayat=30
  ✅ read=25 | داود حمزة | ayat=30
  ✅ read=30 | سعد الغامدي | ayat=30
  ✅ read=31 | سعود الشريم | ayat=31
  ✅ read=32 | سهل ياسين | ayat=31
  ✅ read=33 | زكي داغستاني | ayat=30
  ✅ read=38 | شيرزاد عبدالرحمن طاهر | ayat=30
  ✅ read=39 | صابر عبدالحكم | ayat=30
  ✅ read=40 | صالح الصاهود | ayat=30
  ✅ read=42 | صالح الهبدان | ayat=30
  ✅ read=43 | صلاح البدير | ayat=30
  ✅ read=44 | صلاح الهاشم | ayat=30
  ✅ read=46 | صلاح بو خاطر | ayat=30
  ✅ read=48 | عادل ريان | ayat=30
  ✅ read=49 | عبدالبارئ الثبيتي | ayat=30
  ✅ read=50 | عبدالبارئ محمد | ayat=30
  ✅ read=53 | عبدالباسط عبدالصمد | ayat=31
  ✅ read=54 | عبدالرحمن السديس | ayat=30
  ✅ read=55 | عبدالعزيز الأحمد | ayat=30
  ✅ read=56 | عبدالعزيز الزهراني | ayat=30
  ✅ read=58 | عبدالله البعيجان | ayat=30
  ✅ read=59 | عبدالله المطرود | ayat=30
  ✅ read=60 | عبدالله بصفر | ayat=31
  ✅ read=61 | عبدالله خياط | ayat=30
  ✅ read=62 | عبدالله عواد الجهني | ayat=31
  ✅ read=66 | عبدالمحسن الحارثي | ayat=30
  ✅ read=67 | عبدالمحسن القاسم | ayat=31
  ✅ read=69 | عبدالمحسن العبيكان | ayat=30
  ✅ read=70 | عبدالهادي أحمد كناكري | ayat=30
  ✅ read=71 | عبدالودود حنيف | ayat=30
  ✅ read=72 | عبدالولي الأركاني | ayat=30
  ✅ read=74 | علي بن عبدالرحمن الحذيفي | ayat=30
  ✅ read=76 | علي جابر | ayat=30
  ✅ read=77 | علي حجاج السويسي | ayat=31
  ✅ read=78 | عماد زهير حافظ | ayat=31
  ✅ read=81 | فارس عباد | ayat=30
  ✅ read=86 | ناصر القطامي | ayat=30
  ✅ read=87 | نبيل الرفاعي | ayat=30
  ✅ read=88 | نعمة الحسان | ayat=30
  ✅ read=89 | هاني الرفاعي | ayat=30
  ✅ read=92 | ياسر الدوسري | ayat=30
  ✅ read=106 | محمد الطبلاوي | ayat=31
  ✅ read=109 | محمد أيوب | ayat=30
  ✅ read=110 | محمد صالح عالم شاه | ayat=30
  ✅ read=112 | محمد صديق المنشاوي | ayat=31
  ✅ read=115 | محمد عبدالكريم | ayat=30
  ✅ read=118 | محمود خليل الحصري | ayat=31
  ✅ read=123 | مشاري العفاسي | ayat=30
  ✅ read=139 | ماجد الزامل | ayat=30
  ✅ read=159 | خالد المهنا | ayat=31
  ✅ read=181 | جمعان العصيمي | ayat=30
  ✅ read=193 | يوسف بن نوح أحمد | ayat=30
  ✅ read=198 | محمد رشاد الشريف | ayat=30
  ✅ read=201 | أحمد الطرابلسي | ayat=30
  ✅ read=203 | أحمد عامر | ayat=30
  ✅ read=217 | بندر بليله | ayat=30
  ✅ read=219 | وديع اليمني | ayat=30
  ✅ read=221 | رعد محمد الكردي | ayat=30
  ✅ read=225 | عبدالرحمن العوسي | ayat=30
  ✅ read=229 | محمد خليل القارئ | ayat=30
  ✅ read=232 | إبراهيم الدوسري | ayat=30
  ✅ read=236 | عبدالرحمن الماجد | ayat=30
  ✅ read=243 | عبدالله الموسى | ayat=30
  ✅ read=244 | عبدالله الخلف | ayat=30
  ✅ read=245 | منصور السالمي | ayat=30
  ✅ read=250 | محمد البخيت | ayat=30
  ✅ read=256 | أحمد خليل شاهين | ayat=30
  ✅ read=258 | عبدالرشيد صوفي | ayat=30
  ✅ read=259 | أحمد النفيس | ayat=30
  ✅ read=265 | أحمد ديبان | ayat=30
  ✅ read=268 | بيشه وا قادر الكردي | ayat=30
  ✅ read=273 | هيثم الدخين | ayat=30
  ✅ read=282 | عبدالعزيز التركي | ayat=30
  ✅ read=289 | أحمد عيسى المعصراوي | ayat=30
  ✅ read=294 | سيد أحمد هاشمي | ayat=30
  ✅ read=295 | خالد كريم محمدي | ayat=30
  ✅ read=299 | حسن صالح | ayat=30
  ✅ read=300 | صالح الشمراني | ayat=30
  ✅ read=303 | عيسى عمر سناكو | ayat=30
  ✅ read=314 | أنس العمادي | ayat=30
  ✅ read=340 | محمد برهجي | ayat=30
  ✅ read=10905 | حسن الدغريري | ayat=30
✅ تم إنشاء: timings_hafs_114/timing_032.json

📖 تحميل توقيتات السورة 033 ...
  ✅ read=1 | إبراهيم الأخضر | ayat=74
  ✅ read=3 | إبراهيم العسيري | ayat=73
  ✅ read=4 | شيخ أبو بكر الشاطري | ayat=73
  ✅ read=5 | أحمد بن علي العجمي | ayat=74
  ✅ read=6 | أحمد الحواشي | ayat=73
  ✅ read=8 | أحمد صابر | ayat=73
  ✅ read=9 | أحمد نعينع | ayat=74
  ✅ read=10 | أكرم العلاقمي | ayat=74
  ✅ read=12 | إدريس أبكر | ayat=73
  ✅ read=13 | الزين محمد أحمد | ayat=73
  ✅ read=17 | توفيق الصايغ | ayat=73
  ✅ read=20 | خالد الجليل | ayat=73
  ✅ read=21 | خالد القحطاني | ayat=73
  ✅ read=22 | خالد عبدالكافي | ayat=73
  ✅ read=24 | خليفة الطنيجي | ayat=73
  ✅ read=25 | داود حمزة | ayat=73
  ✅ read=30 | سعد الغامدي | ayat=73
  ✅ read=31 | سعود الشريم | ayat=74
  ✅ read=32 | سهل ياسين | ayat=74
  ✅ read=33 | زكي داغستاني | ayat=73
  ✅ read=38 | شيرزاد عبدالرحمن طاهر | ayat=73
  ✅ read=39 | صابر عبدالحكم | ayat=73
  ✅ read=40 | صالح الصاهود | ayat=73
  ✅ read=42 | صالح الهبدان | ayat=73
  ✅ read=43 | صلاح البدير | ayat=73
  ✅ read=44 | صلاح الهاشم | ayat=73
  ✅ read=46 | صلاح بو خاطر | ayat=73
  ✅ read=48 | عادل ريان | ayat=73
  ✅ read=49 | عبدالبارئ الثبيتي | ayat=73
  ✅ read=50 | عبدالبارئ محمد | ayat=73
  ✅ read=53 | عبدالباسط عبدالصمد | ayat=74
  ✅ read=54 | عبدالرحمن السديس | ayat=73
  ✅ read=55 | عبدالعزيز الأحمد | ayat=73
  ✅ read=56 | عبدالعزيز الزهراني | ayat=73
  ✅ read=58 | عبدالله البعيجان | ayat=73
  ✅ read=59 | عبدالله المطرود | ayat=73
  ✅ read=60 | عبدالله بصفر | ayat=74
  ✅ read=61 | عبدالله خياط | ayat=73
  ✅ read=62 | عبدالله عواد الجهني | ayat=74
  ✅ read=66 | عبدالمحسن الحارثي | ayat=73
  ✅ read=67 | عبدالمحسن القاسم | ayat=74
  ✅ read=69 | عبدالمحسن العبيكان | ayat=73
  ✅ read=70 | عبدالهادي أحمد كناكري | ayat=73
  ✅ read=71 | عبدالودود حنيف | ayat=73
  ✅ read=72 | عبدالولي الأركاني | ayat=73
  ✅ read=74 | علي بن عبدالرحمن الحذيفي | ayat=73
  ✅ read=76 | علي جابر | ayat=73
  ✅ read=77 | علي حجاج السويسي | ayat=74
  ✅ read=78 | عماد زهير حافظ | ayat=74
  ✅ read=81 | فارس عباد | ayat=73
  ✅ read=86 | ناصر القطامي | ayat=73
  ✅ read=87 | نبيل الرفاعي | ayat=73
  ✅ read=88 | نعمة الحسان | ayat=73
  ✅ read=89 | هاني الرفاعي | ayat=73
  ✅ read=92 | ياسر الدوسري | ayat=73
  ✅ read=106 | محمد الطبلاوي | ayat=74
  ✅ read=109 | محمد أيوب | ayat=73
  ✅ read=110 | محمد صالح عالم شاه | ayat=73
  ✅ read=112 | محمد صديق المنشاوي | ayat=74
  ✅ read=115 | محمد عبدالكريم | ayat=73
  ✅ read=118 | محمود خليل الحصري | ayat=74
  ✅ read=123 | مشاري العفاسي | ayat=73
  ✅ read=139 | ماجد الزامل | ayat=73
  ✅ read=159 | خالد المهنا | ayat=74
  ✅ read=181 | جمعان العصيمي | ayat=73
  ✅ read=193 | يوسف بن نوح أحمد | ayat=73
  ✅ read=198 | محمد رشاد الشريف | ayat=73
  ✅ read=201 | أحمد الطرابلسي | ayat=73
  ✅ read=203 | أحمد عامر | ayat=73
  ✅ read=217 | بندر بليله | ayat=73
  ✅ read=219 | وديع اليمني | ayat=73
  ✅ read=221 | رعد محمد الكردي | ayat=73
  ✅ read=225 | عبدالرحمن العوسي | ayat=73
  ✅ read=229 | محمد خليل القارئ | ayat=73
  ✅ read=232 | إبراهيم الدوسري | ayat=73
  ✅ read=236 | عبدالرحمن الماجد | ayat=73
  ✅ read=243 | عبدالله الموسى | ayat=73
  ✅ read=244 | عبدالله الخلف | ayat=73
  ✅ read=245 | منصور السالمي | ayat=73
  ✅ read=250 | محمد البخيت | ayat=73
  ✅ read=256 | أحمد خليل شاهين | ayat=73
  ✅ read=258 | عبدالرشيد صوفي | ayat=73
  ✅ read=259 | أحمد النفيس | ayat=73
  ✅ read=265 | أحمد ديبان | ayat=73
  ✅ read=268 | بيشه وا قادر الكردي | ayat=73
  ✅ read=273 | هيثم الدخين | ayat=73
  ✅ read=282 | عبدالعزيز التركي | ayat=73
  ✅ read=289 | أحمد عيسى المعصراوي | ayat=73
  ✅ read=294 | سيد أحمد هاشمي | ayat=73
  ✅ read=295 | خالد كريم محمدي | ayat=73
  ✅ read=299 | حسن صالح | ayat=73
  ✅ read=300 | صالح الشمراني | ayat=73
  ✅ read=303 | عيسى عمر سناكو | ayat=73
  ✅ read=314 | أنس العمادي | ayat=73
  ✅ read=340 | محمد برهجي | ayat=73
  ✅ read=10905 | حسن الدغريري | ayat=73
✅ تم إنشاء: timings_hafs_114/timing_033.json

📖 تحميل توقيتات السورة 034 ...
  ✅ read=1 | إبراهيم الأخضر | ayat=55
  ✅ read=3 | إبراهيم العسيري | ayat=54
  ✅ read=4 | شيخ أبو بكر الشاطري | ayat=54
  ✅ read=5 | أحمد بن علي العجمي | ayat=55
  ✅ read=6 | أحمد الحواشي | ayat=54
  ✅ read=8 | أحمد صابر | ayat=54
  ✅ read=9 | أحمد نعينع | ayat=55
  ✅ read=10 | أكرم العلاقمي | ayat=55
  ✅ read=12 | إدريس أبكر | ayat=54
  ✅ read=13 | الزين محمد أحمد | ayat=54
  ✅ read=17 | توفيق الصايغ | ayat=54
  ✅ read=20 | خالد الجليل | ayat=54
  ✅ read=21 | خالد القحطاني | ayat=54
  ✅ read=22 | خالد عبدالكافي | ayat=54
  ✅ read=24 | خليفة الطنيجي | ayat=54
  ✅ read=25 | داود حمزة | ayat=54
  ✅ read=30 | سعد الغامدي | ayat=54
  ✅ read=31 | سعود الشريم | ayat=55
  ✅ read=32 | سهل ياسين | ayat=55
  ✅ read=33 | زكي داغستاني | ayat=54
  ✅ read=38 | شيرزاد عبدالرحمن طاهر | ayat=54
  ✅ read=39 | صابر عبدالحكم | ayat=54
  ✅ read=40 | صالح الصاهود | ayat=54
  ✅ read=42 | صالح الهبدان | ayat=54
  ✅ read=43 | صلاح البدير | ayat=54
  ✅ read=44 | صلاح الهاشم | ayat=54
  ✅ read=46 | صلاح بو خاطر | ayat=54
  ✅ read=48 | عادل ريان | ayat=54
  ✅ read=49 | عبدالبارئ الثبيتي | ayat=54
  ✅ read=50 | عبدالبارئ محمد | ayat=54
  ✅ read=53 | عبدالباسط عبدالصمد | ayat=55
  ✅ read=54 | عبدالرحمن السديس | ayat=54
  ✅ read=55 | عبدالعزيز الأحمد | ayat=54
  ✅ read=56 | عبدالعزيز الزهراني | ayat=54
  ✅ read=58 | عبدالله البعيجان | ayat=54
  ✅ read=59 | عبدالله المطرود | ayat=54
  ✅ read=60 | عبدالله بصفر | ayat=55
  ✅ read=61 | عبدالله خياط | ayat=54
  ✅ read=62 | عبدالله عواد الجهني | ayat=55
  ✅ read=66 | عبدالمحسن الحارثي | ayat=54
  ✅ read=67 | عبدالمحسن القاسم | ayat=55
  ✅ read=69 | عبدالمحسن العبيكان | ayat=54
  ✅ read=70 | عبدالهادي أحمد كناكري | ayat=54
  ✅ read=71 | عبدالودود حنيف | ayat=54
  ✅ read=72 | عبدالولي الأركاني | ayat=54
  ✅ read=74 | علي بن عبدالرحمن الحذيفي | ayat=54
  ✅ read=76 | علي جابر | ayat=54
  ✅ read=77 | علي حجاج السويسي | ayat=55
  ✅ read=78 | عماد زهير حافظ | ayat=55
  ✅ read=81 | فارس عباد | ayat=54
  ✅ read=86 | ناصر القطامي | ayat=54
  ✅ read=87 | نبيل الرفاعي | ayat=54
  ✅ read=88 | نعمة الحسان | ayat=54
  ✅ read=89 | هاني الرفاعي | ayat=54
  ✅ read=92 | ياسر الدوسري | ayat=54
  ✅ read=106 | محمد الطبلاوي | ayat=55
  ✅ read=109 | محمد أيوب | ayat=54
  ✅ read=110 | محمد صالح عالم شاه | ayat=54
  ✅ read=112 | محمد صديق المنشاوي | ayat=55
  ✅ read=115 | محمد عبدالكريم | ayat=54
  ✅ read=118 | محمود خليل الحصري | ayat=55
  ✅ read=123 | مشاري العفاسي | ayat=54
  ✅ read=139 | ماجد الزامل | ayat=54
  ✅ read=159 | خالد المهنا | ayat=55
  ✅ read=181 | جمعان العصيمي | ayat=54
  ✅ read=193 | يوسف بن نوح أحمد | ayat=54
  ✅ read=198 | محمد رشاد الشريف | ayat=54
  ✅ read=201 | أحمد الطرابلسي | ayat=54
  ✅ read=203 | أحمد عامر | ayat=54
  ✅ read=217 | بندر بليله | ayat=54
  ✅ read=219 | وديع اليمني | ayat=54
  ✅ read=221 | رعد محمد الكردي | ayat=54
  ✅ read=225 | عبدالرحمن العوسي | ayat=54
  ✅ read=229 | محمد خليل القارئ | ayat=54
  ✅ read=232 | إبراهيم الدوسري | ayat=54
  ✅ read=236 | عبدالرحمن الماجد | ayat=54
  ✅ read=243 | عبدالله الموسى | ayat=54
  ✅ read=244 | عبدالله الخلف | ayat=54
  ✅ read=245 | منصور السالمي | ayat=54
  ✅ read=250 | محمد البخيت | ayat=54
  ✅ read=256 | أحمد خليل شاهين | ayat=54
  ✅ read=258 | عبدالرشيد صوفي | ayat=54
  ✅ read=259 | أحمد النفيس | ayat=54
  ✅ read=265 | أحمد ديبان | ayat=54
  ✅ read=268 | بيشه وا قادر الكردي | ayat=54
  ✅ read=273 | هيثم الدخين | ayat=54
  ✅ read=282 | عبدالعزيز التركي | ayat=54
  ✅ read=289 | أحمد عيسى المعصراوي | ayat=54
  ✅ read=294 | سيد أحمد هاشمي | ayat=54
  ✅ read=295 | خالد كريم محمدي | ayat=54
  ✅ read=299 | حسن صالح | ayat=54
  ✅ read=300 | صالح الشمراني | ayat=54
  ✅ read=303 | عيسى عمر سناكو | ayat=54
  ✅ read=314 | أنس العمادي | ayat=54
  ✅ read=340 | محمد برهجي | ayat=54
  ✅ read=10905 | حسن الدغريري | ayat=54
✅ تم إنشاء: timings_hafs_114/timing_034.json

📖 تحميل توقيتات السورة 035 ...
  ✅ read=1 | إبراهيم الأخضر | ayat=46
  ✅ read=3 | إبراهيم العسيري | ayat=45
  ✅ read=4 | شيخ أبو بكر الشاطري | ayat=45
  ✅ read=5 | أحمد بن علي العجمي | ayat=46
  ✅ read=6 | أحمد الحواشي | ayat=45
  ✅ read=8 | أحمد صابر | ayat=45
  ✅ read=9 | أحمد نعينع | ayat=46
  ✅ read=10 | أكرم العلاقمي | ayat=46
  ✅ read=12 | إدريس أبكر | ayat=45
  ✅ read=13 | الزين محمد أحمد | ayat=45
  ✅ read=17 | توفيق الصايغ | ayat=45
  ✅ read=20 | خالد الجليل | ayat=45
  ✅ read=21 | خالد القحطاني | ayat=45
  ✅ read=22 | خالد عبدالكافي | ayat=45
  ✅ read=24 | خليفة الطنيجي | ayat=45
  ✅ read=25 | داود حمزة | ayat=45
  ✅ read=30 | سعد الغامدي | ayat=45
  ✅ read=31 | سعود الشريم | ayat=46
  ✅ read=32 | سهل ياسين | ayat=46
  ✅ read=33 | زكي داغستاني | ayat=45
  ✅ read=38 | شيرزاد عبدالرحمن طاهر | ayat=45
  ✅ read=39 | صابر عبدالحكم | ayat=45
  ✅ read=40 | صالح الصاهود | ayat=45
  ✅ read=42 | صالح الهبدان | ayat=45
  ✅ read=43 | صلاح البدير | ayat=45
  ✅ read=44 | صلاح الهاشم | ayat=45
  ✅ read=46 | صلاح بو خاطر | ayat=45
  ✅ read=48 | عادل ريان | ayat=45
  ✅ read=49 | عبدالبارئ الثبيتي | ayat=45
  ✅ read=50 | عبدالبارئ محمد | ayat=45
  ✅ read=53 | عبدالباسط عبدالصمد | ayat=46
  ✅ read=54 | عبدالرحمن السديس | ayat=45
  ✅ read=55 | عبدالعزيز الأحمد | ayat=45
  ✅ read=56 | عبدالعزيز الزهراني | ayat=45
  ✅ read=58 | عبدالله البعيجان | ayat=45
  ✅ read=59 | عبدالله المطرود | ayat=45
  ✅ read=60 | عبدالله بصفر | ayat=46
  ✅ read=61 | عبدالله خياط | ayat=45
  ✅ read=62 | عبدالله عواد الجهني | ayat=46
  ✅ read=66 | عبدالمحسن الحارثي | ayat=45
  ✅ read=67 | عبدالمحسن القاسم | ayat=46
  ✅ read=69 | عبدالمحسن العبيكان | ayat=45
  ✅ read=70 | عبدالهادي أحمد كناكري | ayat=45
  ✅ read=71 | عبدالودود حنيف | ayat=45
  ✅ read=72 | عبدالولي الأركاني | ayat=45
  ✅ read=74 | علي بن عبدالرحمن الحذيفي | ayat=45
  ✅ read=76 | علي جابر | ayat=45
  ✅ read=77 | علي حجاج السويسي | ayat=46
  ✅ read=78 | عماد زهير حافظ | ayat=46
  ✅ read=81 | فارس عباد | ayat=45
  ✅ read=86 | ناصر القطامي | ayat=45
  ✅ read=87 | نبيل الرفاعي | ayat=45
  ✅ read=88 | نعمة الحسان | ayat=45
  ✅ read=89 | هاني الرفاعي | ayat=45
  ✅ read=92 | ياسر الدوسري | ayat=45
  ✅ read=106 | محمد الطبلاوي | ayat=46
  ✅ read=109 | محمد أيوب | ayat=45
  ✅ read=110 | محمد صالح عالم شاه | ayat=45
  ✅ read=112 | محمد صديق المنشاوي | ayat=46
  ✅ read=115 | محمد عبدالكريم | ayat=45
  ✅ read=118 | محمود خليل الحصري | ayat=46
  ✅ read=123 | مشاري العفاسي | ayat=45
  ✅ read=139 | ماجد الزامل | ayat=45
  ✅ read=159 | خالد المهنا | ayat=46
  ✅ read=181 | جمعان العصيمي | ayat=45
  ✅ read=193 | يوسف بن نوح أحمد | ayat=45
  ✅ read=198 | محمد رشاد الشريف | ayat=45
  ✅ read=201 | أحمد الطرابلسي | ayat=45
  ✅ read=203 | أحمد عامر | ayat=45
  ✅ read=217 | بندر بليله | ayat=45
  ✅ read=219 | وديع اليمني | ayat=45
  ✅ read=221 | رعد محمد الكردي | ayat=45
  ✅ read=225 | عبدالرحمن العوسي | ayat=45
  ✅ read=229 | محمد خليل القارئ | ayat=45
  ✅ read=232 | إبراهيم الدوسري | ayat=45
  ✅ read=236 | عبدالرحمن الماجد | ayat=45
  ✅ read=243 | عبدالله الموسى | ayat=45
  ✅ read=244 | عبدالله الخلف | ayat=45
  ✅ read=245 | منصور السالمي | ayat=45
  ✅ read=250 | محمد البخيت | ayat=45
  ✅ read=256 | أحمد خليل شاهين | ayat=45
  ✅ read=258 | عبدالرشيد صوفي | ayat=45
  ✅ read=259 | أحمد النفيس | ayat=45
  ✅ read=265 | أحمد ديبان | ayat=45
  ✅ read=268 | بيشه وا قادر الكردي | ayat=45
  ✅ read=273 | هيثم الدخين | ayat=45
  ✅ read=282 | عبدالعزيز التركي | ayat=45
  ✅ read=289 | أحمد عيسى المعصراوي | ayat=45
  ✅ read=294 | سيد أحمد هاشمي | ayat=45
  ✅ read=295 | خالد كريم محمدي | ayat=45
  ✅ read=299 | حسن صالح | ayat=45
  ✅ read=300 | صالح الشمراني | ayat=45
  ✅ read=303 | عيسى عمر سناكو | ayat=45
  ✅ read=314 | أنس العمادي | ayat=45
  ✅ read=340 | محمد برهجي | ayat=45
  ✅ read=10905 | حسن الدغريري | ayat=45
✅ تم إنشاء: timings_hafs_114/timing_035.json

📖 تحميل توقيتات السورة 036 ...
  ✅ read=1 | إبراهيم الأخضر | ayat=84
  ✅ read=3 | إبراهيم العسيري | ayat=83
  ✅ read=4 | شيخ أبو بكر الشاطري | ayat=83
  ✅ read=5 | أحمد بن علي العجمي | ayat=84
  ✅ read=6 | أحمد الحواشي | ayat=83
  ✅ read=8 | أحمد صابر | ayat=83
  ✅ read=9 | أحمد نعينع | ayat=84
  ✅ read=10 | أكرم العلاقمي | ayat=84
  ✅ read=12 | إدريس أبكر | ayat=83
  ✅ read=13 | الزين محمد أحمد | ayat=83
  ✅ read=17 | توفيق الصايغ | ayat=83
  ✅ read=20 | خالد الجليل | ayat=83
  ✅ read=21 | خالد القحطاني | ayat=83
  ✅ read=22 | خالد عبدالكافي | ayat=83
  ✅ read=24 | خليفة الطنيجي | ayat=83
  ✅ read=25 | داود حمزة | ayat=83
  ✅ read=30 | سعد الغامدي | ayat=83
  ✅ read=31 | سعود الشريم | ayat=84
  ✅ read=32 | سهل ياسين | ayat=84
  ✅ read=33 | زكي داغستاني | ayat=83
  ✅ read=38 | شيرزاد عبدالرحمن طاهر | ayat=83
  ✅ read=39 | صابر عبدالحكم | ayat=83
  ✅ read=40 | صالح الصاهود | ayat=83
  ✅ read=42 | صالح الهبدان | ayat=83
  ✅ read=43 | صلاح البدير | ayat=83
  ✅ read=44 | صلاح الهاشم | ayat=83
  ✅ read=46 | صلاح بو خاطر | ayat=83
  ✅ read=48 | عادل ريان | ayat=83
  ✅ read=49 | عبدالبارئ الثبيتي | ayat=83
  ✅ read=50 | عبدالبارئ محمد | ayat=83
  ✅ read=53 | عبدالباسط عبدالصمد | ayat=84
  ✅ read=54 | عبدالرحمن السديس | ayat=83
  ✅ read=55 | عبدالعزيز الأحمد | ayat=83
  ✅ read=56 | عبدالعزيز الزهراني | ayat=83
  ✅ read=58 | عبدالله البعيجان | ayat=83
  ✅ read=59 | عبدالله المطرود | ayat=83
  ✅ read=60 | عبدالله بصفر | ayat=84
  ✅ read=61 | عبدالله خياط | ayat=83
  ✅ read=62 | عبدالله عواد الجهني | ayat=84
  ✅ read=66 | عبدالمحسن الحارثي | ayat=83
  ✅ read=67 | عبدالمحسن القاسم | ayat=84
  ✅ read=69 | عبدالمحسن العبيكان | ayat=83
  ✅ read=70 | عبدالهادي أحمد كناكري | ayat=83
  ✅ read=71 | عبدالودود حنيف | ayat=83
  ✅ read=72 | عبدالولي الأركاني | ayat=83
  ✅ read=74 | علي بن عبدالرحمن الحذيفي | ayat=83
  ✅ read=76 | علي جابر | ayat=83
  ✅ read=77 | علي حجاج السويسي | ayat=84
  ✅ read=78 | عماد زهير حافظ | ayat=84
  ✅ read=81 | فارس عباد | ayat=83
  ✅ read=86 | ناصر القطامي | ayat=83
  ✅ read=87 | نبيل الرفاعي | ayat=83
  ✅ read=88 | نعمة الحسان | ayat=83
  ✅ read=89 | هاني الرفاعي | ayat=83
  ✅ read=92 | ياسر الدوسري | ayat=83
  ✅ read=106 | محمد الطبلاوي | ayat=84
  ✅ read=109 | محمد أيوب | ayat=83
  ✅ read=110 | محمد صالح عالم شاه | ayat=83
  ✅ read=112 | محمد صديق المنشاوي | ayat=84
  ✅ read=115 | محمد عبدالكريم | ayat=83
  ✅ read=118 | محمود خليل الحصري | ayat=84
  ✅ read=123 | مشاري العفاسي | ayat=83
  ✅ read=139 | ماجد الزامل | ayat=83
  ✅ read=159 | خالد المهنا | ayat=84
  ✅ read=181 | جمعان العصيمي | ayat=83
  ✅ read=193 | يوسف بن نوح أحمد | ayat=83
  ✅ read=198 | محمد رشاد الشريف | ayat=83
  ✅ read=201 | أحمد الطرابلسي | ayat=83
  ✅ read=203 | أحمد عامر | ayat=83
  ✅ read=217 | بندر بليله | ayat=83
  ✅ read=219 | وديع اليمني | ayat=83
  ✅ read=221 | رعد محمد الكردي | ayat=83
  ✅ read=225 | عبدالرحمن العوسي | ayat=83
  ✅ read=229 | محمد خليل القارئ | ayat=83
  ✅ read=232 | إبراهيم الدوسري | ayat=83
  ✅ read=236 | عبدالرحمن الماجد | ayat=83
  ✅ read=243 | عبدالله الموسى | ayat=83
  ✅ read=244 | عبدالله الخلف | ayat=83
  ✅ read=245 | منصور السالمي | ayat=83
  ✅ read=250 | محمد البخيت | ayat=83
  ✅ read=256 | أحمد خليل شاهين | ayat=83
  ✅ read=258 | عبدالرشيد صوفي | ayat=83
  ✅ read=259 | أحمد النفيس | ayat=83
  ✅ read=265 | أحمد ديبان | ayat=83
  ✅ read=268 | بيشه وا قادر الكردي | ayat=83
  ✅ read=273 | هيثم الدخين | ayat=83
  ✅ read=282 | عبدالعزيز التركي | ayat=83
  ✅ read=289 | أحمد عيسى المعصراوي | ayat=83
  ✅ read=294 | سيد أحمد هاشمي | ayat=83
  ✅ read=295 | خالد كريم محمدي | ayat=83
  ✅ read=299 | حسن صالح | ayat=83
  ✅ read=300 | صالح الشمراني | ayat=83
  ✅ read=303 | عيسى عمر سناكو | ayat=83
  ✅ read=314 | أنس العمادي | ayat=83
  ✅ read=340 | محمد برهجي | ayat=83
  ✅ read=10905 | حسن الدغريري | ayat=83
✅ تم إنشاء: timings_hafs_114/timing_036.json

📖 تحميل توقيتات السورة 037 ...
  ✅ read=1 | إبراهيم الأخضر | ayat=183
  ✅ read=3 | إبراهيم العسيري | ayat=182
  ✅ read=4 | شيخ أبو بكر الشاطري | ayat=182
  ✅ read=5 | أحمد بن علي العجمي | ayat=183
  ✅ read=6 | أحمد الحواشي | ayat=182
  ✅ read=8 | أحمد صابر | ayat=182
  ✅ read=9 | أحمد نعينع | ayat=183
  ✅ read=10 | أكرم العلاقمي | ayat=183
  ✅ read=12 | إدريس أبكر | ayat=182
  ✅ read=13 | الزين محمد أحمد | ayat=182
  ✅ read=17 | توفيق الصايغ | ayat=182
  ✅ read=20 | خالد الجليل | ayat=182
  ✅ read=21 | خالد القحطاني | ayat=182
  ✅ read=22 | خالد عبدالكافي | ayat=182
  ✅ read=24 | خليفة الطنيجي | ayat=182
  ✅ read=25 | داود حمزة | ayat=182
  ✅ read=30 | سعد الغامدي | ayat=182
  ✅ read=31 | سعود الشريم | ayat=183
  ✅ read=32 | سهل ياسين | ayat=183
  ✅ read=33 | زكي داغستاني | ayat=182
  ✅ read=38 | شيرزاد عبدالرحمن طاهر | ayat=182
  ✅ read=39 | صابر عبدالحكم | ayat=182
  ✅ read=40 | صالح الصاهود | ayat=182
  ✅ read=42 | صالح الهبدان | ayat=182
  ✅ read=43 | صلاح البدير | ayat=182
  ✅ read=44 | صلاح الهاشم | ayat=182
  ✅ read=46 | صلاح بو خاطر | ayat=182
  ✅ read=48 | عادل ريان | ayat=182
  ✅ read=49 | عبدالبارئ الثبيتي | ayat=182
  ✅ read=50 | عبدالبارئ محمد | ayat=182
  ✅ read=53 | عبدالباسط عبدالصمد | ayat=183
  ✅ read=54 | عبدالرحمن السديس | ayat=182
  ✅ read=55 | عبدالعزيز الأحمد | ayat=182
  ✅ read=56 | عبدالعزيز الزهراني | ayat=182
  ✅ read=58 | عبدالله البعيجان | ayat=182
  ✅ read=59 | عبدالله المطرود | ayat=182
  ✅ read=60 | عبدالله بصفر | ayat=183
  ✅ read=61 | عبدالله خياط | ayat=182
  ✅ read=62 | عبدالله عواد الجهني | ayat=183
  ✅ read=66 | عبدالمحسن الحارثي | ayat=182
  ✅ read=67 | عبدالمحسن القاسم | ayat=183
  ✅ read=69 | عبدالمحسن العبيكان | ayat=182
  ✅ read=70 | عبدالهادي أحمد كناكري | ayat=182
  ✅ read=71 | عبدالودود حنيف | ayat=182
  ✅ read=72 | عبدالولي الأركاني | ayat=182
  ✅ read=74 | علي بن عبدالرحمن الحذيفي | ayat=182
  ✅ read=76 | علي جابر | ayat=182
  ✅ read=77 | علي حجاج السويسي | ayat=183
  ✅ read=78 | عماد زهير حافظ | ayat=183
  ✅ read=81 | فارس عباد | ayat=182
  ✅ read=86 | ناصر القطامي | ayat=182
  ✅ read=87 | نبيل الرفاعي | ayat=182
  ✅ read=88 | نعمة الحسان | ayat=182
  ✅ read=89 | هاني الرفاعي | ayat=182
  ✅ read=92 | ياسر الدوسري | ayat=182
  ✅ read=106 | محمد الطبلاوي | ayat=183
  ✅ read=109 | محمد أيوب | ayat=182
  ✅ read=110 | محمد صالح عالم شاه | ayat=182
  ✅ read=112 | محمد صديق المنشاوي | ayat=183
  ✅ read=115 | محمد عبدالكريم | ayat=182
  ✅ read=118 | محمود خليل الحصري | ayat=183
  ✅ read=123 | مشاري العفاسي | ayat=182
  ✅ read=139 | ماجد الزامل | ayat=182
  ✅ read=159 | خالد المهنا | ayat=183
  ✅ read=181 | جمعان العصيمي | ayat=182
  ✅ read=193 | يوسف بن نوح أحمد | ayat=182
  ✅ read=198 | محمد رشاد الشريف | ayat=182
  ✅ read=201 | أحمد الطرابلسي | ayat=182
  ✅ read=203 | أحمد عامر | ayat=182
  ✅ read=217 | بندر بليله | ayat=182
  ✅ read=219 | وديع اليمني | ayat=182
  ✅ read=221 | رعد محمد الكردي | ayat=182
  ✅ read=225 | عبدالرحمن العوسي | ayat=182
  ✅ read=229 | محمد خليل القارئ | ayat=182
  ✅ read=232 | إبراهيم الدوسري | ayat=182
  ✅ read=236 | عبدالرحمن الماجد | ayat=182
  ✅ read=243 | عبدالله الموسى | ayat=182
  ✅ read=244 | عبدالله الخلف | ayat=182
  ✅ read=245 | منصور السالمي | ayat=182
  ✅ read=250 | محمد البخيت | ayat=182
  ✅ read=256 | أحمد خليل شاهين | ayat=182
  ✅ read=258 | عبدالرشيد صوفي | ayat=182
  ✅ read=259 | أحمد النفيس | ayat=182
  ✅ read=265 | أحمد ديبان | ayat=182
  ✅ read=268 | بيشه وا قادر الكردي | ayat=182
  ✅ read=273 | هيثم الدخين | ayat=182
  ✅ read=282 | عبدالعزيز التركي | ayat=182
  ✅ read=289 | أحمد عيسى المعصراوي | ayat=182
  ✅ read=294 | سيد أحمد هاشمي | ayat=182
  ✅ read=295 | خالد كريم محمدي | ayat=182
  ✅ read=299 | حسن صالح | ayat=182
  ✅ read=300 | صالح الشمراني | ayat=182
  ✅ read=303 | عيسى عمر سناكو | ayat=182
  ✅ read=314 | أنس العمادي | ayat=182
  ✅ read=340 | محمد برهجي | ayat=182
  ✅ read=10905 | حسن الدغريري | ayat=182
✅ تم إنشاء: timings_hafs_114/timing_037.json

📖 تحميل توقيتات السورة 038 ...
  ✅ read=1 | إبراهيم الأخضر | ayat=89
  ✅ read=3 | إبراهيم العسيري | ayat=88
  ✅ read=4 | شيخ أبو بكر الشاطري | ayat=88
  ✅ read=5 | أحمد بن علي العجمي | ayat=89
  ✅ read=6 | أحمد الحواشي | ayat=88
  ✅ read=8 | أحمد صابر | ayat=88
  ✅ read=9 | أحمد نعينع | ayat=89
  ✅ read=10 | أكرم العلاقمي | ayat=89
  ✅ read=12 | إدريس أبكر | ayat=88
  ✅ read=13 | الزين محمد أحمد | ayat=88
  ✅ read=17 | توفيق الصايغ | ayat=88
  ✅ read=20 | خالد الجليل | ayat=88
  ✅ read=21 | خالد القحطاني | ayat=88
  ✅ read=22 | خالد عبدالكافي | ayat=88
  ✅ read=24 | خليفة الطنيجي | ayat=88
  ✅ read=25 | داود حمزة | ayat=88
  ✅ read=30 | سعد الغامدي | ayat=88
  ✅ read=31 | سعود الشريم | ayat=89
  ✅ read=32 | سهل ياسين | ayat=89
  ✅ read=33 | زكي داغستاني | ayat=88
  ✅ read=38 | شيرزاد عبدالرحمن طاهر | ayat=88
  ✅ read=39 | صابر عبدالحكم | ayat=88
  ✅ read=40 | صالح الصاهود | ayat=88
  ✅ read=42 | صالح الهبدان | ayat=88
  ✅ read=43 | صلاح البدير | ayat=88
  ✅ read=44 | صلاح الهاشم | ayat=88
  ✅ read=46 | صلاح بو خاطر | ayat=88
  ✅ read=48 | عادل ريان | ayat=88
  ✅ read=49 | عبدالبارئ الثبيتي | ayat=88
  ✅ read=50 | عبدالبارئ محمد | ayat=88
  ✅ read=53 | عبدالباسط عبدالصمد | ayat=89
  ✅ read=54 | عبدالرحمن السديس | ayat=88
  ✅ read=55 | عبدالعزيز الأحمد | ayat=88
  ✅ read=56 | عبدالعزيز الزهراني | ayat=88
  ✅ read=58 | عبدالله البعيجان | ayat=88
  ✅ read=59 | عبدالله المطرود | ayat=88
  ✅ read=60 | عبدالله بصفر | ayat=89
  ✅ read=61 | عبدالله خياط | ayat=88
  ✅ read=62 | عبدالله عواد الجهني | ayat=89
  ✅ read=66 | عبدالمحسن الحارثي | ayat=88
  ✅ read=67 | عبدالمحسن القاسم | ayat=89
  ✅ read=69 | عبدالمحسن العبيكان | ayat=88
  ✅ read=70 | عبدالهادي أحمد كناكري | ayat=88
  ✅ read=71 | عبدالودود حنيف | ayat=88
  ✅ read=72 | عبدالولي الأركاني | ayat=88
  ✅ read=74 | علي بن عبدالرحمن الحذيفي | ayat=88
  ✅ read=76 | علي جابر | ayat=88
  ✅ read=77 | علي حجاج السويسي | ayat=89
  ✅ read=78 | عماد زهير حافظ | ayat=89
  ✅ read=81 | فارس عباد | ayat=88
  ✅ read=86 | ناصر القطامي | ayat=88
  ✅ read=87 | نبيل الرفاعي | ayat=88
  ✅ read=88 | نعمة الحسان | ayat=88
  ✅ read=89 | هاني الرفاعي | ayat=88
  ✅ read=92 | ياسر الدوسري | ayat=88
  ✅ read=106 | محمد الطبلاوي | ayat=89
  ✅ read=109 | محمد أيوب | ayat=88
  ✅ read=110 | محمد صالح عالم شاه | ayat=88
  ✅ read=112 | محمد صديق المنشاوي | ayat=89
  ✅ read=115 | محمد عبدالكريم | ayat=88
  ✅ read=118 | محمود خليل الحصري | ayat=89
  ✅ read=123 | مشاري العفاسي | ayat=88
  ✅ read=139 | ماجد الزامل | ayat=88
  ✅ read=159 | خالد المهنا | ayat=89
  ✅ read=181 | جمعان العصيمي | ayat=88
  ✅ read=193 | يوسف بن نوح أحمد | ayat=88
  ✅ read=198 | محمد رشاد الشريف | ayat=88
  ✅ read=201 | أحمد الطرابلسي | ayat=88
  ✅ read=203 | أحمد عامر | ayat=88
  ✅ read=217 | بندر بليله | ayat=88
  ✅ read=219 | وديع اليمني | ayat=88
  ✅ read=221 | رعد محمد الكردي | ayat=88
  ✅ read=225 | عبدالرحمن العوسي | ayat=88
  ✅ read=229 | محمد خليل القارئ | ayat=88
  ✅ read=232 | إبراهيم الدوسري | ayat=88
  ✅ read=236 | عبدالرحمن الماجد | ayat=88
  ✅ read=243 | عبدالله الموسى | ayat=88
  ✅ read=244 | عبدالله الخلف | ayat=88
  ✅ read=245 | منصور السالمي | ayat=88
  ✅ read=250 | محمد البخيت | ayat=88
  ✅ read=256 | أحمد خليل شاهين | ayat=88
  ✅ read=258 | عبدالرشيد صوفي | ayat=88
  ✅ read=259 | أحمد النفيس | ayat=88
  ✅ read=265 | أحمد ديبان | ayat=88
  ✅ read=268 | بيشه وا قادر الكردي | ayat=88
  ✅ read=273 | هيثم الدخين | ayat=88
  ✅ read=282 | عبدالعزيز التركي | ayat=88
  ✅ read=289 | أحمد عيسى المعصراوي | ayat=88
  ✅ read=294 | سيد أحمد هاشمي | ayat=88
  ✅ read=295 | خالد كريم محمدي | ayat=88
  ✅ read=299 | حسن صالح | ayat=88
  ✅ read=300 | صالح الشمراني | ayat=88
  ✅ read=303 | عيسى عمر سناكو | ayat=88
  ✅ read=314 | أنس العمادي | ayat=88
  ✅ read=340 | محمد برهجي | ayat=88
  ✅ read=10905 | حسن الدغريري | ayat=88
✅ تم إنشاء: timings_hafs_114/timing_038.json

📖 تحميل توقيتات السورة 039 ...
  ✅ read=1 | إبراهيم الأخضر | ayat=76
  ✅ read=3 | إبراهيم العسيري | ayat=75
  ✅ read=4 | شيخ أبو بكر الشاطري | ayat=75
  ✅ read=5 | أحمد بن علي العجمي | ayat=76
  ✅ read=6 | أحمد الحواشي | ayat=75
  ✅ read=8 | أحمد صابر | ayat=75
  ✅ read=9 | أحمد نعينع | ayat=76
  ✅ read=10 | أكرم العلاقمي | ayat=76
  ✅ read=12 | إدريس أبكر | ayat=75
  ✅ read=13 | الزين محمد أحمد | ayat=75
  ✅ read=17 | توفيق الصايغ | ayat=75
  ✅ read=20 | خالد الجليل | ayat=75
  ✅ read=21 | خالد القحطاني | ayat=75
  ✅ read=22 | خالد عبدالكافي | ayat=75
  ✅ read=24 | خليفة الطنيجي | ayat=75
  ✅ read=25 | داود حمزة | ayat=75
  ✅ read=30 | سعد الغامدي | ayat=75
  ✅ read=31 | سعود الشريم | ayat=76
  ✅ read=32 | سهل ياسين | ayat=76
  ✅ read=33 | زكي داغستاني | ayat=75
  ✅ read=38 | شيرزاد عبدالرحمن طاهر | ayat=75
  ✅ read=39 | صابر عبدالحكم | ayat=75
  ✅ read=40 | صالح الصاهود | ayat=75
  ✅ read=42 | صالح الهبدان | ayat=75
  ✅ read=43 | صلاح البدير | ayat=75
  ✅ read=44 | صلاح الهاشم | ayat=75
  ✅ read=46 | صلاح بو خاطر | ayat=75
  ✅ read=48 | عادل ريان | ayat=75
  ✅ read=49 | عبدالبارئ الثبيتي | ayat=75
  ✅ read=50 | عبدالبارئ محمد | ayat=75
  ✅ read=53 | عبدالباسط عبدالصمد | ayat=76
  ✅ read=54 | عبدالرحمن السديس | ayat=75
  ✅ read=55 | عبدالعزيز الأحمد | ayat=75
  ✅ read=56 | عبدالعزيز الزهراني | ayat=75
  ✅ read=58 | عبدالله البعيجان | ayat=75
  ✅ read=59 | عبدالله المطرود | ayat=75
  ✅ read=60 | عبدالله بصفر | ayat=76
  ✅ read=61 | عبدالله خياط | ayat=75
  ✅ read=62 | عبدالله عواد الجهني | ayat=76
  ✅ read=66 | عبدالمحسن الحارثي | ayat=75
  ✅ read=67 | عبدالمحسن القاسم | ayat=76
  ✅ read=69 | عبدالمحسن العبيكان | ayat=75
  ✅ read=70 | عبدالهادي أحمد كناكري | ayat=75
  ✅ read=71 | عبدالودود حنيف | ayat=75
  ✅ read=72 | عبدالولي الأركاني | ayat=75
  ✅ read=74 | علي بن عبدالرحمن الحذيفي | ayat=75
  ✅ read=76 | علي جابر | ayat=75
  ✅ read=77 | علي حجاج السويسي | ayat=76
  ✅ read=78 | عماد زهير حافظ | ayat=76
  ✅ read=81 | فارس عباد | ayat=75
  ✅ read=86 | ناصر القطامي | ayat=75
  ✅ read=87 | نبيل الرفاعي | ayat=75
  ✅ read=88 | نعمة الحسان | ayat=75
  ✅ read=89 | هاني الرفاعي | ayat=75
  ✅ read=92 | ياسر الدوسري | ayat=75
  ✅ read=106 | محمد الطبلاوي | ayat=76
  ✅ read=109 | محمد أيوب | ayat=75
  ✅ read=110 | محمد صالح عالم شاه | ayat=75
  ✅ read=112 | محمد صديق المنشاوي | ayat=76
  ✅ read=115 | محمد عبدالكريم | ayat=75
  ✅ read=118 | محمود خليل الحصري | ayat=76
  ✅ read=123 | مشاري العفاسي | ayat=75
  ✅ read=139 | ماجد الزامل | ayat=75
  ✅ read=159 | خالد المهنا | ayat=76
  ✅ read=181 | جمعان العصيمي | ayat=75
  ✅ read=193 | يوسف بن نوح أحمد | ayat=75
  ✅ read=198 | محمد رشاد الشريف | ayat=75
  ✅ read=201 | أحمد الطرابلسي | ayat=75
  ✅ read=203 | أحمد عامر | ayat=75
  ✅ read=217 | بندر بليله | ayat=75
  ✅ read=219 | وديع اليمني | ayat=75
  ✅ read=221 | رعد محمد الكردي | ayat=75
  ✅ read=225 | عبدالرحمن العوسي | ayat=75
  ✅ read=229 | محمد خليل القارئ | ayat=75
  ✅ read=232 | إبراهيم الدوسري | ayat=75
  ✅ read=236 | عبدالرحمن الماجد | ayat=75
  ✅ read=243 | عبدالله الموسى | ayat=75
  ✅ read=244 | عبدالله الخلف | ayat=75
  ✅ read=245 | منصور السالمي | ayat=75
  ✅ read=250 | محمد البخيت | ayat=75
  ✅ read=256 | أحمد خليل شاهين | ayat=75
  ✅ read=258 | عبدالرشيد صوفي | ayat=75
  ✅ read=259 | أحمد النفيس | ayat=75
  ✅ read=265 | أحمد ديبان | ayat=75
  ✅ read=268 | بيشه وا قادر الكردي | ayat=75
  ✅ read=273 | هيثم الدخين | ayat=75
  ✅ read=282 | عبدالعزيز التركي | ayat=75
  ✅ read=289 | أحمد عيسى المعصراوي | ayat=75
  ✅ read=294 | سيد أحمد هاشمي | ayat=75
  ✅ read=295 | خالد كريم محمدي | ayat=75
  ✅ read=299 | حسن صالح | ayat=75
  ✅ read=300 | صالح الشمراني | ayat=75
  ✅ read=303 | عيسى عمر سناكو | ayat=75
  ✅ read=314 | أنس العمادي | ayat=75
  ✅ read=340 | محمد برهجي | ayat=75
  ✅ read=10905 | حسن الدغريري | ayat=75
✅ تم إنشاء: timings_hafs_114/timing_039.json

📖 تحميل توقيتات السورة 040 ...
  ✅ read=1 | إبراهيم الأخضر | ayat=86
  ✅ read=3 | إبراهيم العسيري | ayat=85
  ✅ read=4 | شيخ أبو بكر الشاطري | ayat=85
  ✅ read=5 | أحمد بن علي العجمي | ayat=86
  ✅ read=6 | أحمد الحواشي | ayat=85
  ✅ read=8 | أحمد صابر | ayat=85
  ✅ read=9 | أحمد نعينع | ayat=86
  ✅ read=10 | أكرم العلاقمي | ayat=86
  ✅ read=12 | إدريس أبكر | ayat=85
  ✅ read=13 | الزين محمد أحمد | ayat=85
  ✅ read=17 | توفيق الصايغ | ayat=85
  ✅ read=20 | خالد الجليل | ayat=85
  ✅ read=21 | خالد القحطاني | ayat=85
  ✅ read=22 | خالد عبدالكافي | ayat=85
  ✅ read=24 | خليفة الطنيجي | ayat=85
  ✅ read=25 | داود حمزة | ayat=85
  ✅ read=30 | سعد الغامدي | ayat=85
  ✅ read=31 | سعود الشريم | ayat=86
  ✅ read=32 | سهل ياسين | ayat=86
  ✅ read=33 | زكي داغستاني | ayat=85
  ✅ read=38 | شيرزاد عبدالرحمن طاهر | ayat=85
  ✅ read=39 | صابر عبدالحكم | ayat=85
  ✅ read=40 | صالح الصاهود | ayat=85
  ✅ read=42 | صالح الهبدان | ayat=85
  ✅ read=43 | صلاح البدير | ayat=85
  ✅ read=44 | صلاح الهاشم | ayat=85
  ✅ read=46 | صلاح بو خاطر | ayat=85
  ✅ read=48 | عادل ريان | ayat=85
  ✅ read=49 | عبدالبارئ الثبيتي | ayat=85
  ✅ read=50 | عبدالبارئ محمد | ayat=85
  ✅ read=53 | عبدالباسط عبدالصمد | ayat=86
  ✅ read=54 | عبدالرحمن السديس | ayat=85
  ✅ read=55 | عبدالعزيز الأحمد | ayat=85
  ✅ read=56 | عبدالعزيز الزهراني | ayat=85
  ✅ read=58 | عبدالله البعيجان | ayat=85
  ✅ read=59 | عبدالله المطرود | ayat=85
  ✅ read=60 | عبدالله بصفر | ayat=86
  ✅ read=61 | عبدالله خياط | ayat=85
  ✅ read=62 | عبدالله عواد الجهني | ayat=86
  ✅ read=66 | عبدالمحسن الحارثي | ayat=85
  ✅ read=67 | عبدالمحسن القاسم | ayat=86
  ✅ read=69 | عبدالمحسن العبيكان | ayat=85
  ✅ read=70 | عبدالهادي أحمد كناكري | ayat=85
  ✅ read=71 | عبدالودود حنيف | ayat=85
  ✅ read=72 | عبدالولي الأركاني | ayat=85
  ✅ read=74 | علي بن عبدالرحمن الحذيفي | ayat=85
  ✅ read=76 | علي جابر | ayat=85
  ✅ read=77 | علي حجاج السويسي | ayat=86
  ✅ read=78 | عماد زهير حافظ | ayat=86
  ✅ read=81 | فارس عباد | ayat=85
  ✅ read=86 | ناصر القطامي | ayat=85
  ✅ read=87 | نبيل الرفاعي | ayat=85
  ✅ read=88 | نعمة الحسان | ayat=85
  ✅ read=89 | هاني الرفاعي | ayat=85
  ✅ read=92 | ياسر الدوسري | ayat=85
  ✅ read=106 | محمد الطبلاوي | ayat=86
  ✅ read=109 | محمد أيوب | ayat=85
  ✅ read=110 | محمد صالح عالم شاه | ayat=85
  ✅ read=112 | محمد صديق المنشاوي | ayat=86
  ✅ read=115 | محمد عبدالكريم | ayat=85
  ✅ read=118 | محمود خليل الحصري | ayat=86
  ✅ read=123 | مشاري العفاسي | ayat=85
  ✅ read=139 | ماجد الزامل | ayat=85
  ✅ read=159 | خالد المهنا | ayat=86
  ✅ read=181 | جمعان العصيمي | ayat=85
  ✅ read=193 | يوسف بن نوح أحمد | ayat=85
  ✅ read=198 | محمد رشاد الشريف | ayat=85
  ✅ read=201 | أحمد الطرابلسي | ayat=85
  ✅ read=203 | أحمد عامر | ayat=85
  ✅ read=217 | بندر بليله | ayat=85
  ✅ read=219 | وديع اليمني | ayat=85
  ✅ read=221 | رعد محمد الكردي | ayat=85
  ✅ read=225 | عبدالرحمن العوسي | ayat=85
  ✅ read=229 | محمد خليل القارئ | ayat=85
  ✅ read=232 | إبراهيم الدوسري | ayat=85
  ✅ read=236 | عبدالرحمن الماجد | ayat=85
  ✅ read=243 | عبدالله الموسى | ayat=85
  ✅ read=244 | عبدالله الخلف | ayat=85
  ✅ read=245 | منصور السالمي | ayat=85
  ✅ read=250 | محمد البخيت | ayat=85
  ✅ read=256 | أحمد خليل شاهين | ayat=85
  ✅ read=258 | عبدالرشيد صوفي | ayat=85
  ✅ read=259 | أحمد النفيس | ayat=85
  ✅ read=265 | أحمد ديبان | ayat=85
  ✅ read=268 | بيشه وا قادر الكردي | ayat=85
  ✅ read=273 | هيثم الدخين | ayat=85
  ✅ read=282 | عبدالعزيز التركي | ayat=85
  ✅ read=289 | أحمد عيسى المعصراوي | ayat=85
  ✅ read=294 | سيد أحمد هاشمي | ayat=85
  ✅ read=295 | خالد كريم محمدي | ayat=85
  ✅ read=299 | حسن صالح | ayat=85
  ✅ read=300 | صالح الشمراني | ayat=85
  ✅ read=303 | عيسى عمر سناكو | ayat=85
  ✅ read=314 | أنس العمادي | ayat=85
  ✅ read=340 | محمد برهجي | ayat=85
  ✅ read=10905 | حسن الدغريري | ayat=85
✅ تم إنشاء: timings_hafs_114/timing_040.json

📖 تحميل توقيتات السورة 041 ...
  ✅ read=1 | إبراهيم الأخضر | ayat=55
  ✅ read=3 | إبراهيم العسيري | ayat=54
  ✅ read=4 | شيخ أبو بكر الشاطري | ayat=54
  ✅ read=5 | أحمد بن علي العجمي | ayat=55
  ✅ read=6 | أحمد الحواشي | ayat=54
  ✅ read=8 | أحمد صابر | ayat=54
  ✅ read=9 | أحمد نعينع | ayat=55
  ✅ read=10 | أكرم العلاقمي | ayat=55
  ✅ read=12 | إدريس أبكر | ayat=54
  ✅ read=13 | الزين محمد أحمد | ayat=54
  ✅ read=17 | توفيق الصايغ | ayat=54
  ✅ read=20 | خالد الجليل | ayat=54
  ✅ read=21 | خالد القحطاني | ayat=54
  ✅ read=22 | خالد عبدالكافي | ayat=54
  ✅ read=24 | خليفة الطنيجي | ayat=54
  ✅ read=25 | داود حمزة | ayat=54
  ✅ read=30 | سعد الغامدي | ayat=54
  ✅ read=31 | سعود الشريم | ayat=55
  ✅ read=32 | سهل ياسين | ayat=55
  ✅ read=33 | زكي داغستاني | ayat=54
  ✅ read=38 | شيرزاد عبدالرحمن طاهر | ayat=54
  ✅ read=39 | صابر عبدالحكم | ayat=54
  ✅ read=40 | صالح الصاهود | ayat=54
  ✅ read=42 | صالح الهبدان | ayat=54
  ✅ read=43 | صلاح البدير | ayat=54
  ✅ read=44 | صلاح الهاشم | ayat=54
  ✅ read=46 | صلاح بو خاطر | ayat=54
  ✅ read=48 | عادل ريان | ayat=54
  ✅ read=49 | عبدالبارئ الثبيتي | ayat=54
  ✅ read=50 | عبدالبارئ محمد | ayat=54
  ✅ read=53 | عبدالباسط عبدالصمد | ayat=55
  ✅ read=54 | عبدالرحمن السديس | ayat=54
  ✅ read=55 | عبدالعزيز الأحمد | ayat=54
  ✅ read=56 | عبدالعزيز الزهراني | ayat=54
  ✅ read=58 | عبدالله البعيجان | ayat=54
  ✅ read=59 | عبدالله المطرود | ayat=54
  ✅ read=60 | عبدالله بصفر | ayat=55
  ✅ read=61 | عبدالله خياط | ayat=54
  ✅ read=62 | عبدالله عواد الجهني | ayat=55
  ✅ read=66 | عبدالمحسن الحارثي | ayat=54
  ✅ read=67 | عبدالمحسن القاسم | ayat=55
  ✅ read=69 | عبدالمحسن العبيكان | ayat=54
  ✅ read=70 | عبدالهادي أحمد كناكري | ayat=54
  ✅ read=71 | عبدالودود حنيف | ayat=54
  ✅ read=72 | عبدالولي الأركاني | ayat=54
  ✅ read=74 | علي بن عبدالرحمن الحذيفي | ayat=54
  ✅ read=76 | علي جابر | ayat=54
  ✅ read=77 | علي حجاج السويسي | ayat=55
  ✅ read=78 | عماد زهير حافظ | ayat=55
  ✅ read=81 | فارس عباد | ayat=54
  ✅ read=86 | ناصر القطامي | ayat=54
  ✅ read=87 | نبيل الرفاعي | ayat=54
  ✅ read=88 | نعمة الحسان | ayat=54
  ✅ read=89 | هاني الرفاعي | ayat=54
  ✅ read=92 | ياسر الدوسري | ayat=54
  ✅ read=106 | محمد الطبلاوي | ayat=55
  ✅ read=109 | محمد أيوب | ayat=54
  ✅ read=110 | محمد صالح عالم شاه | ayat=54
  ✅ read=112 | محمد صديق المنشاوي | ayat=55
  ✅ read=115 | محمد عبدالكريم | ayat=54
  ✅ read=118 | محمود خليل الحصري | ayat=55
  ✅ read=123 | مشاري العفاسي | ayat=54
  ✅ read=139 | ماجد الزامل | ayat=54
  ✅ read=159 | خالد المهنا | ayat=55
  ✅ read=181 | جمعان العصيمي | ayat=54
  ✅ read=193 | يوسف بن نوح أحمد | ayat=54
  ✅ read=198 | محمد رشاد الشريف | ayat=54
  ✅ read=201 | أحمد الطرابلسي | ayat=54
  ✅ read=203 | أحمد عامر | ayat=54
  ✅ read=217 | بندر بليله | ayat=54
  ✅ read=219 | وديع اليمني | ayat=54
  ✅ read=221 | رعد محمد الكردي | ayat=54
  ✅ read=225 | عبدالرحمن العوسي | ayat=54
  ✅ read=229 | محمد خليل القارئ | ayat=54
  ✅ read=232 | إبراهيم الدوسري | ayat=54
  ✅ read=236 | عبدالرحمن الماجد | ayat=54
  ✅ read=243 | عبدالله الموسى | ayat=54
  ✅ read=244 | عبدالله الخلف | ayat=54
  ✅ read=245 | منصور السالمي | ayat=54
  ✅ read=250 | محمد البخيت | ayat=54
  ✅ read=256 | أحمد خليل شاهين | ayat=54
  ✅ read=258 | عبدالرشيد صوفي | ayat=54
  ✅ read=259 | أحمد النفيس | ayat=54
  ✅ read=265 | أحمد ديبان | ayat=54
  ✅ read=268 | بيشه وا قادر الكردي | ayat=54
  ✅ read=273 | هيثم الدخين | ayat=54
  ✅ read=282 | عبدالعزيز التركي | ayat=54
  ✅ read=289 | أحمد عيسى المعصراوي | ayat=54
  ✅ read=294 | سيد أحمد هاشمي | ayat=54
  ✅ read=295 | خالد كريم محمدي | ayat=54
  ✅ read=299 | حسن صالح | ayat=54
  ✅ read=300 | صالح الشمراني | ayat=54
  ✅ read=303 | عيسى عمر سناكو | ayat=54
  ✅ read=314 | أنس العمادي | ayat=54
  ✅ read=340 | محمد برهجي | ayat=54
  ✅ read=10905 | حسن الدغريري | ayat=54
✅ تم إنشاء: timings_hafs_114/timing_041.json

📖 تحميل توقيتات السورة 042 ...
  ✅ read=1 | إبراهيم الأخضر | ayat=54
  ✅ read=3 | إبراهيم العسيري | ayat=53
  ✅ read=4 | شيخ أبو بكر الشاطري | ayat=53
  ✅ read=5 | أحمد بن علي العجمي | ayat=54
  ✅ read=6 | أحمد الحواشي | ayat=53
  ✅ read=8 | أحمد صابر | ayat=53
  ✅ read=9 | أحمد نعينع | ayat=54
  ✅ read=10 | أكرم العلاقمي | ayat=54
  ✅ read=12 | إدريس أبكر | ayat=53
  ✅ read=13 | الزين محمد أحمد | ayat=53
  ✅ read=17 | توفيق الصايغ | ayat=53
  ✅ read=20 | خالد الجليل | ayat=53
  ✅ read=21 | خالد القحطاني | ayat=53
  ✅ read=22 | خالد عبدالكافي | ayat=53
  ✅ read=24 | خليفة الطنيجي | ayat=53
  ✅ read=25 | داود حمزة | ayat=53
  ✅ read=30 | سعد الغامدي | ayat=53
  ✅ read=31 | سعود الشريم | ayat=54
  ✅ read=32 | سهل ياسين | ayat=54
  ✅ read=33 | زكي داغستاني | ayat=53
  ✅ read=38 | شيرزاد عبدالرحمن طاهر | ayat=53
  ✅ read=39 | صابر عبدالحكم | ayat=53
  ✅ read=40 | صالح الصاهود | ayat=53
  ✅ read=42 | صالح الهبدان | ayat=53
  ✅ read=43 | صلاح البدير | ayat=53
  ✅ read=44 | صلاح الهاشم | ayat=53
  ✅ read=46 | صلاح بو خاطر | ayat=53
  ✅ read=48 | عادل ريان | ayat=53
  ✅ read=49 | عبدالبارئ الثبيتي | ayat=53
  ✅ read=50 | عبدالبارئ محمد | ayat=53
  ✅ read=53 | عبدالباسط عبدالصمد | ayat=54
  ✅ read=54 | عبدالرحمن السديس | ayat=53
  ✅ read=55 | عبدالعزيز الأحمد | ayat=53
  ✅ read=56 | عبدالعزيز الزهراني | ayat=53
  ✅ read=58 | عبدالله البعيجان | ayat=53
  ✅ read=59 | عبدالله المطرود | ayat=53
  ✅ read=60 | عبدالله بصفر | ayat=54
  ✅ read=61 | عبدالله خياط | ayat=53
  ✅ read=62 | عبدالله عواد الجهني | ayat=54
  ✅ read=66 | عبدالمحسن الحارثي | ayat=53
  ✅ read=67 | عبدالمحسن القاسم | ayat=54
  ✅ read=69 | عبدالمحسن العبيكان | ayat=53
  ✅ read=70 | عبدالهادي أحمد كناكري | ayat=53
  ✅ read=71 | عبدالودود حنيف | ayat=53
  ✅ read=72 | عبدالولي الأركاني | ayat=53
  ✅ read=74 | علي بن عبدالرحمن الحذيفي | ayat=53
  ✅ read=76 | علي جابر | ayat=53
  ✅ read=77 | علي حجاج السويسي | ayat=54
  ✅ read=78 | عماد زهير حافظ | ayat=54
  ✅ read=81 | فارس عباد | ayat=53
  ✅ read=86 | ناصر القطامي | ayat=53
  ✅ read=87 | نبيل الرفاعي | ayat=53
  ✅ read=88 | نعمة الحسان | ayat=53
  ✅ read=89 | هاني الرفاعي | ayat=53
  ✅ read=92 | ياسر الدوسري | ayat=53
  ✅ read=106 | محمد الطبلاوي | ayat=54
  ✅ read=109 | محمد أيوب | ayat=53
  ✅ read=110 | محمد صالح عالم شاه | ayat=53
  ✅ read=112 | محمد صديق المنشاوي | ayat=54
  ✅ read=115 | محمد عبدالكريم | ayat=53
  ✅ read=118 | محمود خليل الحصري | ayat=54
  ✅ read=123 | مشاري العفاسي | ayat=53
  ✅ read=139 | ماجد الزامل | ayat=53
  ✅ read=159 | خالد المهنا | ayat=54
  ✅ read=181 | جمعان العصيمي | ayat=53
  ✅ read=193 | يوسف بن نوح أحمد | ayat=53
  ✅ read=198 | محمد رشاد الشريف | ayat=53
  ✅ read=201 | أحمد الطرابلسي | ayat=53
  ✅ read=203 | أحمد عامر | ayat=53
  ✅ read=217 | بندر بليله | ayat=53
  ✅ read=219 | وديع اليمني | ayat=53
  ✅ read=221 | رعد محمد الكردي | ayat=53
  ✅ read=225 | عبدالرحمن العوسي | ayat=53
  ✅ read=229 | محمد خليل القارئ | ayat=53
  ✅ read=232 | إبراهيم الدوسري | ayat=53
  ✅ read=236 | عبدالرحمن الماجد | ayat=53
  ✅ read=243 | عبدالله الموسى | ayat=53
  ✅ read=244 | عبدالله الخلف | ayat=53
  ✅ read=245 | منصور السالمي | ayat=53
  ✅ read=250 | محمد البخيت | ayat=53
  ✅ read=256 | أحمد خليل شاهين | ayat=53
  ✅ read=258 | عبدالرشيد صوفي | ayat=53
  ✅ read=259 | أحمد النفيس | ayat=53
  ✅ read=265 | أحمد ديبان | ayat=53
  ✅ read=268 | بيشه وا قادر الكردي | ayat=53
  ✅ read=273 | هيثم الدخين | ayat=53
  ✅ read=282 | عبدالعزيز التركي | ayat=53
  ✅ read=289 | أحمد عيسى المعصراوي | ayat=53
  ✅ read=294 | سيد أحمد هاشمي | ayat=53
  ✅ read=295 | خالد كريم محمدي | ayat=53
  ✅ read=299 | حسن صالح | ayat=53
  ✅ read=300 | صالح الشمراني | ayat=53
  ✅ read=303 | عيسى عمر سناكو | ayat=53
  ✅ read=314 | أنس العمادي | ayat=53
  ✅ read=340 | محمد برهجي | ayat=53
  ✅ read=10905 | حسن الدغريري | ayat=53
✅ تم إنشاء: timings_hafs_114/timing_042.json

📖 تحميل توقيتات السورة 043 ...
  ✅ read=1 | إبراهيم الأخضر | ayat=90
  ✅ read=3 | إبراهيم العسيري | ayat=89
  ✅ read=4 | شيخ أبو بكر الشاطري | ayat=89
  ✅ read=5 | أحمد بن علي العجمي | ayat=90
  ✅ read=6 | أحمد الحواشي | ayat=89
  ✅ read=8 | أحمد صابر | ayat=89
  ✅ read=9 | أحمد نعينع | ayat=90
  ✅ read=10 | أكرم العلاقمي | ayat=90
  ✅ read=12 | إدريس أبكر | ayat=89
  ✅ read=13 | الزين محمد أحمد | ayat=89
  ✅ read=17 | توفيق الصايغ | ayat=89
  ✅ read=20 | خالد الجليل | ayat=89
  ✅ read=21 | خالد القحطاني | ayat=89
  ✅ read=22 | خالد عبدالكافي | ayat=89
  ✅ read=24 | خليفة الطنيجي | ayat=89
  ✅ read=25 | داود حمزة | ayat=89
  ✅ read=30 | سعد الغامدي | ayat=89
  ✅ read=31 | سعود الشريم | ayat=90
  ✅ read=32 | سهل ياسين | ayat=90
  ✅ read=33 | زكي داغستاني | ayat=89
  ✅ read=38 | شيرزاد عبدالرحمن طاهر | ayat=89
  ✅ read=39 | صابر عبدالحكم | ayat=89
  ✅ read=40 | صالح الصاهود | ayat=89
  ✅ read=42 | صالح الهبدان | ayat=89
  ✅ read=43 | صلاح البدير | ayat=89
  ✅ read=44 | صلاح الهاشم | ayat=89
  ✅ read=46 | صلاح بو خاطر | ayat=89
  ✅ read=48 | عادل ريان | ayat=89
  ✅ read=49 | عبدالبارئ الثبيتي | ayat=89
  ✅ read=50 | عبدالبارئ محمد | ayat=89
  ✅ read=53 | عبدالباسط عبدالصمد | ayat=90
  ✅ read=54 | عبدالرحمن السديس | ayat=89
  ✅ read=55 | عبدالعزيز الأحمد | ayat=89
  ✅ read=56 | عبدالعزيز الزهراني | ayat=89
  ✅ read=58 | عبدالله البعيجان | ayat=89
  ✅ read=59 | عبدالله المطرود | ayat=89
  ✅ read=60 | عبدالله بصفر | ayat=90
  ✅ read=61 | عبدالله خياط | ayat=89
  ✅ read=62 | عبدالله عواد الجهني | ayat=90
  ✅ read=66 | عبدالمحسن الحارثي | ayat=89
  ✅ read=67 | عبدالمحسن القاسم | ayat=90
  ✅ read=69 | عبدالمحسن العبيكان | ayat=89
  ✅ read=70 | عبدالهادي أحمد كناكري | ayat=89
  ✅ read=71 | عبدالودود حنيف | ayat=89
  ✅ read=72 | عبدالولي الأركاني | ayat=89
  ✅ read=74 | علي بن عبدالرحمن الحذيفي | ayat=89
  ✅ read=76 | علي جابر | ayat=89
  ✅ read=77 | علي حجاج السويسي | ayat=90
  ✅ read=78 | عماد زهير حافظ | ayat=90
  ✅ read=81 | فارس عباد | ayat=89
  ✅ read=86 | ناصر القطامي | ayat=89
  ✅ read=87 | نبيل الرفاعي | ayat=89
  ✅ read=88 | نعمة الحسان | ayat=89
  ✅ read=89 | هاني الرفاعي | ayat=89
  ✅ read=92 | ياسر الدوسري | ayat=89
  ✅ read=106 | محمد الطبلاوي | ayat=90
  ✅ read=109 | محمد أيوب | ayat=89
  ✅ read=110 | محمد صالح عالم شاه | ayat=89
  ✅ read=112 | محمد صديق المنشاوي | ayat=90
  ✅ read=115 | محمد عبدالكريم | ayat=89
  ✅ read=118 | محمود خليل الحصري | ayat=90
  ✅ read=123 | مشاري العفاسي | ayat=89
  ✅ read=139 | ماجد الزامل | ayat=89
  ✅ read=159 | خالد المهنا | ayat=90
  ✅ read=181 | جمعان العصيمي | ayat=89
  ✅ read=193 | يوسف بن نوح أحمد | ayat=89
  ✅ read=198 | محمد رشاد الشريف | ayat=89
  ✅ read=201 | أحمد الطرابلسي | ayat=89
  ✅ read=203 | أحمد عامر | ayat=89
  ✅ read=217 | بندر بليله | ayat=89
  ✅ read=219 | وديع اليمني | ayat=89
  ✅ read=221 | رعد محمد الكردي | ayat=89
  ✅ read=225 | عبدالرحمن العوسي | ayat=89
  ✅ read=229 | محمد خليل القارئ | ayat=89
  ✅ read=232 | إبراهيم الدوسري | ayat=89
  ✅ read=236 | عبدالرحمن الماجد | ayat=89
  ✅ read=243 | عبدالله الموسى | ayat=89
  ✅ read=244 | عبدالله الخلف | ayat=89
  ✅ read=245 | منصور السالمي | ayat=89
  ✅ read=250 | محمد البخيت | ayat=89
  ✅ read=256 | أحمد خليل شاهين | ayat=89
  ✅ read=258 | عبدالرشيد صوفي | ayat=89
  ✅ read=259 | أحمد النفيس | ayat=89
  ✅ read=265 | أحمد ديبان | ayat=89
  ✅ read=268 | بيشه وا قادر الكردي | ayat=89
  ✅ read=273 | هيثم الدخين | ayat=89
  ✅ read=282 | عبدالعزيز التركي | ayat=89
  ✅ read=289 | أحمد عيسى المعصراوي | ayat=89
  ✅ read=294 | سيد أحمد هاشمي | ayat=89
  ✅ read=295 | خالد كريم محمدي | ayat=89
  ✅ read=299 | حسن صالح | ayat=89
  ✅ read=300 | صالح الشمراني | ayat=89
  ✅ read=303 | عيسى عمر سناكو | ayat=89
  ✅ read=314 | أنس العمادي | ayat=89
  ✅ read=340 | محمد برهجي | ayat=89
  ✅ read=10905 | حسن الدغريري | ayat=89
✅ تم إنشاء: timings_hafs_114/timing_043.json

📖 تحميل توقيتات السورة 044 ...
  ✅ read=1 | إبراهيم الأخضر | ayat=60
  ✅ read=3 | إبراهيم العسيري | ayat=59
  ✅ read=4 | شيخ أبو بكر الشاطري | ayat=59
  ✅ read=5 | أحمد بن علي العجمي | ayat=60
  ✅ read=6 | أحمد الحواشي | ayat=59
  ✅ read=8 | أحمد صابر | ayat=59
  ✅ read=9 | أحمد نعينع | ayat=60
  ✅ read=10 | أكرم العلاقمي | ayat=60
  ✅ read=12 | إدريس أبكر | ayat=59
  ✅ read=13 | الزين محمد أحمد | ayat=59
  ✅ read=17 | توفيق الصايغ | ayat=59
  ✅ read=20 | خالد الجليل | ayat=59
  ✅ read=21 | خالد القحطاني | ayat=59
  ✅ read=22 | خالد عبدالكافي | ayat=59
  ✅ read=24 | خليفة الطنيجي | ayat=59
  ✅ read=25 | داود حمزة | ayat=59
  ✅ read=30 | سعد الغامدي | ayat=59
  ✅ read=31 | سعود الشريم | ayat=60
  ✅ read=32 | سهل ياسين | ayat=60
  ✅ read=33 | زكي داغستاني | ayat=59
  ✅ read=38 | شيرزاد عبدالرحمن طاهر | ayat=59
  ✅ read=39 | صابر عبدالحكم | ayat=59
  ✅ read=40 | صالح الصاهود | ayat=59
  ✅ read=42 | صالح الهبدان | ayat=59
  ✅ read=43 | صلاح البدير | ayat=59
  ✅ read=44 | صلاح الهاشم | ayat=59
  ✅ read=46 | صلاح بو خاطر | ayat=59
  ✅ read=48 | عادل ريان | ayat=59
  ✅ read=49 | عبدالبارئ الثبيتي | ayat=59
  ✅ read=50 | عبدالبارئ محمد | ayat=59
  ✅ read=53 | عبدالباسط عبدالصمد | ayat=60
  ✅ read=54 | عبدالرحمن السديس | ayat=59
  ✅ read=55 | عبدالعزيز الأحمد | ayat=59
  ✅ read=56 | عبدالعزيز الزهراني | ayat=59
  ✅ read=58 | عبدالله البعيجان | ayat=59
  ✅ read=59 | عبدالله المطرود | ayat=59
  ✅ read=60 | عبدالله بصفر | ayat=60
  ✅ read=61 | عبدالله خياط | ayat=59
  ✅ read=62 | عبدالله عواد الجهني | ayat=60
  ✅ read=66 | عبدالمحسن الحارثي | ayat=59
  ✅ read=67 | عبدالمحسن القاسم | ayat=60
  ✅ read=69 | عبدالمحسن العبيكان | ayat=59
  ✅ read=70 | عبدالهادي أحمد كناكري | ayat=59
  ✅ read=71 | عبدالودود حنيف | ayat=59
  ✅ read=72 | عبدالولي الأركاني | ayat=59
  ✅ read=74 | علي بن عبدالرحمن الحذيفي | ayat=59
  ✅ read=76 | علي جابر | ayat=59
  ✅ read=77 | علي حجاج السويسي | ayat=60
  ✅ read=78 | عماد زهير حافظ | ayat=60
  ✅ read=81 | فارس عباد | ayat=59
  ✅ read=86 | ناصر القطامي | ayat=59
  ✅ read=87 | نبيل الرفاعي | ayat=59
  ✅ read=88 | نعمة الحسان | ayat=59
  ✅ read=89 | هاني الرفاعي | ayat=59
  ✅ read=92 | ياسر الدوسري | ayat=59
  ✅ read=106 | محمد الطبلاوي | ayat=60
  ✅ read=109 | محمد أيوب | ayat=59
  ✅ read=110 | محمد صالح عالم شاه | ayat=59
  ✅ read=112 | محمد صديق المنشاوي | ayat=60
  ✅ read=115 | محمد عبدالكريم | ayat=59
  ✅ read=118 | محمود خليل الحصري | ayat=60
  ✅ read=123 | مشاري العفاسي | ayat=59
  ✅ read=139 | ماجد الزامل | ayat=59
  ✅ read=159 | خالد المهنا | ayat=60
  ✅ read=181 | جمعان العصيمي | ayat=59
  ✅ read=193 | يوسف بن نوح أحمد | ayat=59
  ✅ read=198 | محمد رشاد الشريف | ayat=59
  ✅ read=201 | أحمد الطرابلسي | ayat=59
  ✅ read=203 | أحمد عامر | ayat=59
  ✅ read=217 | بندر بليله | ayat=59
  ✅ read=219 | وديع اليمني | ayat=59
  ✅ read=221 | رعد محمد الكردي | ayat=59
  ✅ read=225 | عبدالرحمن العوسي | ayat=59
  ✅ read=229 | محمد خليل القارئ | ayat=59
  ✅ read=232 | إبراهيم الدوسري | ayat=59
  ✅ read=236 | عبدالرحمن الماجد | ayat=59
  ✅ read=243 | عبدالله الموسى | ayat=59
  ✅ read=244 | عبدالله الخلف | ayat=59
  ✅ read=245 | منصور السالمي | ayat=59
  ✅ read=250 | محمد البخيت | ayat=59
  ✅ read=256 | أحمد خليل شاهين | ayat=59
  ✅ read=258 | عبدالرشيد صوفي | ayat=59
  ✅ read=259 | أحمد النفيس | ayat=59
  ✅ read=265 | أحمد ديبان | ayat=59
  ✅ read=268 | بيشه وا قادر الكردي | ayat=59
  ✅ read=273 | هيثم الدخين | ayat=59
  ✅ read=282 | عبدالعزيز التركي | ayat=59
  ✅ read=289 | أحمد عيسى المعصراوي | ayat=59
  ✅ read=294 | سيد أحمد هاشمي | ayat=59
  ✅ read=295 | خالد كريم محمدي | ayat=59
  ✅ read=299 | حسن صالح | ayat=59
  ✅ read=300 | صالح الشمراني | ayat=59
  ✅ read=303 | عيسى عمر سناكو | ayat=59
  ✅ read=314 | أنس العمادي | ayat=59
  ✅ read=340 | محمد برهجي | ayat=59
  ✅ read=10905 | حسن الدغريري | ayat=59
✅ تم إنشاء: timings_hafs_114/timing_044.json

📖 تحميل توقيتات السورة 045 ...
  ✅ read=1 | إبراهيم الأخضر | ayat=38
  ✅ read=3 | إبراهيم العسيري | ayat=37
  ✅ read=4 | شيخ أبو بكر الشاطري | ayat=37
  ✅ read=5 | أحمد بن علي العجمي | ayat=38
  ✅ read=6 | أحمد الحواشي | ayat=37
  ✅ read=8 | أحمد صابر | ayat=37
  ✅ read=9 | أحمد نعينع | ayat=38
  ✅ read=10 | أكرم العلاقمي | ayat=38
  ✅ read=12 | إدريس أبكر | ayat=37
  ✅ read=13 | الزين محمد أحمد | ayat=37
  ✅ read=17 | توفيق الصايغ | ayat=37
  ✅ read=20 | خالد الجليل | ayat=37
  ✅ read=21 | خالد القحطاني | ayat=37
  ✅ read=22 | خالد عبدالكافي | ayat=37
  ✅ read=24 | خليفة الطنيجي | ayat=37
  ✅ read=25 | داود حمزة | ayat=37
  ✅ read=30 | سعد الغامدي | ayat=37
  ✅ read=31 | سعود الشريم | ayat=38
  ✅ read=32 | سهل ياسين | ayat=38
  ✅ read=33 | زكي داغستاني | ayat=37
  ✅ read=38 | شيرزاد عبدالرحمن طاهر | ayat=37
  ✅ read=39 | صابر عبدالحكم | ayat=37
  ✅ read=40 | صالح الصاهود | ayat=37
  ✅ read=42 | صالح الهبدان | ayat=37
  ✅ read=43 | صلاح البدير | ayat=37
  ✅ read=44 | صلاح الهاشم | ayat=37
  ✅ read=46 | صلاح بو خاطر | ayat=37
  ✅ read=48 | عادل ريان | ayat=37
  ✅ read=49 | عبدالبارئ الثبيتي | ayat=37
  ✅ read=50 | عبدالبارئ محمد | ayat=37
  ✅ read=53 | عبدالباسط عبدالصمد | ayat=38
  ✅ read=54 | عبدالرحمن السديس | ayat=37
  ✅ read=55 | عبدالعزيز الأحمد | ayat=37
  ✅ read=56 | عبدالعزيز الزهراني | ayat=37
  ✅ read=58 | عبدالله البعيجان | ayat=37
  ✅ read=59 | عبدالله المطرود | ayat=37
  ✅ read=60 | عبدالله بصفر | ayat=38
  ✅ read=61 | عبدالله خياط | ayat=37
  ✅ read=62 | عبدالله عواد الجهني | ayat=38
  ✅ read=66 | عبدالمحسن الحارثي | ayat=37
  ✅ read=67 | عبدالمحسن القاسم | ayat=38
  ✅ read=69 | عبدالمحسن العبيكان | ayat=37
  ✅ read=70 | عبدالهادي أحمد كناكري | ayat=37
  ✅ read=71 | عبدالودود حنيف | ayat=37
  ✅ read=72 | عبدالولي الأركاني | ayat=37
  ✅ read=74 | علي بن عبدالرحمن الحذيفي | ayat=37
  ✅ read=76 | علي جابر | ayat=37
  ✅ read=77 | علي حجاج السويسي | ayat=38
  ✅ read=78 | عماد زهير حافظ | ayat=38
  ✅ read=81 | فارس عباد | ayat=37
  ✅ read=86 | ناصر القطامي | ayat=37
  ✅ read=87 | نبيل الرفاعي | ayat=37
  ✅ read=88 | نعمة الحسان | ayat=37
  ✅ read=89 | هاني الرفاعي | ayat=37
  ✅ read=92 | ياسر الدوسري | ayat=37
  ✅ read=106 | محمد الطبلاوي | ayat=38
  ✅ read=109 | محمد أيوب | ayat=37
  ✅ read=110 | محمد صالح عالم شاه | ayat=37
  ✅ read=112 | محمد صديق المنشاوي | ayat=38
  ✅ read=115 | محمد عبدالكريم | ayat=37
  ✅ read=118 | محمود خليل الحصري | ayat=38
  ✅ read=123 | مشاري العفاسي | ayat=37
  ✅ read=139 | ماجد الزامل | ayat=37
  ✅ read=159 | خالد المهنا | ayat=38
  ✅ read=181 | جمعان العصيمي | ayat=37
  ✅ read=193 | يوسف بن نوح أحمد | ayat=37
  ✅ read=198 | محمد رشاد الشريف | ayat=37
  ✅ read=201 | أحمد الطرابلسي | ayat=37
  ✅ read=203 | أحمد عامر | ayat=37
  ✅ read=217 | بندر بليله | ayat=37
  ✅ read=219 | وديع اليمني | ayat=37
  ✅ read=221 | رعد محمد الكردي | ayat=37
  ✅ read=225 | عبدالرحمن العوسي | ayat=37
  ✅ read=229 | محمد خليل القارئ | ayat=37
  ✅ read=232 | إبراهيم الدوسري | ayat=37
  ✅ read=236 | عبدالرحمن الماجد | ayat=37
  ✅ read=243 | عبدالله الموسى | ayat=37
  ✅ read=244 | عبدالله الخلف | ayat=37
  ✅ read=245 | منصور السالمي | ayat=37
  ✅ read=250 | محمد البخيت | ayat=37
  ✅ read=256 | أحمد خليل شاهين | ayat=37
  ✅ read=258 | عبدالرشيد صوفي | ayat=37
  ✅ read=259 | أحمد النفيس | ayat=37
  ✅ read=265 | أحمد ديبان | ayat=37
  ✅ read=268 | بيشه وا قادر الكردي | ayat=37
  ✅ read=273 | هيثم الدخين | ayat=37
  ✅ read=282 | عبدالعزيز التركي | ayat=37
  ✅ read=289 | أحمد عيسى المعصراوي | ayat=37
  ✅ read=294 | سيد أحمد هاشمي | ayat=37
  ✅ read=295 | خالد كريم محمدي | ayat=37
  ✅ read=299 | حسن صالح | ayat=37
  ✅ read=300 | صالح الشمراني | ayat=37
  ✅ read=303 | عيسى عمر سناكو | ayat=37
  ✅ read=314 | أنس العمادي | ayat=37
  ✅ read=340 | محمد برهجي | ayat=37
  ✅ read=10905 | حسن الدغريري | ayat=37
✅ تم إنشاء: timings_hafs_114/timing_045.json

📖 تحميل توقيتات السورة 046 ...
  ✅ read=1 | إبراهيم الأخضر | ayat=36
  ✅ read=3 | إبراهيم العسيري | ayat=35
  ✅ read=4 | شيخ أبو بكر الشاطري | ayat=35
  ✅ read=5 | أحمد بن علي العجمي | ayat=36
  ✅ read=6 | أحمد الحواشي | ayat=35
  ✅ read=8 | أحمد صابر | ayat=35
  ✅ read=9 | أحمد نعينع | ayat=36
  ✅ read=10 | أكرم العلاقمي | ayat=36
  ✅ read=12 | إدريس أبكر | ayat=35
  ✅ read=13 | الزين محمد أحمد | ayat=35
  ✅ read=17 | توفيق الصايغ | ayat=35
  ✅ read=20 | خالد الجليل | ayat=35
  ✅ read=21 | خالد القحطاني | ayat=35
  ✅ read=22 | خالد عبدالكافي | ayat=35
  ✅ read=24 | خليفة الطنيجي | ayat=35
  ✅ read=25 | داود حمزة | ayat=35
  ✅ read=30 | سعد الغامدي | ayat=35
  ✅ read=31 | سعود الشريم | ayat=36
  ✅ read=32 | سهل ياسين | ayat=36
  ✅ read=33 | زكي داغستاني | ayat=35
  ✅ read=38 | شيرزاد عبدالرحمن طاهر | ayat=35
  ✅ read=39 | صابر عبدالحكم | ayat=35
  ✅ read=40 | صالح الصاهود | ayat=35
  ✅ read=42 | صالح الهبدان | ayat=35
  ✅ read=43 | صلاح البدير | ayat=35
  ✅ read=44 | صلاح الهاشم | ayat=35
  ✅ read=46 | صلاح بو خاطر | ayat=35
  ✅ read=48 | عادل ريان | ayat=35
  ✅ read=49 | عبدالبارئ الثبيتي | ayat=35
  ✅ read=50 | عبدالبارئ محمد | ayat=35
  ✅ read=53 | عبدالباسط عبدالصمد | ayat=36
  ✅ read=54 | عبدالرحمن السديس | ayat=35
  ✅ read=55 | عبدالعزيز الأحمد | ayat=35
  ✅ read=56 | عبدالعزيز الزهراني | ayat=35
  ✅ read=58 | عبدالله البعيجان | ayat=35
  ✅ read=59 | عبدالله المطرود | ayat=35
  ✅ read=60 | عبدالله بصفر | ayat=36
  ✅ read=61 | عبدالله خياط | ayat=35
  ✅ read=62 | عبدالله عواد الجهني | ayat=36
  ✅ read=66 | عبدالمحسن الحارثي | ayat=35
  ✅ read=67 | عبدالمحسن القاسم | ayat=36
  ✅ read=69 | عبدالمحسن العبيكان | ayat=35
  ✅ read=70 | عبدالهادي أحمد كناكري | ayat=35
  ✅ read=71 | عبدالودود حنيف | ayat=35
  ✅ read=72 | عبدالولي الأركاني | ayat=35
  ✅ read=74 | علي بن عبدالرحمن الحذيفي | ayat=35
  ✅ read=76 | علي جابر | ayat=35
  ✅ read=77 | علي حجاج السويسي | ayat=36
  ✅ read=78 | عماد زهير حافظ | ayat=36
  ✅ read=81 | فارس عباد | ayat=35
  ✅ read=86 | ناصر القطامي | ayat=35
  ✅ read=87 | نبيل الرفاعي | ayat=35
  ✅ read=88 | نعمة الحسان | ayat=35
  ✅ read=89 | هاني الرفاعي | ayat=35
  ✅ read=92 | ياسر الدوسري | ayat=35
  ✅ read=106 | محمد الطبلاوي | ayat=36
  ✅ read=109 | محمد أيوب | ayat=35
  ✅ read=110 | محمد صالح عالم شاه | ayat=35
  ✅ read=112 | محمد صديق المنشاوي | ayat=36
  ✅ read=115 | محمد عبدالكريم | ayat=35
  ✅ read=118 | محمود خليل الحصري | ayat=36
  ✅ read=123 | مشاري العفاسي | ayat=35
  ✅ read=139 | ماجد الزامل | ayat=35
  ✅ read=159 | خالد المهنا | ayat=36
  ✅ read=181 | جمعان العصيمي | ayat=35
  ✅ read=193 | يوسف بن نوح أحمد | ayat=35
  ✅ read=198 | محمد رشاد الشريف | ayat=35
  ✅ read=201 | أحمد الطرابلسي | ayat=35
  ✅ read=203 | أحمد عامر | ayat=35
  ✅ read=217 | بندر بليله | ayat=35
  ✅ read=219 | وديع اليمني | ayat=35
  ✅ read=221 | رعد محمد الكردي | ayat=35
  ✅ read=225 | عبدالرحمن العوسي | ayat=35
  ✅ read=229 | محمد خليل القارئ | ayat=35
  ✅ read=232 | إبراهيم الدوسري | ayat=35
  ✅ read=236 | عبدالرحمن الماجد | ayat=35
  ✅ read=243 | عبدالله الموسى | ayat=35
  ✅ read=244 | عبدالله الخلف | ayat=35
  ✅ read=245 | منصور السالمي | ayat=35
  ✅ read=250 | محمد البخيت | ayat=35
  ✅ read=256 | أحمد خليل شاهين | ayat=35
  ✅ read=258 | عبدالرشيد صوفي | ayat=35
  ✅ read=259 | أحمد النفيس | ayat=35
  ✅ read=265 | أحمد ديبان | ayat=35
  ✅ read=268 | بيشه وا قادر الكردي | ayat=35
  ✅ read=273 | هيثم الدخين | ayat=35
  ✅ read=282 | عبدالعزيز التركي | ayat=35
  ✅ read=289 | أحمد عيسى المعصراوي | ayat=35
  ✅ read=294 | سيد أحمد هاشمي | ayat=35
  ✅ read=295 | خالد كريم محمدي | ayat=35
  ✅ read=299 | حسن صالح | ayat=35
  ✅ read=300 | صالح الشمراني | ayat=35
  ✅ read=303 | عيسى عمر سناكو | ayat=35
  ✅ read=314 | أنس العمادي | ayat=35
  ✅ read=340 | محمد برهجي | ayat=35
  ✅ read=10905 | حسن الدغريري | ayat=35
✅ تم إنشاء: timings_hafs_114/timing_046.json

📖 تحميل توقيتات السورة 047 ...
  ✅ read=1 | إبراهيم الأخضر | ayat=39
  ✅ read=3 | إبراهيم العسيري | ayat=38
  ✅ read=4 | شيخ أبو بكر الشاطري | ayat=38
  ✅ read=5 | أحمد بن علي العجمي | ayat=39
  ✅ read=6 | أحمد الحواشي | ayat=38
  ✅ read=8 | أحمد صابر | ayat=38
  ✅ read=9 | أحمد نعينع | ayat=39
  ✅ read=10 | أكرم العلاقمي | ayat=39
  ✅ read=12 | إدريس أبكر | ayat=38
  ✅ read=13 | الزين محمد أحمد | ayat=38
  ✅ read=17 | توفيق الصايغ | ayat=38
  ✅ read=20 | خالد الجليل | ayat=38
  ✅ read=21 | خالد القحطاني | ayat=38
  ✅ read=22 | خالد عبدالكافي | ayat=38
  ✅ read=24 | خليفة الطنيجي | ayat=38
  ✅ read=25 | داود حمزة | ayat=38
  ✅ read=30 | سعد الغامدي | ayat=38
  ✅ read=31 | سعود الشريم | ayat=39
  ✅ read=32 | سهل ياسين | ayat=39
  ✅ read=33 | زكي داغستاني | ayat=38
  ✅ read=38 | شيرزاد عبدالرحمن طاهر | ayat=38
  ✅ read=39 | صابر عبدالحكم | ayat=38
  ✅ read=40 | صالح الصاهود | ayat=38
  ✅ read=42 | صالح الهبدان | ayat=38
  ✅ read=43 | صلاح البدير | ayat=38
  ✅ read=44 | صلاح الهاشم | ayat=38
  ✅ read=46 | صلاح بو خاطر | ayat=38
  ✅ read=48 | عادل ريان | ayat=38
  ✅ read=49 | عبدالبارئ الثبيتي | ayat=38
  ✅ read=50 | عبدالبارئ محمد | ayat=38
  ✅ read=53 | عبدالباسط عبدالصمد | ayat=39
  ✅ read=54 | عبدالرحمن السديس | ayat=38
  ✅ read=55 | عبدالعزيز الأحمد | ayat=38
  ✅ read=56 | عبدالعزيز الزهراني | ayat=38
  ✅ read=58 | عبدالله البعيجان | ayat=38
  ✅ read=59 | عبدالله المطرود | ayat=38
  ✅ read=60 | عبدالله بصفر | ayat=39
  ✅ read=61 | عبدالله خياط | ayat=38
  ✅ read=62 | عبدالله عواد الجهني | ayat=39
  ✅ read=66 | عبدالمحسن الحارثي | ayat=38
  ✅ read=67 | عبدالمحسن القاسم | ayat=39
  ✅ read=69 | عبدالمحسن العبيكان | ayat=38
  ✅ read=70 | عبدالهادي أحمد كناكري | ayat=38
  ✅ read=71 | عبدالودود حنيف | ayat=38
  ✅ read=72 | عبدالولي الأركاني | ayat=38
  ✅ read=74 | علي بن عبدالرحمن الحذيفي | ayat=38
  ✅ read=76 | علي جابر | ayat=38
  ✅ read=77 | علي حجاج السويسي | ayat=39
  ✅ read=78 | عماد زهير حافظ | ayat=39
  ✅ read=81 | فارس عباد | ayat=38
  ✅ read=86 | ناصر القطامي | ayat=38
  ✅ read=87 | نبيل الرفاعي | ayat=38
  ✅ read=88 | نعمة الحسان | ayat=38
  ✅ read=89 | هاني الرفاعي | ayat=38
  ✅ read=92 | ياسر الدوسري | ayat=38
  ✅ read=106 | محمد الطبلاوي | ayat=39
  ✅ read=109 | محمد أيوب | ayat=38
  ✅ read=110 | محمد صالح عالم شاه | ayat=38
  ✅ read=112 | محمد صديق المنشاوي | ayat=39
  ✅ read=115 | محمد عبدالكريم | ayat=38
  ✅ read=118 | محمود خليل الحصري | ayat=39
  ✅ read=123 | مشاري العفاسي | ayat=38
  ✅ read=139 | ماجد الزامل | ayat=38
  ✅ read=159 | خالد المهنا | ayat=39
  ✅ read=181 | جمعان العصيمي | ayat=38
  ✅ read=193 | يوسف بن نوح أحمد | ayat=38
  ✅ read=198 | محمد رشاد الشريف | ayat=38
  ✅ read=201 | أحمد الطرابلسي | ayat=38
  ✅ read=203 | أحمد عامر | ayat=38
  ✅ read=217 | بندر بليله | ayat=38
  ✅ read=219 | وديع اليمني | ayat=38
  ✅ read=221 | رعد محمد الكردي | ayat=38
  ✅ read=225 | عبدالرحمن العوسي | ayat=38
  ✅ read=229 | محمد خليل القارئ | ayat=38
  ✅ read=232 | إبراهيم الدوسري | ayat=38
  ✅ read=236 | عبدالرحمن الماجد | ayat=38
  ✅ read=243 | عبدالله الموسى | ayat=38
  ✅ read=244 | عبدالله الخلف | ayat=38
  ✅ read=245 | منصور السالمي | ayat=38
  ✅ read=250 | محمد البخيت | ayat=38
  ✅ read=256 | أحمد خليل شاهين | ayat=38
  ✅ read=258 | عبدالرشيد صوفي | ayat=38
  ✅ read=259 | أحمد النفيس | ayat=38
  ✅ read=265 | أحمد ديبان | ayat=38
  ✅ read=268 | بيشه وا قادر الكردي | ayat=38
  ✅ read=273 | هيثم الدخين | ayat=38
  ✅ read=282 | عبدالعزيز التركي | ayat=38
  ✅ read=289 | أحمد عيسى المعصراوي | ayat=38
  ✅ read=294 | سيد أحمد هاشمي | ayat=38
  ✅ read=295 | خالد كريم محمدي | ayat=38
  ✅ read=299 | حسن صالح | ayat=38
  ✅ read=300 | صالح الشمراني | ayat=38
  ✅ read=303 | عيسى عمر سناكو | ayat=38
  ✅ read=314 | أنس العمادي | ayat=38
  ✅ read=340 | محمد برهجي | ayat=38
  ✅ read=10905 | حسن الدغريري | ayat=38
✅ تم إنشاء: timings_hafs_114/timing_047.json

📖 تحميل توقيتات السورة 048 ...
  ✅ read=1 | إبراهيم الأخضر | ayat=30
  ✅ read=3 | إبراهيم العسيري | ayat=29
  ✅ read=4 | شيخ أبو بكر الشاطري | ayat=29
  ✅ read=5 | أحمد بن علي العجمي | ayat=30
  ✅ read=6 | أحمد الحواشي | ayat=29
  ✅ read=8 | أحمد صابر | ayat=29
  ✅ read=9 | أحمد نعينع | ayat=30
  ✅ read=10 | أكرم العلاقمي | ayat=30
  ✅ read=12 | إدريس أبكر | ayat=29
  ✅ read=13 | الزين محمد أحمد | ayat=29
  ✅ read=17 | توفيق الصايغ | ayat=29
  ✅ read=20 | خالد الجليل | ayat=29
  ✅ read=21 | خالد القحطاني | ayat=29
  ✅ read=22 | خالد عبدالكافي | ayat=29
  ✅ read=24 | خليفة الطنيجي | ayat=29
  ✅ read=25 | داود حمزة | ayat=29
  ✅ read=30 | سعد الغامدي | ayat=29
  ✅ read=31 | سعود الشريم | ayat=30
  ✅ read=32 | سهل ياسين | ayat=30
  ✅ read=33 | زكي داغستاني | ayat=29
  ✅ read=38 | شيرزاد عبدالرحمن طاهر | ayat=29
  ✅ read=39 | صابر عبدالحكم | ayat=29
  ✅ read=40 | صالح الصاهود | ayat=29
  ✅ read=42 | صالح الهبدان | ayat=29
  ✅ read=43 | صلاح البدير | ayat=29
  ✅ read=44 | صلاح الهاشم | ayat=29
  ✅ read=46 | صلاح بو خاطر | ayat=29
  ✅ read=48 | عادل ريان | ayat=29
  ✅ read=49 | عبدالبارئ الثبيتي | ayat=29
  ✅ read=50 | عبدالبارئ محمد | ayat=29
  ✅ read=53 | عبدالباسط عبدالصمد | ayat=30
  ✅ read=54 | عبدالرحمن السديس | ayat=29
  ✅ read=55 | عبدالعزيز الأحمد | ayat=29
  ✅ read=56 | عبدالعزيز الزهراني | ayat=29
  ✅ read=58 | عبدالله البعيجان | ayat=29
  ✅ read=59 | عبدالله المطرود | ayat=29
  ✅ read=60 | عبدالله بصفر | ayat=30
  ✅ read=61 | عبدالله خياط | ayat=29
  ✅ read=62 | عبدالله عواد الجهني | ayat=30
  ✅ read=66 | عبدالمحسن الحارثي | ayat=29
  ✅ read=67 | عبدالمحسن القاسم | ayat=30
  ✅ read=69 | عبدالمحسن العبيكان | ayat=29
  ✅ read=70 | عبدالهادي أحمد كناكري | ayat=29
  ✅ read=71 | عبدالودود حنيف | ayat=29
  ✅ read=72 | عبدالولي الأركاني | ayat=29
  ✅ read=74 | علي بن عبدالرحمن الحذيفي | ayat=29
  ✅ read=76 | علي جابر | ayat=29
  ✅ read=77 | علي حجاج السويسي | ayat=30
  ✅ read=78 | عماد زهير حافظ | ayat=30
  ✅ read=81 | فارس عباد | ayat=29
  ✅ read=86 | ناصر القطامي | ayat=29
  ✅ read=87 | نبيل الرفاعي | ayat=29
  ✅ read=88 | نعمة الحسان | ayat=29
  ✅ read=89 | هاني الرفاعي | ayat=29
  ✅ read=92 | ياسر الدوسري | ayat=29
  ✅ read=106 | محمد الطبلاوي | ayat=30
  ✅ read=109 | محمد أيوب | ayat=29
  ✅ read=110 | محمد صالح عالم شاه | ayat=29
  ✅ read=112 | محمد صديق المنشاوي | ayat=30
  ✅ read=115 | محمد عبدالكريم | ayat=29
  ✅ read=118 | محمود خليل الحصري | ayat=30
  ✅ read=123 | مشاري العفاسي | ayat=29
  ✅ read=139 | ماجد الزامل | ayat=29
  ✅ read=159 | خالد المهنا | ayat=30
  ✅ read=181 | جمعان العصيمي | ayat=29
  ✅ read=193 | يوسف بن نوح أحمد | ayat=29
  ✅ read=198 | محمد رشاد الشريف | ayat=29
  ✅ read=201 | أحمد الطرابلسي | ayat=29
  ✅ read=203 | أحمد عامر | ayat=29
  ✅ read=217 | بندر بليله | ayat=29
  ✅ read=219 | وديع اليمني | ayat=29
  ✅ read=221 | رعد محمد الكردي | ayat=29
  ✅ read=225 | عبدالرحمن العوسي | ayat=29
  ✅ read=229 | محمد خليل القارئ | ayat=29
  ✅ read=232 | إبراهيم الدوسري | ayat=29
  ✅ read=236 | عبدالرحمن الماجد | ayat=29
  ✅ read=243 | عبدالله الموسى | ayat=29
  ✅ read=244 | عبدالله الخلف | ayat=29
  ✅ read=245 | منصور السالمي | ayat=29
  ✅ read=250 | محمد البخيت | ayat=29
  ✅ read=256 | أحمد خليل شاهين | ayat=29
  ✅ read=258 | عبدالرشيد صوفي | ayat=29
  ✅ read=259 | أحمد النفيس | ayat=29
  ✅ read=265 | أحمد ديبان | ayat=29
  ✅ read=268 | بيشه وا قادر الكردي | ayat=29
  ✅ read=273 | هيثم الدخين | ayat=29
  ✅ read=282 | عبدالعزيز التركي | ayat=29
  ✅ read=289 | أحمد عيسى المعصراوي | ayat=29
  ✅ read=294 | سيد أحمد هاشمي | ayat=29
  ✅ read=295 | خالد كريم محمدي | ayat=29
  ✅ read=299 | حسن صالح | ayat=29
  ✅ read=300 | صالح الشمراني | ayat=29
  ✅ read=303 | عيسى عمر سناكو | ayat=29
  ✅ read=314 | أنس العمادي | ayat=29
  ✅ read=340 | محمد برهجي | ayat=29
  ✅ read=10905 | حسن الدغريري | ayat=29
✅ تم إنشاء: timings_hafs_114/timing_048.json

📖 تحميل توقيتات السورة 049 ...
  ✅ read=1 | إبراهيم الأخضر | ayat=19
  ✅ read=3 | إبراهيم العسيري | ayat=18
  ✅ read=4 | شيخ أبو بكر الشاطري | ayat=18
  ✅ read=5 | أحمد بن علي العجمي | ayat=19
  ✅ read=6 | أحمد الحواشي | ayat=18
  ✅ read=8 | أحمد صابر | ayat=18
  ✅ read=9 | أحمد نعينع | ayat=19
  ✅ read=10 | أكرم العلاقمي | ayat=19
  ✅ read=12 | إدريس أبكر | ayat=18
  ✅ read=13 | الزين محمد أحمد | ayat=18
  ✅ read=17 | توفيق الصايغ | ayat=18
  ✅ read=20 | خالد الجليل | ayat=18
  ✅ read=21 | خالد القحطاني | ayat=18
  ✅ read=22 | خالد عبدالكافي | ayat=18
  ✅ read=24 | خليفة الطنيجي | ayat=18
  ✅ read=25 | داود حمزة | ayat=18
  ✅ read=30 | سعد الغامدي | ayat=18
  ✅ read=31 | سعود الشريم | ayat=19
  ✅ read=32 | سهل ياسين | ayat=19
  ✅ read=33 | زكي داغستاني | ayat=18
  ✅ read=38 | شيرزاد عبدالرحمن طاهر | ayat=18
  ✅ read=39 | صابر عبدالحكم | ayat=18
  ✅ read=40 | صالح الصاهود | ayat=18
  ✅ read=42 | صالح الهبدان | ayat=18
  ✅ read=43 | صلاح البدير | ayat=18
  ✅ read=44 | صلاح الهاشم | ayat=18
  ✅ read=46 | صلاح بو خاطر | ayat=18
  ✅ read=48 | عادل ريان | ayat=18
  ✅ read=49 | عبدالبارئ الثبيتي | ayat=18
  ✅ read=50 | عبدالبارئ محمد | ayat=18
  ✅ read=53 | عبدالباسط عبدالصمد | ayat=19
  ✅ read=54 | عبدالرحمن السديس | ayat=18
  ✅ read=55 | عبدالعزيز الأحمد | ayat=18
  ✅ read=56 | عبدالعزيز الزهراني | ayat=18
  ✅ read=58 | عبدالله البعيجان | ayat=18
  ✅ read=59 | عبدالله المطرود | ayat=18
  ✅ read=60 | عبدالله بصفر | ayat=19
  ✅ read=61 | عبدالله خياط | ayat=18
  ✅ read=62 | عبدالله عواد الجهني | ayat=19
  ✅ read=66 | عبدالمحسن الحارثي | ayat=18
  ✅ read=67 | عبدالمحسن القاسم | ayat=19
  ✅ read=69 | عبدالمحسن العبيكان | ayat=18
  ✅ read=70 | عبدالهادي أحمد كناكري | ayat=18
  ✅ read=71 | عبدالودود حنيف | ayat=18
  ✅ read=72 | عبدالولي الأركاني | ayat=18
  ✅ read=74 | علي بن عبدالرحمن الحذيفي | ayat=18
  ✅ read=76 | علي جابر | ayat=18
  ✅ read=77 | علي حجاج السويسي | ayat=19
  ✅ read=78 | عماد زهير حافظ | ayat=19
  ✅ read=81 | فارس عباد | ayat=18
  ✅ read=86 | ناصر القطامي | ayat=18
  ✅ read=87 | نبيل الرفاعي | ayat=18
  ✅ read=88 | نعمة الحسان | ayat=18
  ✅ read=89 | هاني الرفاعي | ayat=18
  ✅ read=92 | ياسر الدوسري | ayat=18
  ✅ read=106 | محمد الطبلاوي | ayat=19
  ✅ read=109 | محمد أيوب | ayat=18
  ✅ read=110 | محمد صالح عالم شاه | ayat=18
  ✅ read=112 | محمد صديق المنشاوي | ayat=19
  ✅ read=115 | محمد عبدالكريم | ayat=18
  ✅ read=118 | محمود خليل الحصري | ayat=19
  ✅ read=123 | مشاري العفاسي | ayat=18
  ✅ read=139 | ماجد الزامل | ayat=18
  ✅ read=159 | خالد المهنا | ayat=19
  ✅ read=181 | جمعان العصيمي | ayat=18
  ✅ read=193 | يوسف بن نوح أحمد | ayat=18
  ✅ read=198 | محمد رشاد الشريف | ayat=18
  ✅ read=201 | أحمد الطرابلسي | ayat=18
  ✅ read=203 | أحمد عامر | ayat=18
  ✅ read=217 | بندر بليله | ayat=18
  ✅ read=219 | وديع اليمني | ayat=18
  ✅ read=221 | رعد محمد الكردي | ayat=18
  ✅ read=225 | عبدالرحمن العوسي | ayat=18
  ✅ read=229 | محمد خليل القارئ | ayat=18
  ✅ read=232 | إبراهيم الدوسري | ayat=18
  ✅ read=236 | عبدالرحمن الماجد | ayat=18
  ✅ read=243 | عبدالله الموسى | ayat=18
  ✅ read=244 | عبدالله الخلف | ayat=18
  ✅ read=245 | منصور السالمي | ayat=18
  ✅ read=250 | محمد البخيت | ayat=18
  ✅ read=256 | أحمد خليل شاهين | ayat=18
  ✅ read=258 | عبدالرشيد صوفي | ayat=18
  ✅ read=259 | أحمد النفيس | ayat=18
  ✅ read=265 | أحمد ديبان | ayat=18
  ✅ read=268 | بيشه وا قادر الكردي | ayat=18
  ✅ read=273 | هيثم الدخين | ayat=18
  ✅ read=282 | عبدالعزيز التركي | ayat=18
  ✅ read=289 | أحمد عيسى المعصراوي | ayat=18
  ✅ read=294 | سيد أحمد هاشمي | ayat=18
  ✅ read=295 | خالد كريم محمدي | ayat=18
  ✅ read=299 | حسن صالح | ayat=18
  ✅ read=300 | صالح الشمراني | ayat=18
  ✅ read=303 | عيسى عمر سناكو | ayat=18
  ✅ read=314 | أنس العمادي | ayat=18
  ✅ read=340 | محمد برهجي | ayat=18
  ✅ read=10905 | حسن الدغريري | ayat=18
✅ تم إنشاء: timings_hafs_114/timing_049.json

📖 تحميل توقيتات السورة 050 ...
  ✅ read=1 | إبراهيم الأخضر | ayat=46
  ✅ read=3 | إبراهيم العسيري | ayat=45
  ✅ read=4 | شيخ أبو بكر الشاطري | ayat=45
  ✅ read=5 | أحمد بن علي العجمي | ayat=46
  ✅ read=6 | أحمد الحواشي | ayat=45
  ✅ read=8 | أحمد صابر | ayat=45
  ✅ read=9 | أحمد نعينع | ayat=46
  ✅ read=10 | أكرم العلاقمي | ayat=46
  ✅ read=12 | إدريس أبكر | ayat=45
  ✅ read=13 | الزين محمد أحمد | ayat=45
  ✅ read=17 | توفيق الصايغ | ayat=45
  ✅ read=20 | خالد الجليل | ayat=45
  ✅ read=21 | خالد القحطاني | ayat=45
  ✅ read=22 | خالد عبدالكافي | ayat=45
  ✅ read=24 | خليفة الطنيجي | ayat=45
  ✅ read=25 | داود حمزة | ayat=45
  ✅ read=30 | سعد الغامدي | ayat=45
  ✅ read=31 | سعود الشريم | ayat=46
  ✅ read=32 | سهل ياسين | ayat=46
  ✅ read=33 | زكي داغستاني | ayat=45
  ✅ read=38 | شيرزاد عبدالرحمن طاهر | ayat=45
  ✅ read=39 | صابر عبدالحكم | ayat=45
  ✅ read=40 | صالح الصاهود | ayat=45
  ✅ read=42 | صالح الهبدان | ayat=45
  ✅ read=43 | صلاح البدير | ayat=45
  ✅ read=44 | صلاح الهاشم | ayat=45
  ✅ read=46 | صلاح بو خاطر | ayat=45
  ✅ read=48 | عادل ريان | ayat=45
  ✅ read=49 | عبدالبارئ الثبيتي | ayat=45
  ✅ read=50 | عبدالبارئ محمد | ayat=45
  ✅ read=53 | عبدالباسط عبدالصمد | ayat=46
  ✅ read=54 | عبدالرحمن السديس | ayat=45
  ✅ read=55 | عبدالعزيز الأحمد | ayat=45
  ✅ read=56 | عبدالعزيز الزهراني | ayat=45
  ✅ read=58 | عبدالله البعيجان | ayat=45
  ✅ read=59 | عبدالله المطرود | ayat=45
  ✅ read=60 | عبدالله بصفر | ayat=46
  ✅ read=61 | عبدالله خياط | ayat=45
  ✅ read=62 | عبدالله عواد الجهني | ayat=46
  ✅ read=66 | عبدالمحسن الحارثي | ayat=45
  ✅ read=67 | عبدالمحسن القاسم | ayat=46
  ✅ read=69 | عبدالمحسن العبيكان | ayat=45
  ✅ read=70 | عبدالهادي أحمد كناكري | ayat=45
  ✅ read=71 | عبدالودود حنيف | ayat=45
  ✅ read=72 | عبدالولي الأركاني | ayat=45
  ✅ read=74 | علي بن عبدالرحمن الحذيفي | ayat=45
  ✅ read=76 | علي جابر | ayat=45
  ✅ read=77 | علي حجاج السويسي | ayat=46
  ✅ read=78 | عماد زهير حافظ | ayat=46
  ✅ read=81 | فارس عباد | ayat=45
  ✅ read=86 | ناصر القطامي | ayat=45
  ✅ read=87 | نبيل الرفاعي | ayat=45
  ✅ read=88 | نعمة الحسان | ayat=45
  ✅ read=89 | هاني الرفاعي | ayat=45
  ✅ read=92 | ياسر الدوسري | ayat=45
  ✅ read=106 | محمد الطبلاوي | ayat=46
  ✅ read=109 | محمد أيوب | ayat=45
  ✅ read=110 | محمد صالح عالم شاه | ayat=45
  ✅ read=112 | محمد صديق المنشاوي | ayat=46
  ✅ read=115 | محمد عبدالكريم | ayat=45
  ✅ read=118 | محمود خليل الحصري | ayat=46
  ✅ read=123 | مشاري العفاسي | ayat=45
  ✅ read=139 | ماجد الزامل | ayat=45
  ✅ read=159 | خالد المهنا | ayat=46
  ✅ read=181 | جمعان العصيمي | ayat=45
  ✅ read=193 | يوسف بن نوح أحمد | ayat=45
  ✅ read=198 | محمد رشاد الشريف | ayat=45
  ✅ read=201 | أحمد الطرابلسي | ayat=45
  ✅ read=203 | أحمد عامر | ayat=45
  ✅ read=217 | بندر بليله | ayat=45
  ✅ read=219 | وديع اليمني | ayat=45
  ✅ read=221 | رعد محمد الكردي | ayat=45
  ✅ read=225 | عبدالرحمن العوسي | ayat=45
  ✅ read=229 | محمد خليل القارئ | ayat=45
  ✅ read=232 | إبراهيم الدوسري | ayat=45
  ✅ read=236 | عبدالرحمن الماجد | ayat=45
  ✅ read=243 | عبدالله الموسى | ayat=45
  ✅ read=244 | عبدالله الخلف | ayat=45
  ✅ read=245 | منصور السالمي | ayat=45
  ✅ read=250 | محمد البخيت | ayat=45
  ✅ read=256 | أحمد خليل شاهين | ayat=45
  ✅ read=258 | عبدالرشيد صوفي | ayat=45
  ✅ read=259 | أحمد النفيس | ayat=45
  ✅ read=265 | أحمد ديبان | ayat=45
  ✅ read=268 | بيشه وا قادر الكردي | ayat=45
  ✅ read=273 | هيثم الدخين | ayat=45
  ✅ read=282 | عبدالعزيز التركي | ayat=45
  ✅ read=289 | أحمد عيسى المعصراوي | ayat=45
  ✅ read=294 | سيد أحمد هاشمي | ayat=45
  ✅ read=295 | خالد كريم محمدي | ayat=45
  ✅ read=299 | حسن صالح | ayat=45
  ✅ read=300 | صالح الشمراني | ayat=45
  ✅ read=303 | عيسى عمر سناكو | ayat=45
  ✅ read=314 | أنس العمادي | ayat=45
  ✅ read=340 | محمد برهجي | ayat=45
  ✅ read=10905 | حسن الدغريري | ayat=45
✅ تم إنشاء: timings_hafs_114/timing_050.json

📖 تحميل توقيتات السورة 051 ...
  ✅ read=1 | إبراهيم الأخضر | ayat=61
  ✅ read=3 | إبراهيم العسيري | ayat=60
  ✅ read=4 | شيخ أبو بكر الشاطري | ayat=60
  ✅ read=5 | أحمد بن علي العجمي | ayat=61
  ✅ read=6 | أحمد الحواشي | ayat=60
  ✅ read=8 | أحمد صابر | ayat=60
  ✅ read=9 | أحمد نعينع | ayat=61
  ✅ read=10 | أكرم العلاقمي | ayat=61
  ✅ read=12 | إدريس أبكر | ayat=60
  ✅ read=13 | الزين محمد أحمد | ayat=60
  ✅ read=17 | توفيق الصايغ | ayat=60
  ✅ read=20 | خالد الجليل | ayat=60
  ✅ read=21 | خالد القحطاني | ayat=60
  ✅ read=22 | خالد عبدالكافي | ayat=60
  ✅ read=24 | خليفة الطنيجي | ayat=60
  ✅ read=25 | داود حمزة | ayat=60
  ✅ read=30 | سعد الغامدي | ayat=60
  ✅ read=31 | سعود الشريم | ayat=61
  ✅ read=32 | سهل ياسين | ayat=61
  ✅ read=33 | زكي داغستاني | ayat=60
  ✅ read=38 | شيرزاد عبدالرحمن طاهر | ayat=60
  ✅ read=39 | صابر عبدالحكم | ayat=60
  ✅ read=40 | صالح الصاهود | ayat=60
  ✅ read=42 | صالح الهبدان | ayat=60
  ✅ read=43 | صلاح البدير | ayat=60
  ✅ read=44 | صلاح الهاشم | ayat=60
  ✅ read=46 | صلاح بو خاطر | ayat=60
  ✅ read=48 | عادل ريان | ayat=60
  ✅ read=49 | عبدالبارئ الثبيتي | ayat=60
  ✅ read=50 | عبدالبارئ محمد | ayat=60
  ✅ read=53 | عبدالباسط عبدالصمد | ayat=61
  ✅ read=54 | عبدالرحمن السديس | ayat=60
  ✅ read=55 | عبدالعزيز الأحمد | ayat=60
  ✅ read=56 | عبدالعزيز الزهراني | ayat=60
  ✅ read=58 | عبدالله البعيجان | ayat=60
  ✅ read=59 | عبدالله المطرود | ayat=60
  ✅ read=60 | عبدالله بصفر | ayat=61
  ✅ read=61 | عبدالله خياط | ayat=60
  ✅ read=62 | عبدالله عواد الجهني | ayat=61
  ✅ read=66 | عبدالمحسن الحارثي | ayat=60
  ✅ read=67 | عبدالمحسن القاسم | ayat=61
  ✅ read=69 | عبدالمحسن العبيكان | ayat=60
  ✅ read=70 | عبدالهادي أحمد كناكري | ayat=60
  ✅ read=71 | عبدالودود حنيف | ayat=60
  ✅ read=72 | عبدالولي الأركاني | ayat=60
  ✅ read=74 | علي بن عبدالرحمن الحذيفي | ayat=60
  ✅ read=76 | علي جابر | ayat=60
  ✅ read=77 | علي حجاج السويسي | ayat=61
  ✅ read=78 | عماد زهير حافظ | ayat=61
  ✅ read=81 | فارس عباد | ayat=60
  ✅ read=86 | ناصر القطامي | ayat=60
  ✅ read=87 | نبيل الرفاعي | ayat=60
  ✅ read=88 | نعمة الحسان | ayat=60
  ✅ read=89 | هاني الرفاعي | ayat=60
  ✅ read=92 | ياسر الدوسري | ayat=60
  ✅ read=106 | محمد الطبلاوي | ayat=61
  ✅ read=109 | محمد أيوب | ayat=60
  ✅ read=110 | محمد صالح عالم شاه | ayat=60
  ✅ read=112 | محمد صديق المنشاوي | ayat=61
  ✅ read=115 | محمد عبدالكريم | ayat=60
  ✅ read=118 | محمود خليل الحصري | ayat=61
  ✅ read=123 | مشاري العفاسي | ayat=60
  ✅ read=139 | ماجد الزامل | ayat=60
  ✅ read=159 | خالد المهنا | ayat=61
  ✅ read=181 | جمعان العصيمي | ayat=60
  ✅ read=193 | يوسف بن نوح أحمد | ayat=60
  ✅ read=198 | محمد رشاد الشريف | ayat=60
  ✅ read=201 | أحمد الطرابلسي | ayat=60
  ✅ read=203 | أحمد عامر | ayat=60
  ✅ read=217 | بندر بليله | ayat=60
  ✅ read=219 | وديع اليمني | ayat=60
  ✅ read=221 | رعد محمد الكردي | ayat=60
  ✅ read=225 | عبدالرحمن العوسي | ayat=60
  ✅ read=229 | محمد خليل القارئ | ayat=60
  ✅ read=232 | إبراهيم الدوسري | ayat=60
  ✅ read=236 | عبدالرحمن الماجد | ayat=60
  ✅ read=243 | عبدالله الموسى | ayat=60
  ✅ read=244 | عبدالله الخلف | ayat=60
  ✅ read=245 | منصور السالمي | ayat=60
  ✅ read=250 | محمد البخيت | ayat=60
  ✅ read=256 | أحمد خليل شاهين | ayat=60
  ✅ read=258 | عبدالرشيد صوفي | ayat=60
  ✅ read=259 | أحمد النفيس | ayat=60
  ✅ read=265 | أحمد ديبان | ayat=60
  ✅ read=268 | بيشه وا قادر الكردي | ayat=60
  ✅ read=273 | هيثم الدخين | ayat=60
  ✅ read=282 | عبدالعزيز التركي | ayat=60
  ✅ read=289 | أحمد عيسى المعصراوي | ayat=60
  ✅ read=294 | سيد أحمد هاشمي | ayat=60
  ✅ read=295 | خالد كريم محمدي | ayat=60
  ✅ read=299 | حسن صالح | ayat=60
  ✅ read=300 | صالح الشمراني | ayat=60
  ✅ read=303 | عيسى عمر سناكو | ayat=60
  ✅ read=314 | أنس العمادي | ayat=60
  ✅ read=340 | محمد برهجي | ayat=60
  ✅ read=10905 | حسن الدغريري | ayat=60
✅ تم إنشاء: timings_hafs_114/timing_051.json

📖 تحميل توقيتات السورة 052 ...
  ✅ read=1 | إبراهيم الأخضر | ayat=50
  ✅ read=3 | إبراهيم العسيري | ayat=49
  ✅ read=4 | شيخ أبو بكر الشاطري | ayat=49
  ✅ read=5 | أحمد بن علي العجمي | ayat=50
  ✅ read=6 | أحمد الحواشي | ayat=49
  ✅ read=8 | أحمد صابر | ayat=49
  ✅ read=9 | أحمد نعينع | ayat=50
  ✅ read=10 | أكرم العلاقمي | ayat=50
  ✅ read=12 | إدريس أبكر | ayat=49
  ✅ read=13 | الزين محمد أحمد | ayat=49
  ✅ read=17 | توفيق الصايغ | ayat=49
  ✅ read=20 | خالد الجليل | ayat=49
  ✅ read=21 | خالد القحطاني | ayat=49
  ✅ read=22 | خالد عبدالكافي | ayat=49
  ✅ read=24 | خليفة الطنيجي | ayat=49
  ✅ read=25 | داود حمزة | ayat=49
  ✅ read=30 | سعد الغامدي | ayat=49
  ✅ read=31 | سعود الشريم | ayat=50
  ✅ read=32 | سهل ياسين | ayat=50
  ✅ read=33 | زكي داغستاني | ayat=49
  ✅ read=38 | شيرزاد عبدالرحمن طاهر | ayat=49
  ✅ read=39 | صابر عبدالحكم | ayat=49
  ✅ read=40 | صالح الصاهود | ayat=49
  ✅ read=42 | صالح الهبدان | ayat=49
  ✅ read=43 | صلاح البدير | ayat=49
  ✅ read=44 | صلاح الهاشم | ayat=49
  ✅ read=46 | صلاح بو خاطر | ayat=49
  ✅ read=48 | عادل ريان | ayat=49
  ✅ read=49 | عبدالبارئ الثبيتي | ayat=49
  ✅ read=50 | عبدالبارئ محمد | ayat=49
  ✅ read=53 | عبدالباسط عبدالصمد | ayat=50
  ✅ read=54 | عبدالرحمن السديس | ayat=49
  ✅ read=55 | عبدالعزيز الأحمد | ayat=49
  ✅ read=56 | عبدالعزيز الزهراني | ayat=49
  ✅ read=58 | عبدالله البعيجان | ayat=49
  ✅ read=59 | عبدالله المطرود | ayat=49
  ✅ read=60 | عبدالله بصفر | ayat=50
  ✅ read=61 | عبدالله خياط | ayat=49
  ✅ read=62 | عبدالله عواد الجهني | ayat=50
  ✅ read=66 | عبدالمحسن الحارثي | ayat=49
  ✅ read=67 | عبدالمحسن القاسم | ayat=50
  ✅ read=69 | عبدالمحسن العبيكان | ayat=49
  ✅ read=70 | عبدالهادي أحمد كناكري | ayat=49
  ✅ read=71 | عبدالودود حنيف | ayat=49
  ✅ read=72 | عبدالولي الأركاني | ayat=49
  ✅ read=74 | علي بن عبدالرحمن الحذيفي | ayat=49
  ✅ read=76 | علي جابر | ayat=49
  ✅ read=77 | علي حجاج السويسي | ayat=50
  ✅ read=78 | عماد زهير حافظ | ayat=50
  ✅ read=81 | فارس عباد | ayat=49
  ✅ read=86 | ناصر القطامي | ayat=49
  ✅ read=87 | نبيل الرفاعي | ayat=49
  ✅ read=88 | نعمة الحسان | ayat=49
  ✅ read=89 | هاني الرفاعي | ayat=49
  ✅ read=92 | ياسر الدوسري | ayat=49
  ✅ read=106 | محمد الطبلاوي | ayat=50
  ✅ read=109 | محمد أيوب | ayat=49
  ✅ read=110 | محمد صالح عالم شاه | ayat=49
  ✅ read=112 | محمد صديق المنشاوي | ayat=50
  ✅ read=115 | محمد عبدالكريم | ayat=49
  ✅ read=118 | محمود خليل الحصري | ayat=50
  ✅ read=123 | مشاري العفاسي | ayat=49
  ✅ read=139 | ماجد الزامل | ayat=49
  ✅ read=159 | خالد المهنا | ayat=50
  ✅ read=181 | جمعان العصيمي | ayat=49
  ✅ read=193 | يوسف بن نوح أحمد | ayat=49
  ✅ read=198 | محمد رشاد الشريف | ayat=49
  ✅ read=201 | أحمد الطرابلسي | ayat=49
  ✅ read=203 | أحمد عامر | ayat=49
  ✅ read=217 | بندر بليله | ayat=49
  ✅ read=219 | وديع اليمني | ayat=49
  ✅ read=221 | رعد محمد الكردي | ayat=49
  ✅ read=225 | عبدالرحمن العوسي | ayat=49
  ✅ read=229 | محمد خليل القارئ | ayat=49
  ✅ read=232 | إبراهيم الدوسري | ayat=49
  ✅ read=236 | عبدالرحمن الماجد | ayat=49
  ✅ read=243 | عبدالله الموسى | ayat=49
  ✅ read=244 | عبدالله الخلف | ayat=49
  ✅ read=245 | منصور السالمي | ayat=49
  ✅ read=250 | محمد البخيت | ayat=49
  ✅ read=256 | أحمد خليل شاهين | ayat=49
  ✅ read=258 | عبدالرشيد صوفي | ayat=49
  ✅ read=259 | أحمد النفيس | ayat=49
  ✅ read=265 | أحمد ديبان | ayat=49
  ✅ read=268 | بيشه وا قادر الكردي | ayat=49
  ✅ read=273 | هيثم الدخين | ayat=49
  ✅ read=282 | عبدالعزيز التركي | ayat=49
  ✅ read=289 | أحمد عيسى المعصراوي | ayat=49
  ✅ read=294 | سيد أحمد هاشمي | ayat=49
  ✅ read=295 | خالد كريم محمدي | ayat=49
  ✅ read=299 | حسن صالح | ayat=49
  ✅ read=300 | صالح الشمراني | ayat=49
  ✅ read=303 | عيسى عمر سناكو | ayat=49
  ✅ read=314 | أنس العمادي | ayat=49
  ✅ read=340 | محمد برهجي | ayat=49
  ✅ read=10905 | حسن الدغريري | ayat=49
✅ تم إنشاء: timings_hafs_114/timing_052.json

📖 تحميل توقيتات السورة 053 ...
  ✅ read=1 | إبراهيم الأخضر | ayat=63
  ✅ read=3 | إبراهيم العسيري | ayat=62
  ✅ read=4 | شيخ أبو بكر الشاطري | ayat=62
  ✅ read=5 | أحمد بن علي العجمي | ayat=63
  ✅ read=6 | أحمد الحواشي | ayat=62
  ✅ read=8 | أحمد صابر | ayat=62
  ✅ read=9 | أحمد نعينع | ayat=63
  ✅ read=10 | أكرم العلاقمي | ayat=63
  ✅ read=12 | إدريس أبكر | ayat=62
  ✅ read=13 | الزين محمد أحمد | ayat=62
  ✅ read=17 | توفيق الصايغ | ayat=62
  ✅ read=20 | خالد الجليل | ayat=62
  ✅ read=21 | خالد القحطاني | ayat=62
  ✅ read=22 | خالد عبدالكافي | ayat=62
  ✅ read=24 | خليفة الطنيجي | ayat=62
  ✅ read=25 | داود حمزة | ayat=62
  ✅ read=30 | سعد الغامدي | ayat=62
  ✅ read=31 | سعود الشريم | ayat=63
  ✅ read=32 | سهل ياسين | ayat=63
  ✅ read=33 | زكي داغستاني | ayat=62
  ✅ read=38 | شيرزاد عبدالرحمن طاهر | ayat=62
  ✅ read=39 | صابر عبدالحكم | ayat=62
  ✅ read=40 | صالح الصاهود | ayat=62
  ✅ read=42 | صالح الهبدان | ayat=62
  ✅ read=43 | صلاح البدير | ayat=62
  ✅ read=44 | صلاح الهاشم | ayat=62
  ✅ read=46 | صلاح بو خاطر | ayat=62
  ✅ read=48 | عادل ريان | ayat=62
  ✅ read=49 | عبدالبارئ الثبيتي | ayat=62
  ✅ read=50 | عبدالبارئ محمد | ayat=62
  ✅ read=53 | عبدالباسط عبدالصمد | ayat=63
  ✅ read=54 | عبدالرحمن السديس | ayat=62
  ✅ read=55 | عبدالعزيز الأحمد | ayat=62
  ✅ read=56 | عبدالعزيز الزهراني | ayat=62
  ✅ read=58 | عبدالله البعيجان | ayat=62
  ✅ read=59 | عبدالله المطرود | ayat=62
  ✅ read=60 | عبدالله بصفر | ayat=63
  ✅ read=61 | عبدالله خياط | ayat=62
  ✅ read=62 | عبدالله عواد الجهني | ayat=63
  ✅ read=66 | عبدالمحسن الحارثي | ayat=62
  ✅ read=67 | عبدالمحسن القاسم | ayat=63
  ✅ read=69 | عبدالمحسن العبيكان | ayat=62
  ✅ read=70 | عبدالهادي أحمد كناكري | ayat=62
  ✅ read=71 | عبدالودود حنيف | ayat=62
  ✅ read=72 | عبدالولي الأركاني | ayat=62
  ✅ read=74 | علي بن عبدالرحمن الحذيفي | ayat=62
  ✅ read=76 | علي جابر | ayat=62
  ✅ read=77 | علي حجاج السويسي | ayat=63
  ✅ read=78 | عماد زهير حافظ | ayat=63
  ✅ read=81 | فارس عباد | ayat=62
  ✅ read=86 | ناصر القطامي | ayat=62
  ✅ read=87 | نبيل الرفاعي | ayat=62
  ✅ read=88 | نعمة الحسان | ayat=62
  ✅ read=89 | هاني الرفاعي | ayat=62
  ✅ read=92 | ياسر الدوسري | ayat=62
  ✅ read=106 | محمد الطبلاوي | ayat=63
  ✅ read=109 | محمد أيوب | ayat=62
  ✅ read=110 | محمد صالح عالم شاه | ayat=62
  ✅ read=112 | محمد صديق المنشاوي | ayat=63
  ✅ read=115 | محمد عبدالكريم | ayat=62
  ✅ read=118 | محمود خليل الحصري | ayat=63
  ✅ read=123 | مشاري العفاسي | ayat=62
  ✅ read=139 | ماجد الزامل | ayat=62
  ✅ read=159 | خالد المهنا | ayat=63
  ✅ read=181 | جمعان العصيمي | ayat=62
  ✅ read=193 | يوسف بن نوح أحمد | ayat=62
  ✅ read=198 | محمد رشاد الشريف | ayat=62
  ✅ read=201 | أحمد الطرابلسي | ayat=62
  ✅ read=203 | أحمد عامر | ayat=62
  ✅ read=217 | بندر بليله | ayat=62
  ✅ read=219 | وديع اليمني | ayat=62
  ✅ read=221 | رعد محمد الكردي | ayat=62
  ✅ read=225 | عبدالرحمن العوسي | ayat=62
  ✅ read=229 | محمد خليل القارئ | ayat=62
  ✅ read=232 | إبراهيم الدوسري | ayat=62
  ✅ read=236 | عبدالرحمن الماجد | ayat=62
  ✅ read=243 | عبدالله الموسى | ayat=62
  ✅ read=244 | عبدالله الخلف | ayat=62
  ✅ read=245 | منصور السالمي | ayat=62
  ✅ read=250 | محمد البخيت | ayat=62
  ✅ read=256 | أحمد خليل شاهين | ayat=62
  ✅ read=258 | عبدالرشيد صوفي | ayat=62
  ✅ read=259 | أحمد النفيس | ayat=62
  ✅ read=265 | أحمد ديبان | ayat=62
  ✅ read=268 | بيشه وا قادر الكردي | ayat=62
  ✅ read=273 | هيثم الدخين | ayat=62
  ✅ read=282 | عبدالعزيز التركي | ayat=62
  ✅ read=289 | أحمد عيسى المعصراوي | ayat=62
  ✅ read=294 | سيد أحمد هاشمي | ayat=62
  ✅ read=295 | خالد كريم محمدي | ayat=62
  ✅ read=299 | حسن صالح | ayat=62
  ✅ read=300 | صالح الشمراني | ayat=62
  ✅ read=303 | عيسى عمر سناكو | ayat=62
  ✅ read=314 | أنس العمادي | ayat=62
  ✅ read=340 | محمد برهجي | ayat=62
  ✅ read=10905 | حسن الدغريري | ayat=62
✅ تم إنشاء: timings_hafs_114/timing_053.json

📖 تحميل توقيتات السورة 054 ...
  ✅ read=1 | إبراهيم الأخضر | ayat=56
  ✅ read=3 | إبراهيم العسيري | ayat=55
  ✅ read=4 | شيخ أبو بكر الشاطري | ayat=55
  ✅ read=5 | أحمد بن علي العجمي | ayat=56
  ✅ read=6 | أحمد الحواشي | ayat=55
  ✅ read=8 | أحمد صابر | ayat=55
  ✅ read=9 | أحمد نعينع | ayat=56
  ✅ read=10 | أكرم العلاقمي | ayat=56
  ✅ read=12 | إدريس أبكر | ayat=55
  ✅ read=13 | الزين محمد أحمد | ayat=55
  ✅ read=17 | توفيق الصايغ | ayat=55
  ✅ read=20 | خالد الجليل | ayat=55
  ✅ read=21 | خالد القحطاني | ayat=55
  ✅ read=22 | خالد عبدالكافي | ayat=55
  ✅ read=24 | خليفة الطنيجي | ayat=55
  ✅ read=25 | داود حمزة | ayat=55
  ✅ read=30 | سعد الغامدي | ayat=55
  ✅ read=31 | سعود الشريم | ayat=56
  ✅ read=32 | سهل ياسين | ayat=56
  ✅ read=33 | زكي داغستاني | ayat=55
  ✅ read=38 | شيرزاد عبدالرحمن طاهر | ayat=55
  ✅ read=39 | صابر عبدالحكم | ayat=55
  ✅ read=40 | صالح الصاهود | ayat=55
  ✅ read=42 | صالح الهبدان | ayat=55
  ✅ read=43 | صلاح البدير | ayat=55
  ✅ read=44 | صلاح الهاشم | ayat=55
  ✅ read=46 | صلاح بو خاطر | ayat=55
  ✅ read=48 | عادل ريان | ayat=55
  ✅ read=49 | عبدالبارئ الثبيتي | ayat=55
  ✅ read=50 | عبدالبارئ محمد | ayat=55
  ✅ read=53 | عبدالباسط عبدالصمد | ayat=56
  ✅ read=54 | عبدالرحمن السديس | ayat=55
  ✅ read=55 | عبدالعزيز الأحمد | ayat=55
  ✅ read=56 | عبدالعزيز الزهراني | ayat=55
  ✅ read=58 | عبدالله البعيجان | ayat=55
  ✅ read=59 | عبدالله المطرود | ayat=55
  ✅ read=60 | عبدالله بصفر | ayat=56
  ✅ read=61 | عبدالله خياط | ayat=55
  ✅ read=62 | عبدالله عواد الجهني | ayat=56
  ✅ read=66 | عبدالمحسن الحارثي | ayat=55
  ✅ read=67 | عبدالمحسن القاسم | ayat=56
  ✅ read=69 | عبدالمحسن العبيكان | ayat=55
  ✅ read=70 | عبدالهادي أحمد كناكري | ayat=55
  ✅ read=71 | عبدالودود حنيف | ayat=55
  ✅ read=72 | عبدالولي الأركاني | ayat=55
  ✅ read=74 | علي بن عبدالرحمن الحذيفي | ayat=55
  ✅ read=76 | علي جابر | ayat=55
  ✅ read=77 | علي حجاج السويسي | ayat=56
  ✅ read=78 | عماد زهير حافظ | ayat=56
  ✅ read=81 | فارس عباد | ayat=55
  ✅ read=86 | ناصر القطامي | ayat=55
  ✅ read=87 | نبيل الرفاعي | ayat=55
  ✅ read=88 | نعمة الحسان | ayat=55
  ✅ read=89 | هاني الرفاعي | ayat=55
  ✅ read=92 | ياسر الدوسري | ayat=55
  ✅ read=106 | محمد الطبلاوي | ayat=56
  ✅ read=109 | محمد أيوب | ayat=55
  ✅ read=110 | محمد صالح عالم شاه | ayat=55
  ✅ read=112 | محمد صديق المنشاوي | ayat=56
  ✅ read=115 | محمد عبدالكريم | ayat=55
  ✅ read=118 | محمود خليل الحصري | ayat=56
  ✅ read=123 | مشاري العفاسي | ayat=55
  ✅ read=139 | ماجد الزامل | ayat=55
  ✅ read=159 | خالد المهنا | ayat=56
  ✅ read=181 | جمعان العصيمي | ayat=55
  ✅ read=193 | يوسف بن نوح أحمد | ayat=55
  ✅ read=198 | محمد رشاد الشريف | ayat=55
  ✅ read=201 | أحمد الطرابلسي | ayat=55
  ✅ read=203 | أحمد عامر | ayat=55
  ✅ read=217 | بندر بليله | ayat=55
  ✅ read=219 | وديع اليمني | ayat=55
  ✅ read=221 | رعد محمد الكردي | ayat=55
  ✅ read=225 | عبدالرحمن العوسي | ayat=55
  ✅ read=229 | محمد خليل القارئ | ayat=55
  ✅ read=232 | إبراهيم الدوسري | ayat=55
  ✅ read=236 | عبدالرحمن الماجد | ayat=55
  ✅ read=243 | عبدالله الموسى | ayat=55
  ✅ read=244 | عبدالله الخلف | ayat=55
  ✅ read=245 | منصور السالمي | ayat=55
  ✅ read=250 | محمد البخيت | ayat=55
  ✅ read=256 | أحمد خليل شاهين | ayat=55
  ✅ read=258 | عبدالرشيد صوفي | ayat=55
  ✅ read=259 | أحمد النفيس | ayat=55
  ✅ read=265 | أحمد ديبان | ayat=55
  ✅ read=268 | بيشه وا قادر الكردي | ayat=55
  ✅ read=273 | هيثم الدخين | ayat=55
  ✅ read=282 | عبدالعزيز التركي | ayat=55
  ✅ read=289 | أحمد عيسى المعصراوي | ayat=55
  ✅ read=294 | سيد أحمد هاشمي | ayat=55
  ✅ read=295 | خالد كريم محمدي | ayat=55
  ✅ read=299 | حسن صالح | ayat=55
  ✅ read=300 | صالح الشمراني | ayat=55
  ✅ read=303 | عيسى عمر سناكو | ayat=55
  ✅ read=314 | أنس العمادي | ayat=55
  ✅ read=340 | محمد برهجي | ayat=55
  ✅ read=10905 | حسن الدغريري | ayat=55
✅ تم إنشاء: timings_hafs_114/timing_054.json

📖 تحميل توقيتات السورة 055 ...
  ✅ read=1 | إبراهيم الأخضر | ayat=79
  ✅ read=3 | إبراهيم العسيري | ayat=78
  ✅ read=4 | شيخ أبو بكر الشاطري | ayat=78
  ✅ read=5 | أحمد بن علي العجمي | ayat=79
  ✅ read=6 | أحمد الحواشي | ayat=78
  ✅ read=8 | أحمد صابر | ayat=78
  ✅ read=9 | أحمد نعينع | ayat=79
  ✅ read=10 | أكرم العلاقمي | ayat=79
  ✅ read=12 | إدريس أبكر | ayat=78
  ✅ read=13 | الزين محمد أحمد | ayat=78
  ✅ read=17 | توفيق الصايغ | ayat=78
  ✅ read=20 | خالد الجليل | ayat=78
  ✅ read=21 | خالد القحطاني | ayat=78
  ✅ read=22 | خالد عبدالكافي | ayat=78
  ✅ read=24 | خليفة الطنيجي | ayat=78
  ✅ read=25 | داود حمزة | ayat=78
  ✅ read=30 | سعد الغامدي | ayat=78
  ✅ read=31 | سعود الشريم | ayat=79
  ✅ read=32 | سهل ياسين | ayat=79
  ✅ read=33 | زكي داغستاني | ayat=78
  ✅ read=38 | شيرزاد عبدالرحمن طاهر | ayat=78
  ✅ read=39 | صابر عبدالحكم | ayat=78
  ✅ read=40 | صالح الصاهود | ayat=78
  ✅ read=42 | صالح الهبدان | ayat=78
  ✅ read=43 | صلاح البدير | ayat=78
  ✅ read=44 | صلاح الهاشم | ayat=78
  ✅ read=46 | صلاح بو خاطر | ayat=78
  ✅ read=48 | عادل ريان | ayat=78
  ✅ read=49 | عبدالبارئ الثبيتي | ayat=78
  ✅ read=50 | عبدالبارئ محمد | ayat=78
  ✅ read=53 | عبدالباسط عبدالصمد | ayat=79
  ✅ read=54 | عبدالرحمن السديس | ayat=78
  ✅ read=55 | عبدالعزيز الأحمد | ayat=78
  ✅ read=56 | عبدالعزيز الزهراني | ayat=78
  ✅ read=58 | عبدالله البعيجان | ayat=78
  ✅ read=59 | عبدالله المطرود | ayat=78
  ✅ read=60 | عبدالله بصفر | ayat=79
  ✅ read=61 | عبدالله خياط | ayat=78
  ✅ read=62 | عبدالله عواد الجهني | ayat=79
  ✅ read=66 | عبدالمحسن الحارثي | ayat=78
  ✅ read=67 | عبدالمحسن القاسم | ayat=79
  ✅ read=69 | عبدالمحسن العبيكان | ayat=78
  ✅ read=70 | عبدالهادي أحمد كناكري | ayat=78
  ✅ read=71 | عبدالودود حنيف | ayat=78
  ✅ read=72 | عبدالولي الأركاني | ayat=78
  ✅ read=74 | علي بن عبدالرحمن الحذيفي | ayat=78
  ✅ read=76 | علي جابر | ayat=78
  ✅ read=77 | علي حجاج السويسي | ayat=79
  ✅ read=78 | عماد زهير حافظ | ayat=79
  ✅ read=81 | فارس عباد | ayat=78
  ✅ read=86 | ناصر القطامي | ayat=78
  ✅ read=87 | نبيل الرفاعي | ayat=78
  ✅ read=88 | نعمة الحسان | ayat=78
  ✅ read=89 | هاني الرفاعي | ayat=78
  ✅ read=92 | ياسر الدوسري | ayat=78
  ✅ read=106 | محمد الطبلاوي | ayat=79
  ✅ read=109 | محمد أيوب | ayat=78
  ✅ read=110 | محمد صالح عالم شاه | ayat=78
  ✅ read=112 | محمد صديق المنشاوي | ayat=79
  ✅ read=115 | محمد عبدالكريم | ayat=78
  ✅ read=118 | محمود خليل الحصري | ayat=79
  ✅ read=123 | مشاري العفاسي | ayat=78
  ✅ read=139 | ماجد الزامل | ayat=78
  ✅ read=159 | خالد المهنا | ayat=79
  ✅ read=181 | جمعان العصيمي | ayat=78
  ✅ read=193 | يوسف بن نوح أحمد | ayat=78
  ✅ read=198 | محمد رشاد الشريف | ayat=78
  ✅ read=201 | أحمد الطرابلسي | ayat=78
  ✅ read=203 | أحمد عامر | ayat=78
  ✅ read=217 | بندر بليله | ayat=78
  ✅ read=219 | وديع اليمني | ayat=78
  ✅ read=221 | رعد محمد الكردي | ayat=78
  ✅ read=225 | عبدالرحمن العوسي | ayat=78
  ✅ read=229 | محمد خليل القارئ | ayat=78
  ✅ read=232 | إبراهيم الدوسري | ayat=78
  ✅ read=236 | عبدالرحمن الماجد | ayat=78
  ✅ read=243 | عبدالله الموسى | ayat=78
  ✅ read=244 | عبدالله الخلف | ayat=78
  ✅ read=245 | منصور السالمي | ayat=78
  ✅ read=250 | محمد البخيت | ayat=78
  ✅ read=256 | أحمد خليل شاهين | ayat=78
  ✅ read=258 | عبدالرشيد صوفي | ayat=78
  ✅ read=259 | أحمد النفيس | ayat=78
  ✅ read=265 | أحمد ديبان | ayat=78
  ✅ read=268 | بيشه وا قادر الكردي | ayat=78
  ✅ read=273 | هيثم الدخين | ayat=78
  ✅ read=282 | عبدالعزيز التركي | ayat=78
  ✅ read=289 | أحمد عيسى المعصراوي | ayat=78
  ✅ read=294 | سيد أحمد هاشمي | ayat=78
  ✅ read=295 | خالد كريم محمدي | ayat=78
  ✅ read=299 | حسن صالح | ayat=78
  ✅ read=300 | صالح الشمراني | ayat=78
  ✅ read=303 | عيسى عمر سناكو | ayat=78
  ✅ read=314 | أنس العمادي | ayat=78
  ✅ read=340 | محمد برهجي | ayat=78
  ✅ read=10905 | حسن الدغريري | ayat=78
✅ تم إنشاء: timings_hafs_114/timing_055.json

📖 تحميل توقيتات السورة 056 ...
  ✅ read=1 | إبراهيم الأخضر | ayat=97
  ✅ read=3 | إبراهيم العسيري | ayat=96
  ✅ read=4 | شيخ أبو بكر الشاطري | ayat=96
  ✅ read=5 | أحمد بن علي العجمي | ayat=97
  ✅ read=6 | أحمد الحواشي | ayat=96
  ✅ read=8 | أحمد صابر | ayat=96
  ✅ read=9 | أحمد نعينع | ayat=97
  ✅ read=10 | أكرم العلاقمي | ayat=97
  ✅ read=12 | إدريس أبكر | ayat=96
  ✅ read=13 | الزين محمد أحمد | ayat=96
  ✅ read=17 | توفيق الصايغ | ayat=96
  ✅ read=20 | خالد الجليل | ayat=96
  ✅ read=21 | خالد القحطاني | ayat=96
  ✅ read=22 | خالد عبدالكافي | ayat=96
  ✅ read=24 | خليفة الطنيجي | ayat=96
  ✅ read=25 | داود حمزة | ayat=96
  ✅ read=30 | سعد الغامدي | ayat=96
  ✅ read=31 | سعود الشريم | ayat=97
  ✅ read=32 | سهل ياسين | ayat=97
  ✅ read=33 | زكي داغستاني | ayat=96
  ✅ read=38 | شيرزاد عبدالرحمن طاهر | ayat=96
  ✅ read=39 | صابر عبدالحكم | ayat=96
  ✅ read=40 | صالح الصاهود | ayat=96
  ✅ read=42 | صالح الهبدان | ayat=96
  ✅ read=43 | صلاح البدير | ayat=96
  ✅ read=44 | صلاح الهاشم | ayat=96
  ✅ read=46 | صلاح بو خاطر | ayat=96
  ✅ read=48 | عادل ريان | ayat=96
  ✅ read=49 | عبدالبارئ الثبيتي | ayat=96
  ✅ read=50 | عبدالبارئ محمد | ayat=96
  ✅ read=53 | عبدالباسط عبدالصمد | ayat=97
  ✅ read=54 | عبدالرحمن السديس | ayat=96
  ✅ read=55 | عبدالعزيز الأحمد | ayat=96
  ✅ read=56 | عبدالعزيز الزهراني | ayat=96
  ✅ read=58 | عبدالله البعيجان | ayat=96
  ✅ read=59 | عبدالله المطرود | ayat=96
  ✅ read=60 | عبدالله بصفر | ayat=97
  ✅ read=61 | عبدالله خياط | ayat=96
  ✅ read=62 | عبدالله عواد الجهني | ayat=97
  ✅ read=66 | عبدالمحسن الحارثي | ayat=96
  ✅ read=67 | عبدالمحسن القاسم | ayat=97
  ✅ read=69 | عبدالمحسن العبيكان | ayat=96
  ✅ read=70 | عبدالهادي أحمد كناكري | ayat=96
  ✅ read=71 | عبدالودود حنيف | ayat=96
  ✅ read=72 | عبدالولي الأركاني | ayat=96
  ✅ read=74 | علي بن عبدالرحمن الحذيفي | ayat=96
  ✅ read=76 | علي جابر | ayat=96
  ✅ read=77 | علي حجاج السويسي | ayat=97
  ✅ read=78 | عماد زهير حافظ | ayat=97
  ✅ read=81 | فارس عباد | ayat=96
  ✅ read=86 | ناصر القطامي | ayat=96
  ✅ read=87 | نبيل الرفاعي | ayat=96
  ✅ read=88 | نعمة الحسان | ayat=96
  ✅ read=89 | هاني الرفاعي | ayat=96
  ✅ read=92 | ياسر الدوسري | ayat=96
  ✅ read=106 | محمد الطبلاوي | ayat=97
  ✅ read=109 | محمد أيوب | ayat=96
  ✅ read=110 | محمد صالح عالم شاه | ayat=96
  ✅ read=112 | محمد صديق المنشاوي | ayat=97
  ✅ read=115 | محمد عبدالكريم | ayat=96
  ✅ read=118 | محمود خليل الحصري | ayat=97
  ✅ read=123 | مشاري العفاسي | ayat=96
  ✅ read=139 | ماجد الزامل | ayat=96
  ✅ read=159 | خالد المهنا | ayat=97
  ✅ read=181 | جمعان العصيمي | ayat=96
  ✅ read=193 | يوسف بن نوح أحمد | ayat=96
  ✅ read=198 | محمد رشاد الشريف | ayat=96
  ✅ read=201 | أحمد الطرابلسي | ayat=96
  ✅ read=203 | أحمد عامر | ayat=96
  ✅ read=217 | بندر بليله | ayat=96
  ✅ read=219 | وديع اليمني | ayat=96
  ✅ read=221 | رعد محمد الكردي | ayat=96
  ✅ read=225 | عبدالرحمن العوسي | ayat=96
  ✅ read=229 | محمد خليل القارئ | ayat=96
  ✅ read=232 | إبراهيم الدوسري | ayat=96
  ✅ read=236 | عبدالرحمن الماجد | ayat=96
  ✅ read=243 | عبدالله الموسى | ayat=96
  ✅ read=244 | عبدالله الخلف | ayat=96
  ✅ read=245 | منصور السالمي | ayat=96
  ✅ read=250 | محمد البخيت | ayat=96
  ✅ read=256 | أحمد خليل شاهين | ayat=96
  ✅ read=258 | عبدالرشيد صوفي | ayat=96
  ✅ read=259 | أحمد النفيس | ayat=96
  ✅ read=265 | أحمد ديبان | ayat=96
  ✅ read=268 | بيشه وا قادر الكردي | ayat=96
  ✅ read=273 | هيثم الدخين | ayat=96
  ✅ read=282 | عبدالعزيز التركي | ayat=96
  ✅ read=289 | أحمد عيسى المعصراوي | ayat=96
  ✅ read=294 | سيد أحمد هاشمي | ayat=96
  ✅ read=295 | خالد كريم محمدي | ayat=96
  ✅ read=299 | حسن صالح | ayat=96
  ✅ read=300 | صالح الشمراني | ayat=96
  ✅ read=303 | عيسى عمر سناكو | ayat=96
  ✅ read=314 | أنس العمادي | ayat=96
  ✅ read=340 | محمد برهجي | ayat=96
  ✅ read=10905 | حسن الدغريري | ayat=96
✅ تم إنشاء: timings_hafs_114/timing_056.json

📖 تحميل توقيتات السورة 057 ...
  ✅ read=1 | إبراهيم الأخضر | ayat=30
  ✅ read=3 | إبراهيم العسيري | ayat=29
  ✅ read=4 | شيخ أبو بكر الشاطري | ayat=29
  ✅ read=5 | أحمد بن علي العجمي | ayat=30
  ✅ read=6 | أحمد الحواشي | ayat=29
  ✅ read=8 | أحمد صابر | ayat=29
  ✅ read=9 | أحمد نعينع | ayat=30
  ✅ read=10 | أكرم العلاقمي | ayat=30
  ✅ read=12 | إدريس أبكر | ayat=29
  ✅ read=13 | الزين محمد أحمد | ayat=29
  ✅ read=17 | توفيق الصايغ | ayat=29
  ✅ read=20 | خالد الجليل | ayat=29
  ✅ read=21 | خالد القحطاني | ayat=29
  ✅ read=22 | خالد عبدالكافي | ayat=29
  ✅ read=24 | خليفة الطنيجي | ayat=29
  ✅ read=25 | داود حمزة | ayat=29
  ✅ read=30 | سعد الغامدي | ayat=29
  ✅ read=31 | سعود الشريم | ayat=30
  ✅ read=32 | سهل ياسين | ayat=30
  ✅ read=33 | زكي داغستاني | ayat=29
  ✅ read=38 | شيرزاد عبدالرحمن طاهر | ayat=29
  ✅ read=39 | صابر عبدالحكم | ayat=29
  ✅ read=40 | صالح الصاهود | ayat=29
  ✅ read=42 | صالح الهبدان | ayat=29
  ✅ read=43 | صلاح البدير | ayat=29
  ✅ read=44 | صلاح الهاشم | ayat=29
  ✅ read=46 | صلاح بو خاطر | ayat=29
  ✅ read=48 | عادل ريان | ayat=29
  ✅ read=49 | عبدالبارئ الثبيتي | ayat=29
  ✅ read=50 | عبدالبارئ محمد | ayat=29
  ✅ read=53 | عبدالباسط عبدالصمد | ayat=30
  ✅ read=54 | عبدالرحمن السديس | ayat=29
  ✅ read=55 | عبدالعزيز الأحمد | ayat=29
  ✅ read=56 | عبدالعزيز الزهراني | ayat=29
  ✅ read=58 | عبدالله البعيجان | ayat=29
  ✅ read=59 | عبدالله المطرود | ayat=29
  ✅ read=60 | عبدالله بصفر | ayat=30
  ✅ read=61 | عبدالله خياط | ayat=29
  ✅ read=62 | عبدالله عواد الجهني | ayat=30
  ✅ read=66 | عبدالمحسن الحارثي | ayat=29
  ✅ read=67 | عبدالمحسن القاسم | ayat=30
  ✅ read=69 | عبدالمحسن العبيكان | ayat=29
  ✅ read=70 | عبدالهادي أحمد كناكري | ayat=29
  ✅ read=71 | عبدالودود حنيف | ayat=29
  ✅ read=72 | عبدالولي الأركاني | ayat=29
  ✅ read=74 | علي بن عبدالرحمن الحذيفي | ayat=29
  ✅ read=76 | علي جابر | ayat=29
  ✅ read=77 | علي حجاج السويسي | ayat=30
  ✅ read=78 | عماد زهير حافظ | ayat=30
  ✅ read=81 | فارس عباد | ayat=29
  ✅ read=86 | ناصر القطامي | ayat=29
  ✅ read=87 | نبيل الرفاعي | ayat=29
  ✅ read=88 | نعمة الحسان | ayat=29
  ✅ read=89 | هاني الرفاعي | ayat=29
  ✅ read=92 | ياسر الدوسري | ayat=29
  ✅ read=106 | محمد الطبلاوي | ayat=30
  ✅ read=109 | محمد أيوب | ayat=29
  ✅ read=110 | محمد صالح عالم شاه | ayat=29
  ✅ read=112 | محمد صديق المنشاوي | ayat=30
  ✅ read=115 | محمد عبدالكريم | ayat=29
  ✅ read=118 | محمود خليل الحصري | ayat=30
  ✅ read=123 | مشاري العفاسي | ayat=29
  ✅ read=139 | ماجد الزامل | ayat=29
  ✅ read=159 | خالد المهنا | ayat=30
  ✅ read=181 | جمعان العصيمي | ayat=29
  ✅ read=193 | يوسف بن نوح أحمد | ayat=29
  ✅ read=198 | محمد رشاد الشريف | ayat=29
  ✅ read=201 | أحمد الطرابلسي | ayat=29
  ✅ read=203 | أحمد عامر | ayat=29
  ✅ read=217 | بندر بليله | ayat=29
  ✅ read=219 | وديع اليمني | ayat=29
  ✅ read=221 | رعد محمد الكردي | ayat=29
  ✅ read=225 | عبدالرحمن العوسي | ayat=29
  ✅ read=229 | محمد خليل القارئ | ayat=29
  ✅ read=232 | إبراهيم الدوسري | ayat=29
  ✅ read=236 | عبدالرحمن الماجد | ayat=29
  ✅ read=243 | عبدالله الموسى | ayat=29
  ✅ read=244 | عبدالله الخلف | ayat=29
  ✅ read=245 | منصور السالمي | ayat=29
  ✅ read=250 | محمد البخيت | ayat=29
  ✅ read=256 | أحمد خليل شاهين | ayat=29
  ✅ read=258 | عبدالرشيد صوفي | ayat=29
  ✅ read=259 | أحمد النفيس | ayat=29
  ✅ read=265 | أحمد ديبان | ayat=29
  ✅ read=268 | بيشه وا قادر الكردي | ayat=29
  ✅ read=273 | هيثم الدخين | ayat=29
  ✅ read=282 | عبدالعزيز التركي | ayat=29
  ✅ read=289 | أحمد عيسى المعصراوي | ayat=29
  ✅ read=294 | سيد أحمد هاشمي | ayat=29
  ✅ read=295 | خالد كريم محمدي | ayat=29
  ✅ read=299 | حسن صالح | ayat=29
  ✅ read=300 | صالح الشمراني | ayat=29
  ✅ read=303 | عيسى عمر سناكو | ayat=29
  ✅ read=314 | أنس العمادي | ayat=29
  ✅ read=340 | محمد برهجي | ayat=29
  ✅ read=10905 | حسن الدغريري | ayat=29
✅ تم إنشاء: timings_hafs_114/timing_057.json

📖 تحميل توقيتات السورة 058 ...
  ✅ read=1 | إبراهيم الأخضر | ayat=23
  ✅ read=3 | إبراهيم العسيري | ayat=22
  ✅ read=4 | شيخ أبو بكر الشاطري | ayat=22
  ✅ read=5 | أحمد بن علي العجمي | ayat=23
  ✅ read=6 | أحمد الحواشي | ayat=22
  ✅ read=8 | أحمد صابر | ayat=22
  ✅ read=9 | أحمد نعينع | ayat=23
  ✅ read=10 | أكرم العلاقمي | ayat=23
  ✅ read=12 | إدريس أبكر | ayat=22
  ✅ read=13 | الزين محمد أحمد | ayat=22
  ✅ read=17 | توفيق الصايغ | ayat=22
  ✅ read=20 | خالد الجليل | ayat=22
  ✅ read=21 | خالد القحطاني | ayat=22
  ✅ read=22 | خالد عبدالكافي | ayat=22
  ✅ read=24 | خليفة الطنيجي | ayat=22
  ✅ read=25 | داود حمزة | ayat=22
  ✅ read=30 | سعد الغامدي | ayat=22
  ✅ read=31 | سعود الشريم | ayat=23
  ✅ read=32 | سهل ياسين | ayat=23
  ✅ read=33 | زكي داغستاني | ayat=22
  ✅ read=38 | شيرزاد عبدالرحمن طاهر | ayat=22
  ✅ read=39 | صابر عبدالحكم | ayat=22
  ✅ read=40 | صالح الصاهود | ayat=22
  ✅ read=42 | صالح الهبدان | ayat=22
  ✅ read=43 | صلاح البدير | ayat=22
  ✅ read=44 | صلاح الهاشم | ayat=22
  ✅ read=46 | صلاح بو خاطر | ayat=22
  ✅ read=48 | عادل ريان | ayat=22
  ✅ read=49 | عبدالبارئ الثبيتي | ayat=22
  ✅ read=50 | عبدالبارئ محمد | ayat=22
  ✅ read=53 | عبدالباسط عبدالصمد | ayat=23
  ✅ read=54 | عبدالرحمن السديس | ayat=22
  ✅ read=55 | عبدالعزيز الأحمد | ayat=22
  ✅ read=56 | عبدالعزيز الزهراني | ayat=22
  ✅ read=58 | عبدالله البعيجان | ayat=22
  ✅ read=59 | عبدالله المطرود | ayat=22
  ✅ read=60 | عبدالله بصفر | ayat=23
  ✅ read=61 | عبدالله خياط | ayat=22
  ✅ read=62 | عبدالله عواد الجهني | ayat=23
  ✅ read=66 | عبدالمحسن الحارثي | ayat=22
  ✅ read=67 | عبدالمحسن القاسم | ayat=23
  ✅ read=69 | عبدالمحسن العبيكان | ayat=22
  ✅ read=70 | عبدالهادي أحمد كناكري | ayat=22
  ✅ read=71 | عبدالودود حنيف | ayat=22
  ✅ read=72 | عبدالولي الأركاني | ayat=22
  ✅ read=74 | علي بن عبدالرحمن الحذيفي | ayat=22
  ✅ read=76 | علي جابر | ayat=22
  ✅ read=77 | علي حجاج السويسي | ayat=23
  ✅ read=78 | عماد زهير حافظ | ayat=23
  ✅ read=81 | فارس عباد | ayat=22
  ✅ read=86 | ناصر القطامي | ayat=22
  ✅ read=87 | نبيل الرفاعي | ayat=22
  ✅ read=88 | نعمة الحسان | ayat=22
  ✅ read=89 | هاني الرفاعي | ayat=22
  ✅ read=92 | ياسر الدوسري | ayat=22
  ✅ read=106 | محمد الطبلاوي | ayat=23
  ✅ read=109 | محمد أيوب | ayat=22
  ✅ read=110 | محمد صالح عالم شاه | ayat=22
  ✅ read=112 | محمد صديق المنشاوي | ayat=23
  ✅ read=115 | محمد عبدالكريم | ayat=22
  ✅ read=118 | محمود خليل الحصري | ayat=23
  ✅ read=123 | مشاري العفاسي | ayat=22
  ✅ read=139 | ماجد الزامل | ayat=22
  ✅ read=159 | خالد المهنا | ayat=23
  ✅ read=181 | جمعان العصيمي | ayat=22
  ✅ read=193 | يوسف بن نوح أحمد | ayat=22
  ✅ read=198 | محمد رشاد الشريف | ayat=22
  ✅ read=201 | أحمد الطرابلسي | ayat=22
  ✅ read=203 | أحمد عامر | ayat=22
  ✅ read=217 | بندر بليله | ayat=22
  ✅ read=219 | وديع اليمني | ayat=22
  ✅ read=221 | رعد محمد الكردي | ayat=22
  ✅ read=225 | عبدالرحمن العوسي | ayat=22
  ✅ read=229 | محمد خليل القارئ | ayat=22
  ✅ read=232 | إبراهيم الدوسري | ayat=22
  ✅ read=236 | عبدالرحمن الماجد | ayat=22
  ✅ read=243 | عبدالله الموسى | ayat=22
  ✅ read=244 | عبدالله الخلف | ayat=22
  ✅ read=245 | منصور السالمي | ayat=22
  ✅ read=250 | محمد البخيت | ayat=22
  ✅ read=256 | أحمد خليل شاهين | ayat=22
  ✅ read=258 | عبدالرشيد صوفي | ayat=22
  ✅ read=259 | أحمد النفيس | ayat=22
  ✅ read=265 | أحمد ديبان | ayat=22
  ✅ read=268 | بيشه وا قادر الكردي | ayat=22
  ✅ read=273 | هيثم الدخين | ayat=22
  ✅ read=282 | عبدالعزيز التركي | ayat=22
  ✅ read=289 | أحمد عيسى المعصراوي | ayat=22
  ✅ read=294 | سيد أحمد هاشمي | ayat=22
  ✅ read=295 | خالد كريم محمدي | ayat=22
  ✅ read=299 | حسن صالح | ayat=22
  ✅ read=300 | صالح الشمراني | ayat=22
  ✅ read=303 | عيسى عمر سناكو | ayat=22
  ✅ read=314 | أنس العمادي | ayat=22
  ✅ read=340 | محمد برهجي | ayat=22
  ✅ read=10905 | حسن الدغريري | ayat=22
✅ تم إنشاء: timings_hafs_114/timing_058.json

📖 تحميل توقيتات السورة 059 ...
  ✅ read=1 | إبراهيم الأخضر | ayat=25
  ✅ read=3 | إبراهيم العسيري | ayat=24
  ✅ read=4 | شيخ أبو بكر الشاطري | ayat=24
  ✅ read=5 | أحمد بن علي العجمي | ayat=25
  ✅ read=6 | أحمد الحواشي | ayat=24
  ✅ read=8 | أحمد صابر | ayat=24
  ✅ read=9 | أحمد نعينع | ayat=25
  ✅ read=10 | أكرم العلاقمي | ayat=25
  ✅ read=12 | إدريس أبكر | ayat=24
  ✅ read=13 | الزين محمد أحمد | ayat=24
  ✅ read=17 | توفيق الصايغ | ayat=24
  ✅ read=20 | خالد الجليل | ayat=24
  ✅ read=21 | خالد القحطاني | ayat=24
  ✅ read=22 | خالد عبدالكافي | ayat=24
  ✅ read=24 | خليفة الطنيجي | ayat=24
  ✅ read=25 | داود حمزة | ayat=24
  ✅ read=30 | سعد الغامدي | ayat=24
  ✅ read=31 | سعود الشريم | ayat=25
  ✅ read=32 | سهل ياسين | ayat=25
  ✅ read=33 | زكي داغستاني | ayat=24
  ✅ read=38 | شيرزاد عبدالرحمن طاهر | ayat=24
  ✅ read=39 | صابر عبدالحكم | ayat=24
  ✅ read=40 | صالح الصاهود | ayat=24
  ✅ read=42 | صالح الهبدان | ayat=24
  ✅ read=43 | صلاح البدير | ayat=24
  ✅ read=44 | صلاح الهاشم | ayat=24
  ✅ read=46 | صلاح بو خاطر | ayat=24
  ✅ read=48 | عادل ريان | ayat=24
  ✅ read=49 | عبدالبارئ الثبيتي | ayat=24
  ✅ read=50 | عبدالبارئ محمد | ayat=24
  ✅ read=53 | عبدالباسط عبدالصمد | ayat=25
  ✅ read=54 | عبدالرحمن السديس | ayat=24
  ✅ read=55 | عبدالعزيز الأحمد | ayat=24
  ✅ read=56 | عبدالعزيز الزهراني | ayat=24
  ✅ read=58 | عبدالله البعيجان | ayat=24
  ✅ read=59 | عبدالله المطرود | ayat=24
  ✅ read=60 | عبدالله بصفر | ayat=25
  ✅ read=61 | عبدالله خياط | ayat=24
  ✅ read=62 | عبدالله عواد الجهني | ayat=25
  ✅ read=66 | عبدالمحسن الحارثي | ayat=24
  ✅ read=67 | عبدالمحسن القاسم | ayat=25
  ✅ read=69 | عبدالمحسن العبيكان | ayat=24
  ✅ read=70 | عبدالهادي أحمد كناكري | ayat=24
  ✅ read=71 | عبدالودود حنيف | ayat=24
  ✅ read=72 | عبدالولي الأركاني | ayat=24
  ✅ read=74 | علي بن عبدالرحمن الحذيفي | ayat=24
  ✅ read=76 | علي جابر | ayat=24
  ✅ read=77 | علي حجاج السويسي | ayat=25
  ✅ read=78 | عماد زهير حافظ | ayat=25
  ✅ read=81 | فارس عباد | ayat=24
  ✅ read=86 | ناصر القطامي | ayat=24
  ✅ read=87 | نبيل الرفاعي | ayat=24
  ✅ read=88 | نعمة الحسان | ayat=24
  ✅ read=89 | هاني الرفاعي | ayat=24
  ✅ read=92 | ياسر الدوسري | ayat=24
  ✅ read=106 | محمد الطبلاوي | ayat=25
  ✅ read=109 | محمد أيوب | ayat=24
  ✅ read=110 | محمد صالح عالم شاه | ayat=24
  ✅ read=112 | محمد صديق المنشاوي | ayat=25
  ✅ read=115 | محمد عبدالكريم | ayat=24
  ✅ read=118 | محمود خليل الحصري | ayat=25
  ✅ read=123 | مشاري العفاسي | ayat=24
  ✅ read=139 | ماجد الزامل | ayat=24
  ✅ read=159 | خالد المهنا | ayat=25
  ✅ read=181 | جمعان العصيمي | ayat=24
  ✅ read=193 | يوسف بن نوح أحمد | ayat=24
  ✅ read=198 | محمد رشاد الشريف | ayat=24
  ✅ read=201 | أحمد الطرابلسي | ayat=24
  ✅ read=203 | أحمد عامر | ayat=24
  ✅ read=217 | بندر بليله | ayat=24
  ✅ read=219 | وديع اليمني | ayat=24
  ✅ read=221 | رعد محمد الكردي | ayat=24
  ✅ read=225 | عبدالرحمن العوسي | ayat=24
  ✅ read=229 | محمد خليل القارئ | ayat=24
  ✅ read=232 | إبراهيم الدوسري | ayat=24
  ✅ read=236 | عبدالرحمن الماجد | ayat=24
  ✅ read=243 | عبدالله الموسى | ayat=24
  ✅ read=244 | عبدالله الخلف | ayat=24
  ✅ read=245 | منصور السالمي | ayat=24
  ✅ read=250 | محمد البخيت | ayat=24
  ✅ read=256 | أحمد خليل شاهين | ayat=24
  ✅ read=258 | عبدالرشيد صوفي | ayat=24
  ✅ read=259 | أحمد النفيس | ayat=24
  ✅ read=265 | أحمد ديبان | ayat=24
  ✅ read=268 | بيشه وا قادر الكردي | ayat=24
  ✅ read=273 | هيثم الدخين | ayat=24
  ✅ read=282 | عبدالعزيز التركي | ayat=24
  ✅ read=289 | أحمد عيسى المعصراوي | ayat=24
  ✅ read=294 | سيد أحمد هاشمي | ayat=24
  ✅ read=295 | خالد كريم محمدي | ayat=24
  ✅ read=299 | حسن صالح | ayat=24
  ✅ read=300 | صالح الشمراني | ayat=24
  ✅ read=303 | عيسى عمر سناكو | ayat=24
  ✅ read=314 | أنس العمادي | ayat=24
  ✅ read=340 | محمد برهجي | ayat=24
  ✅ read=10905 | حسن الدغريري | ayat=24
✅ تم إنشاء: timings_hafs_114/timing_059.json

📖 تحميل توقيتات السورة 060 ...
  ✅ read=1 | إبراهيم الأخضر | ayat=14
  ✅ read=3 | إبراهيم العسيري | ayat=13
  ✅ read=4 | شيخ أبو بكر الشاطري | ayat=13
  ✅ read=5 | أحمد بن علي العجمي | ayat=14
  ✅ read=6 | أحمد الحواشي | ayat=13
  ✅ read=8 | أحمد صابر | ayat=13
  ✅ read=9 | أحمد نعينع | ayat=14
  ✅ read=10 | أكرم العلاقمي | ayat=14
  ✅ read=12 | إدريس أبكر | ayat=13
  ✅ read=13 | الزين محمد أحمد | ayat=13
  ✅ read=17 | توفيق الصايغ | ayat=13
  ✅ read=20 | خالد الجليل | ayat=13
  ✅ read=21 | خالد القحطاني | ayat=13
  ✅ read=22 | خالد عبدالكافي | ayat=13
  ✅ read=24 | خليفة الطنيجي | ayat=13
  ✅ read=25 | داود حمزة | ayat=13
  ✅ read=30 | سعد الغامدي | ayat=13
  ✅ read=31 | سعود الشريم | ayat=14
  ✅ read=32 | سهل ياسين | ayat=14
  ✅ read=33 | زكي داغستاني | ayat=13
  ✅ read=38 | شيرزاد عبدالرحمن طاهر | ayat=13
  ✅ read=39 | صابر عبدالحكم | ayat=13
  ✅ read=40 | صالح الصاهود | ayat=13
  ✅ read=42 | صالح الهبدان | ayat=13
  ✅ read=43 | صلاح البدير | ayat=13
  ✅ read=44 | صلاح الهاشم | ayat=13
  ✅ read=46 | صلاح بو خاطر | ayat=13
  ✅ read=48 | عادل ريان | ayat=13
  ✅ read=49 | عبدالبارئ الثبيتي | ayat=13
  ✅ read=50 | عبدالبارئ محمد | ayat=13
  ✅ read=53 | عبدالباسط عبدالصمد | ayat=14
  ✅ read=54 | عبدالرحمن السديس | ayat=13
  ✅ read=55 | عبدالعزيز الأحمد | ayat=13
  ✅ read=56 | عبدالعزيز الزهراني | ayat=13
  ✅ read=58 | عبدالله البعيجان | ayat=13
  ✅ read=59 | عبدالله المطرود | ayat=13
  ✅ read=60 | عبدالله بصفر | ayat=14
  ✅ read=61 | عبدالله خياط | ayat=13
  ✅ read=62 | عبدالله عواد الجهني | ayat=14
  ✅ read=66 | عبدالمحسن الحارثي | ayat=13
  ✅ read=67 | عبدالمحسن القاسم | ayat=14
  ✅ read=69 | عبدالمحسن العبيكان | ayat=13
  ✅ read=70 | عبدالهادي أحمد كناكري | ayat=13
  ✅ read=71 | عبدالودود حنيف | ayat=13
  ✅ read=72 | عبدالولي الأركاني | ayat=13
  ✅ read=74 | علي بن عبدالرحمن الحذيفي | ayat=13
  ✅ read=76 | علي جابر | ayat=13
  ✅ read=77 | علي حجاج السويسي | ayat=14
  ✅ read=78 | عماد زهير حافظ | ayat=14
  ✅ read=81 | فارس عباد | ayat=13
  ✅ read=86 | ناصر القطامي | ayat=13
  ✅ read=87 | نبيل الرفاعي | ayat=13
  ✅ read=88 | نعمة الحسان | ayat=13
  ✅ read=89 | هاني الرفاعي | ayat=13
  ✅ read=92 | ياسر الدوسري | ayat=13
  ✅ read=106 | محمد الطبلاوي | ayat=14
  ✅ read=109 | محمد أيوب | ayat=13
  ✅ read=110 | محمد صالح عالم شاه | ayat=13
  ✅ read=112 | محمد صديق المنشاوي | ayat=14
  ✅ read=115 | محمد عبدالكريم | ayat=13
  ✅ read=118 | محمود خليل الحصري | ayat=14
  ✅ read=123 | مشاري العفاسي | ayat=13
  ✅ read=139 | ماجد الزامل | ayat=13
  ✅ read=159 | خالد المهنا | ayat=14
  ✅ read=181 | جمعان العصيمي | ayat=13
  ✅ read=193 | يوسف بن نوح أحمد | ayat=13
  ✅ read=198 | محمد رشاد الشريف | ayat=13
  ✅ read=201 | أحمد الطرابلسي | ayat=13
  ✅ read=203 | أحمد عامر | ayat=13
  ✅ read=217 | بندر بليله | ayat=13
  ✅ read=219 | وديع اليمني | ayat=13
  ✅ read=221 | رعد محمد الكردي | ayat=13
  ✅ read=225 | عبدالرحمن العوسي | ayat=13
  ✅ read=229 | محمد خليل القارئ | ayat=13
  ✅ read=232 | إبراهيم الدوسري | ayat=13
  ✅ read=236 | عبدالرحمن الماجد | ayat=13
  ✅ read=243 | عبدالله الموسى | ayat=13
  ✅ read=244 | عبدالله الخلف | ayat=13
  ✅ read=245 | منصور السالمي | ayat=13
  ✅ read=250 | محمد البخيت | ayat=13
  ✅ read=256 | أحمد خليل شاهين | ayat=13
  ✅ read=258 | عبدالرشيد صوفي | ayat=13
  ✅ read=259 | أحمد النفيس | ayat=13
  ✅ read=265 | أحمد ديبان | ayat=13
  ✅ read=268 | بيشه وا قادر الكردي | ayat=13
  ✅ read=273 | هيثم الدخين | ayat=13
  ✅ read=282 | عبدالعزيز التركي | ayat=13
  ✅ read=289 | أحمد عيسى المعصراوي | ayat=13
  ✅ read=294 | سيد أحمد هاشمي | ayat=13
  ✅ read=295 | خالد كريم محمدي | ayat=13
  ✅ read=299 | حسن صالح | ayat=13
  ✅ read=300 | صالح الشمراني | ayat=13
  ✅ read=303 | عيسى عمر سناكو | ayat=13
  ✅ read=314 | أنس العمادي | ayat=13
  ✅ read=340 | محمد برهجي | ayat=13
  ✅ read=10905 | حسن الدغريري | ayat=13
✅ تم إنشاء: timings_hafs_114/timing_060.json

📖 تحميل توقيتات السورة 061 ...
  ✅ read=1 | إبراهيم الأخضر | ayat=15
  ✅ read=3 | إبراهيم العسيري | ayat=14
  ✅ read=4 | شيخ أبو بكر الشاطري | ayat=14
  ✅ read=5 | أحمد بن علي العجمي | ayat=15
  ✅ read=6 | أحمد الحواشي | ayat=14
  ✅ read=8 | أحمد صابر | ayat=14
  ✅ read=9 | أحمد نعينع | ayat=15
  ✅ read=10 | أكرم العلاقمي | ayat=15
  ✅ read=12 | إدريس أبكر | ayat=14
  ✅ read=13 | الزين محمد أحمد | ayat=14
  ✅ read=17 | توفيق الصايغ | ayat=14
  ✅ read=20 | خالد الجليل | ayat=14
  ✅ read=21 | خالد القحطاني | ayat=14
  ✅ read=22 | خالد عبدالكافي | ayat=14
  ✅ read=24 | خليفة الطنيجي | ayat=14
  ✅ read=25 | داود حمزة | ayat=14
  ✅ read=30 | سعد الغامدي | ayat=14
  ✅ read=31 | سعود الشريم | ayat=15
  ✅ read=32 | سهل ياسين | ayat=15
  ✅ read=33 | زكي داغستاني | ayat=14
  ✅ read=38 | شيرزاد عبدالرحمن طاهر | ayat=14
  ✅ read=39 | صابر عبدالحكم | ayat=14
  ✅ read=40 | صالح الصاهود | ayat=14
  ✅ read=42 | صالح الهبدان | ayat=14
  ✅ read=43 | صلاح البدير | ayat=14
  ✅ read=44 | صلاح الهاشم | ayat=14
  ✅ read=46 | صلاح بو خاطر | ayat=14
  ✅ read=48 | عادل ريان | ayat=14
  ✅ read=49 | عبدالبارئ الثبيتي | ayat=14
  ✅ read=50 | عبدالبارئ محمد | ayat=14
  ✅ read=53 | عبدالباسط عبدالصمد | ayat=15
  ✅ read=54 | عبدالرحمن السديس | ayat=14
  ✅ read=55 | عبدالعزيز الأحمد | ayat=14
  ✅ read=56 | عبدالعزيز الزهراني | ayat=14
  ✅ read=58 | عبدالله البعيجان | ayat=14
  ✅ read=59 | عبدالله المطرود | ayat=14
  ✅ read=60 | عبدالله بصفر | ayat=15
  ✅ read=61 | عبدالله خياط | ayat=14
  ✅ read=62 | عبدالله عواد الجهني | ayat=15
  ✅ read=66 | عبدالمحسن الحارثي | ayat=14
  ✅ read=67 | عبدالمحسن القاسم | ayat=15
  ✅ read=69 | عبدالمحسن العبيكان | ayat=14
  ✅ read=70 | عبدالهادي أحمد كناكري | ayat=14
  ✅ read=71 | عبدالودود حنيف | ayat=14
  ✅ read=72 | عبدالولي الأركاني | ayat=14
  ✅ read=74 | علي بن عبدالرحمن الحذيفي | ayat=14
  ✅ read=76 | علي جابر | ayat=14
  ✅ read=77 | علي حجاج السويسي | ayat=15
  ✅ read=78 | عماد زهير حافظ | ayat=15
  ✅ read=81 | فارس عباد | ayat=14
  ✅ read=86 | ناصر القطامي | ayat=14
  ✅ read=87 | نبيل الرفاعي | ayat=14
  ✅ read=88 | نعمة الحسان | ayat=14
  ✅ read=89 | هاني الرفاعي | ayat=14
  ✅ read=92 | ياسر الدوسري | ayat=14
  ✅ read=106 | محمد الطبلاوي | ayat=15
  ✅ read=109 | محمد أيوب | ayat=14
  ✅ read=110 | محمد صالح عالم شاه | ayat=14
  ✅ read=112 | محمد صديق المنشاوي | ayat=15
  ✅ read=115 | محمد عبدالكريم | ayat=14
  ✅ read=118 | محمود خليل الحصري | ayat=15
  ✅ read=123 | مشاري العفاسي | ayat=14
  ✅ read=139 | ماجد الزامل | ayat=14
  ✅ read=159 | خالد المهنا | ayat=15
  ✅ read=181 | جمعان العصيمي | ayat=14
  ✅ read=193 | يوسف بن نوح أحمد | ayat=14
  ✅ read=198 | محمد رشاد الشريف | ayat=14
  ✅ read=201 | أحمد الطرابلسي | ayat=14
  ✅ read=203 | أحمد عامر | ayat=14
  ✅ read=217 | بندر بليله | ayat=14
  ✅ read=219 | وديع اليمني | ayat=14
  ✅ read=221 | رعد محمد الكردي | ayat=14
  ✅ read=225 | عبدالرحمن العوسي | ayat=14
  ✅ read=229 | محمد خليل القارئ | ayat=14
  ✅ read=232 | إبراهيم الدوسري | ayat=14
  ✅ read=236 | عبدالرحمن الماجد | ayat=14
  ✅ read=243 | عبدالله الموسى | ayat=14
  ✅ read=244 | عبدالله الخلف | ayat=14
  ✅ read=245 | منصور السالمي | ayat=14
  ✅ read=250 | محمد البخيت | ayat=14
  ✅ read=256 | أحمد خليل شاهين | ayat=14
  ✅ read=258 | عبدالرشيد صوفي | ayat=14
  ✅ read=259 | أحمد النفيس | ayat=14
  ✅ read=265 | أحمد ديبان | ayat=14
  ✅ read=268 | بيشه وا قادر الكردي | ayat=14
  ✅ read=273 | هيثم الدخين | ayat=14
  ✅ read=282 | عبدالعزيز التركي | ayat=14
  ✅ read=289 | أحمد عيسى المعصراوي | ayat=14
  ✅ read=294 | سيد أحمد هاشمي | ayat=14
  ✅ read=295 | خالد كريم محمدي | ayat=14
  ✅ read=299 | حسن صالح | ayat=14
  ✅ read=300 | صالح الشمراني | ayat=14
  ✅ read=303 | عيسى عمر سناكو | ayat=14
  ✅ read=314 | أنس العمادي | ayat=14
  ✅ read=340 | محمد برهجي | ayat=14
  ✅ read=10905 | حسن الدغريري | ayat=14
✅ تم إنشاء: timings_hafs_114/timing_061.json

📖 تحميل توقيتات السورة 062 ...
  ✅ read=1 | إبراهيم الأخضر | ayat=12
  ✅ read=3 | إبراهيم العسيري | ayat=11
  ✅ read=4 | شيخ أبو بكر الشاطري | ayat=11
  ✅ read=5 | أحمد بن علي العجمي | ayat=12
  ✅ read=6 | أحمد الحواشي | ayat=11
  ✅ read=8 | أحمد صابر | ayat=11
  ✅ read=9 | أحمد نعينع | ayat=12
  ✅ read=10 | أكرم العلاقمي | ayat=12
  ✅ read=12 | إدريس أبكر | ayat=11
  ✅ read=13 | الزين محمد أحمد | ayat=11
  ✅ read=17 | توفيق الصايغ | ayat=11
  ✅ read=20 | خالد الجليل | ayat=11
  ✅ read=21 | خالد القحطاني | ayat=11
  ✅ read=22 | خالد عبدالكافي | ayat=11
  ✅ read=24 | خليفة الطنيجي | ayat=11
  ✅ read=25 | داود حمزة | ayat=11
  ✅ read=30 | سعد الغامدي | ayat=11
  ✅ read=31 | سعود الشريم | ayat=12
  ✅ read=32 | سهل ياسين | ayat=12
  ✅ read=33 | زكي داغستاني | ayat=11
  ✅ read=38 | شيرزاد عبدالرحمن طاهر | ayat=11
  ✅ read=39 | صابر عبدالحكم | ayat=11
  ✅ read=40 | صالح الصاهود | ayat=11
  ✅ read=42 | صالح الهبدان | ayat=11
  ✅ read=43 | صلاح البدير | ayat=11
  ✅ read=44 | صلاح الهاشم | ayat=11
  ✅ read=46 | صلاح بو خاطر | ayat=11
  ✅ read=48 | عادل ريان | ayat=11
  ✅ read=49 | عبدالبارئ الثبيتي | ayat=11
  ✅ read=50 | عبدالبارئ محمد | ayat=11
  ✅ read=53 | عبدالباسط عبدالصمد | ayat=12
  ✅ read=54 | عبدالرحمن السديس | ayat=11
  ✅ read=55 | عبدالعزيز الأحمد | ayat=11
  ✅ read=56 | عبدالعزيز الزهراني | ayat=11
  ✅ read=58 | عبدالله البعيجان | ayat=11
  ✅ read=59 | عبدالله المطرود | ayat=11
  ✅ read=60 | عبدالله بصفر | ayat=12
  ✅ read=61 | عبدالله خياط | ayat=11
  ✅ read=62 | عبدالله عواد الجهني | ayat=12
  ✅ read=66 | عبدالمحسن الحارثي | ayat=11
  ✅ read=67 | عبدالمحسن القاسم | ayat=12
  ✅ read=69 | عبدالمحسن العبيكان | ayat=11
  ✅ read=70 | عبدالهادي أحمد كناكري | ayat=11
  ✅ read=71 | عبدالودود حنيف | ayat=11
  ✅ read=72 | عبدالولي الأركاني | ayat=11
  ✅ read=74 | علي بن عبدالرحمن الحذيفي | ayat=11
  ✅ read=76 | علي جابر | ayat=11
  ✅ read=77 | علي حجاج السويسي | ayat=12
  ✅ read=78 | عماد زهير حافظ | ayat=12
  ✅ read=81 | فارس عباد | ayat=11
  ✅ read=86 | ناصر القطامي | ayat=11
  ✅ read=87 | نبيل الرفاعي | ayat=11
  ✅ read=88 | نعمة الحسان | ayat=11
  ✅ read=89 | هاني الرفاعي | ayat=11
  ✅ read=92 | ياسر الدوسري | ayat=11
  ✅ read=106 | محمد الطبلاوي | ayat=12
  ✅ read=109 | محمد أيوب | ayat=11
  ✅ read=110 | محمد صالح عالم شاه | ayat=11
  ✅ read=112 | محمد صديق المنشاوي | ayat=12
  ✅ read=115 | محمد عبدالكريم | ayat=11
  ✅ read=118 | محمود خليل الحصري | ayat=12
  ✅ read=123 | مشاري العفاسي | ayat=11
  ✅ read=139 | ماجد الزامل | ayat=11
  ✅ read=159 | خالد المهنا | ayat=12
  ✅ read=181 | جمعان العصيمي | ayat=11
  ✅ read=193 | يوسف بن نوح أحمد | ayat=11
  ✅ read=198 | محمد رشاد الشريف | ayat=11
  ✅ read=201 | أحمد الطرابلسي | ayat=11
  ✅ read=203 | أحمد عامر | ayat=11
  ✅ read=217 | بندر بليله | ayat=11
  ✅ read=219 | وديع اليمني | ayat=11
  ✅ read=221 | رعد محمد الكردي | ayat=11
  ✅ read=225 | عبدالرحمن العوسي | ayat=11
  ✅ read=229 | محمد خليل القارئ | ayat=11
  ✅ read=232 | إبراهيم الدوسري | ayat=11
  ✅ read=236 | عبدالرحمن الماجد | ayat=11
  ✅ read=243 | عبدالله الموسى | ayat=11
  ✅ read=244 | عبدالله الخلف | ayat=11
  ✅ read=245 | منصور السالمي | ayat=11
  ✅ read=250 | محمد البخيت | ayat=11
  ✅ read=256 | أحمد خليل شاهين | ayat=11
  ✅ read=258 | عبدالرشيد صوفي | ayat=11
  ✅ read=259 | أحمد النفيس | ayat=11
  ✅ read=265 | أحمد ديبان | ayat=11
  ✅ read=268 | بيشه وا قادر الكردي | ayat=11
  ✅ read=273 | هيثم الدخين | ayat=11
  ✅ read=282 | عبدالعزيز التركي | ayat=11
  ✅ read=289 | أحمد عيسى المعصراوي | ayat=11
  ✅ read=294 | سيد أحمد هاشمي | ayat=11
  ✅ read=295 | خالد كريم محمدي | ayat=11
  ✅ read=299 | حسن صالح | ayat=11
  ✅ read=300 | صالح الشمراني | ayat=11
  ✅ read=303 | عيسى عمر سناكو | ayat=11
  ✅ read=314 | أنس العمادي | ayat=11
  ✅ read=340 | محمد برهجي | ayat=11
  ✅ read=10905 | حسن الدغريري | ayat=11
✅ تم إنشاء: timings_hafs_114/timing_062.json

📖 تحميل توقيتات السورة 063 ...
  ✅ read=1 | إبراهيم الأخضر | ayat=12
  ✅ read=3 | إبراهيم العسيري | ayat=11
  ✅ read=4 | شيخ أبو بكر الشاطري | ayat=11
  ✅ read=5 | أحمد بن علي العجمي | ayat=12
  ✅ read=6 | أحمد الحواشي | ayat=11
  ✅ read=8 | أحمد صابر | ayat=11
  ✅ read=9 | أحمد نعينع | ayat=12
  ✅ read=10 | أكرم العلاقمي | ayat=12
  ✅ read=12 | إدريس أبكر | ayat=11
  ✅ read=13 | الزين محمد أحمد | ayat=11
  ✅ read=17 | توفيق الصايغ | ayat=11
  ✅ read=20 | خالد الجليل | ayat=11
  ✅ read=21 | خالد القحطاني | ayat=11
  ✅ read=22 | خالد عبدالكافي | ayat=11
  ✅ read=24 | خليفة الطنيجي | ayat=11
  ✅ read=25 | داود حمزة | ayat=11
  ✅ read=30 | سعد الغامدي | ayat=11
  ✅ read=31 | سعود الشريم | ayat=12
  ✅ read=32 | سهل ياسين | ayat=12
  ✅ read=33 | زكي داغستاني | ayat=11
  ✅ read=38 | شيرزاد عبدالرحمن طاهر | ayat=11
  ✅ read=39 | صابر عبدالحكم | ayat=11
  ✅ read=40 | صالح الصاهود | ayat=11
  ✅ read=42 | صالح الهبدان | ayat=11
  ✅ read=43 | صلاح البدير | ayat=11
  ✅ read=44 | صلاح الهاشم | ayat=11
  ✅ read=46 | صلاح بو خاطر | ayat=11
  ✅ read=48 | عادل ريان | ayat=11
  ✅ read=49 | عبدالبارئ الثبيتي | ayat=11
  ✅ read=50 | عبدالبارئ محمد | ayat=11
  ✅ read=53 | عبدالباسط عبدالصمد | ayat=12
  ✅ read=54 | عبدالرحمن السديس | ayat=11
  ✅ read=55 | عبدالعزيز الأحمد | ayat=11
  ✅ read=56 | عبدالعزيز الزهراني | ayat=11
  ✅ read=58 | عبدالله البعيجان | ayat=11
  ✅ read=59 | عبدالله المطرود | ayat=11
  ✅ read=60 | عبدالله بصفر | ayat=12
  ✅ read=61 | عبدالله خياط | ayat=11
  ✅ read=62 | عبدالله عواد الجهني | ayat=12
  ✅ read=66 | عبدالمحسن الحارثي | ayat=11
  ✅ read=67 | عبدالمحسن القاسم | ayat=12
  ✅ read=69 | عبدالمحسن العبيكان | ayat=11
  ✅ read=70 | عبدالهادي أحمد كناكري | ayat=11
  ✅ read=71 | عبدالودود حنيف | ayat=11
  ✅ read=72 | عبدالولي الأركاني | ayat=11
  ✅ read=74 | علي بن عبدالرحمن الحذيفي | ayat=11
  ✅ read=76 | علي جابر | ayat=11
  ✅ read=77 | علي حجاج السويسي | ayat=12
  ✅ read=78 | عماد زهير حافظ | ayat=12
  ✅ read=81 | فارس عباد | ayat=11
  ✅ read=86 | ناصر القطامي | ayat=11
  ✅ read=87 | نبيل الرفاعي | ayat=11
  ✅ read=88 | نعمة الحسان | ayat=11
  ✅ read=89 | هاني الرفاعي | ayat=11
  ✅ read=92 | ياسر الدوسري | ayat=11
  ✅ read=106 | محمد الطبلاوي | ayat=12
  ✅ read=109 | محمد أيوب | ayat=11
  ✅ read=110 | محمد صالح عالم شاه | ayat=11
  ✅ read=112 | محمد صديق المنشاوي | ayat=12
  ✅ read=115 | محمد عبدالكريم | ayat=11
  ✅ read=118 | محمود خليل الحصري | ayat=12
  ✅ read=123 | مشاري العفاسي | ayat=11
  ✅ read=139 | ماجد الزامل | ayat=11
  ✅ read=159 | خالد المهنا | ayat=12
  ✅ read=181 | جمعان العصيمي | ayat=11
  ✅ read=193 | يوسف بن نوح أحمد | ayat=11
  ✅ read=198 | محمد رشاد الشريف | ayat=11
  ✅ read=201 | أحمد الطرابلسي | ayat=11
  ✅ read=203 | أحمد عامر | ayat=11
  ✅ read=217 | بندر بليله | ayat=11
  ✅ read=219 | وديع اليمني | ayat=11
  ✅ read=221 | رعد محمد الكردي | ayat=11
  ✅ read=225 | عبدالرحمن العوسي | ayat=11
  ✅ read=229 | محمد خليل القارئ | ayat=11
  ✅ read=232 | إبراهيم الدوسري | ayat=11
  ✅ read=236 | عبدالرحمن الماجد | ayat=11
  ✅ read=243 | عبدالله الموسى | ayat=11
  ✅ read=244 | عبدالله الخلف | ayat=11
  ✅ read=245 | منصور السالمي | ayat=11
  ✅ read=250 | محمد البخيت | ayat=11
  ✅ read=256 | أحمد خليل شاهين | ayat=11
  ✅ read=258 | عبدالرشيد صوفي | ayat=11
  ✅ read=259 | أحمد النفيس | ayat=11
  ✅ read=265 | أحمد ديبان | ayat=11
  ✅ read=268 | بيشه وا قادر الكردي | ayat=11
  ✅ read=273 | هيثم الدخين | ayat=11
  ✅ read=282 | عبدالعزيز التركي | ayat=11
  ✅ read=289 | أحمد عيسى المعصراوي | ayat=11
  ✅ read=294 | سيد أحمد هاشمي | ayat=11
  ✅ read=295 | خالد كريم محمدي | ayat=11
  ✅ read=299 | حسن صالح | ayat=11
  ✅ read=300 | صالح الشمراني | ayat=11
  ✅ read=303 | عيسى عمر سناكو | ayat=11
  ✅ read=314 | أنس العمادي | ayat=11
  ✅ read=340 | محمد برهجي | ayat=11
  ✅ read=10905 | حسن الدغريري | ayat=11
✅ تم إنشاء: timings_hafs_114/timing_063.json

📖 تحميل توقيتات السورة 064 ...
  ✅ read=1 | إبراهيم الأخضر | ayat=19
  ✅ read=3 | إبراهيم العسيري | ayat=18
  ✅ read=4 | شيخ أبو بكر الشاطري | ayat=18
  ✅ read=5 | أحمد بن علي العجمي | ayat=19
  ✅ read=6 | أحمد الحواشي | ayat=18
  ✅ read=8 | أحمد صابر | ayat=18
  ✅ read=9 | أحمد نعينع | ayat=19
  ✅ read=10 | أكرم العلاقمي | ayat=19
  ✅ read=12 | إدريس أبكر | ayat=18
  ✅ read=13 | الزين محمد أحمد | ayat=18
  ✅ read=17 | توفيق الصايغ | ayat=18
  ✅ read=20 | خالد الجليل | ayat=18
  ✅ read=21 | خالد القحطاني | ayat=18
  ✅ read=22 | خالد عبدالكافي | ayat=18
  ✅ read=24 | خليفة الطنيجي | ayat=18
  ✅ read=25 | داود حمزة | ayat=18
  ✅ read=30 | سعد الغامدي | ayat=18
  ✅ read=31 | سعود الشريم | ayat=19
  ✅ read=32 | سهل ياسين | ayat=19
  ✅ read=33 | زكي داغستاني | ayat=18
  ✅ read=38 | شيرزاد عبدالرحمن طاهر | ayat=18
  ✅ read=39 | صابر عبدالحكم | ayat=18
  ✅ read=40 | صالح الصاهود | ayat=18
  ✅ read=42 | صالح الهبدان | ayat=18
  ✅ read=43 | صلاح البدير | ayat=18
  ✅ read=44 | صلاح الهاشم | ayat=18
  ✅ read=46 | صلاح بو خاطر | ayat=18
  ✅ read=48 | عادل ريان | ayat=18
  ✅ read=49 | عبدالبارئ الثبيتي | ayat=18
  ✅ read=50 | عبدالبارئ محمد | ayat=18
  ✅ read=53 | عبدالباسط عبدالصمد | ayat=19
  ✅ read=54 | عبدالرحمن السديس | ayat=18
  ✅ read=55 | عبدالعزيز الأحمد | ayat=18
  ✅ read=56 | عبدالعزيز الزهراني | ayat=18
  ✅ read=58 | عبدالله البعيجان | ayat=18
  ✅ read=59 | عبدالله المطرود | ayat=18
  ✅ read=60 | عبدالله بصفر | ayat=19
  ✅ read=61 | عبدالله خياط | ayat=18
  ✅ read=62 | عبدالله عواد الجهني | ayat=19
  ✅ read=66 | عبدالمحسن الحارثي | ayat=18
  ✅ read=67 | عبدالمحسن القاسم | ayat=19
  ✅ read=69 | عبدالمحسن العبيكان | ayat=18
  ✅ read=70 | عبدالهادي أحمد كناكري | ayat=18
  ✅ read=71 | عبدالودود حنيف | ayat=18
  ✅ read=72 | عبدالولي الأركاني | ayat=18
  ✅ read=74 | علي بن عبدالرحمن الحذيفي | ayat=18
  ✅ read=76 | علي جابر | ayat=18
  ✅ read=77 | علي حجاج السويسي | ayat=19
  ✅ read=78 | عماد زهير حافظ | ayat=19
  ✅ read=81 | فارس عباد | ayat=18
  ✅ read=86 | ناصر القطامي | ayat=18
  ✅ read=87 | نبيل الرفاعي | ayat=18
  ✅ read=88 | نعمة الحسان | ayat=18
  ✅ read=89 | هاني الرفاعي | ayat=18
  ✅ read=92 | ياسر الدوسري | ayat=18
  ✅ read=106 | محمد الطبلاوي | ayat=19
  ✅ read=109 | محمد أيوب | ayat=18
  ✅ read=110 | محمد صالح عالم شاه | ayat=18
  ✅ read=112 | محمد صديق المنشاوي | ayat=19
  ✅ read=115 | محمد عبدالكريم | ayat=18
  ✅ read=118 | محمود خليل الحصري | ayat=19
  ✅ read=123 | مشاري العفاسي | ayat=18
  ✅ read=139 | ماجد الزامل | ayat=18
  ✅ read=159 | خالد المهنا | ayat=19
  ✅ read=181 | جمعان العصيمي | ayat=18
  ✅ read=193 | يوسف بن نوح أحمد | ayat=18
  ✅ read=198 | محمد رشاد الشريف | ayat=18
  ✅ read=201 | أحمد الطرابلسي | ayat=18
  ✅ read=203 | أحمد عامر | ayat=18
  ✅ read=217 | بندر بليله | ayat=18
  ✅ read=219 | وديع اليمني | ayat=18
  ✅ read=221 | رعد محمد الكردي | ayat=18
  ✅ read=225 | عبدالرحمن العوسي | ayat=18
  ✅ read=229 | محمد خليل القارئ | ayat=18
  ✅ read=232 | إبراهيم الدوسري | ayat=18
  ✅ read=236 | عبدالرحمن الماجد | ayat=18
  ✅ read=243 | عبدالله الموسى | ayat=18
  ✅ read=244 | عبدالله الخلف | ayat=18
  ✅ read=245 | منصور السالمي | ayat=18
  ✅ read=250 | محمد البخيت | ayat=18
  ✅ read=256 | أحمد خليل شاهين | ayat=18
  ✅ read=258 | عبدالرشيد صوفي | ayat=18
  ✅ read=259 | أحمد النفيس | ayat=18
  ✅ read=265 | أحمد ديبان | ayat=18
  ✅ read=268 | بيشه وا قادر الكردي | ayat=18
  ✅ read=273 | هيثم الدخين | ayat=18
  ✅ read=282 | عبدالعزيز التركي | ayat=18
  ✅ read=289 | أحمد عيسى المعصراوي | ayat=18
  ✅ read=294 | سيد أحمد هاشمي | ayat=18
  ✅ read=295 | خالد كريم محمدي | ayat=18
  ✅ read=299 | حسن صالح | ayat=18
  ✅ read=300 | صالح الشمراني | ayat=18
  ✅ read=303 | عيسى عمر سناكو | ayat=18
  ✅ read=314 | أنس العمادي | ayat=18
  ✅ read=340 | محمد برهجي | ayat=18
  ✅ read=10905 | حسن الدغريري | ayat=18
✅ تم إنشاء: timings_hafs_114/timing_064.json

📖 تحميل توقيتات السورة 065 ...
  ✅ read=1 | إبراهيم الأخضر | ayat=13
  ✅ read=3 | إبراهيم العسيري | ayat=12
  ✅ read=4 | شيخ أبو بكر الشاطري | ayat=12
  ✅ read=5 | أحمد بن علي العجمي | ayat=13
  ✅ read=6 | أحمد الحواشي | ayat=12
  ✅ read=8 | أحمد صابر | ayat=12
  ✅ read=9 | أحمد نعينع | ayat=13
  ✅ read=10 | أكرم العلاقمي | ayat=13
  ✅ read=12 | إدريس أبكر | ayat=12
  ✅ read=13 | الزين محمد أحمد | ayat=12
  ✅ read=17 | توفيق الصايغ | ayat=12
  ✅ read=20 | خالد الجليل | ayat=12
  ✅ read=21 | خالد القحطاني | ayat=12
  ✅ read=22 | خالد عبدالكافي | ayat=12
  ✅ read=24 | خليفة الطنيجي | ayat=12
  ✅ read=25 | داود حمزة | ayat=12
  ✅ read=30 | سعد الغامدي | ayat=12
  ✅ read=31 | سعود الشريم | ayat=12
  ✅ read=32 | سهل ياسين | ayat=13
  ✅ read=33 | زكي داغستاني | ayat=12
  ✅ read=38 | شيرزاد عبدالرحمن طاهر | ayat=12
  ✅ read=39 | صابر عبدالحكم | ayat=12
  ✅ read=40 | صالح الصاهود | ayat=12
  ✅ read=42 | صالح الهبدان | ayat=12
  ✅ read=43 | صلاح البدير | ayat=12
  ✅ read=44 | صلاح الهاشم | ayat=12
  ✅ read=46 | صلاح بو خاطر | ayat=12
  ✅ read=48 | عادل ريان | ayat=12
  ✅ read=49 | عبدالبارئ الثبيتي | ayat=12
  ✅ read=50 | عبدالبارئ محمد | ayat=12
  ✅ read=53 | عبدالباسط عبدالصمد | ayat=13
  ✅ read=54 | عبدالرحمن السديس | ayat=12
  ✅ read=55 | عبدالعزيز الأحمد | ayat=12
  ✅ read=56 | عبدالعزيز الزهراني | ayat=12
  ✅ read=58 | عبدالله البعيجان | ayat=12
  ✅ read=59 | عبدالله المطرود | ayat=12
  ✅ read=60 | عبدالله بصفر | ayat=13
  ✅ read=61 | عبدالله خياط | ayat=12
  ✅ read=62 | عبدالله عواد الجهني | ayat=13
  ✅ read=66 | عبدالمحسن الحارثي | ayat=12
  ✅ read=67 | عبدالمحسن القاسم | ayat=13
  ✅ read=69 | عبدالمحسن العبيكان | ayat=12
  ✅ read=70 | عبدالهادي أحمد كناكري | ayat=12
  ✅ read=71 | عبدالودود حنيف | ayat=12
  ✅ read=72 | عبدالولي الأركاني | ayat=12
  ✅ read=74 | علي بن عبدالرحمن الحذيفي | ayat=12
  ✅ read=76 | علي جابر | ayat=12
  ✅ read=77 | علي حجاج السويسي | ayat=13
  ✅ read=78 | عماد زهير حافظ | ayat=13
  ✅ read=81 | فارس عباد | ayat=12
  ✅ read=86 | ناصر القطامي | ayat=12
  ✅ read=87 | نبيل الرفاعي | ayat=12
  ✅ read=88 | نعمة الحسان | ayat=12
  ✅ read=89 | هاني الرفاعي | ayat=12
  ✅ read=92 | ياسر الدوسري | ayat=12
  ✅ read=106 | محمد الطبلاوي | ayat=13
  ✅ read=109 | محمد أيوب | ayat=12
  ✅ read=110 | محمد صالح عالم شاه | ayat=12
  ✅ read=112 | محمد صديق المنشاوي | ayat=13
  ✅ read=115 | محمد عبدالكريم | ayat=12
  ✅ read=118 | محمود خليل الحصري | ayat=13
  ✅ read=123 | مشاري العفاسي | ayat=12
  ✅ read=139 | ماجد الزامل | ayat=12
  ✅ read=159 | خالد المهنا | ayat=13
  ✅ read=181 | جمعان العصيمي | ayat=12
  ✅ read=193 | يوسف بن نوح أحمد | ayat=12
  ✅ read=198 | محمد رشاد الشريف | ayat=12
  ✅ read=201 | أحمد الطرابلسي | ayat=12
  ✅ read=203 | أحمد عامر | ayat=12
  ✅ read=217 | بندر بليله | ayat=12
  ✅ read=219 | وديع اليمني | ayat=12
  ✅ read=221 | رعد محمد الكردي | ayat=12
  ✅ read=225 | عبدالرحمن العوسي | ayat=12
  ✅ read=229 | محمد خليل القارئ | ayat=12
  ✅ read=232 | إبراهيم الدوسري | ayat=12
  ✅ read=236 | عبدالرحمن الماجد | ayat=12
  ✅ read=243 | عبدالله الموسى | ayat=12
  ✅ read=244 | عبدالله الخلف | ayat=12
  ✅ read=245 | منصور السالمي | ayat=12
  ✅ read=250 | محمد البخيت | ayat=12
  ✅ read=256 | أحمد خليل شاهين | ayat=12
  ✅ read=258 | عبدالرشيد صوفي | ayat=12
  ✅ read=259 | أحمد النفيس | ayat=12
  ✅ read=265 | أحمد ديبان | ayat=12
  ✅ read=268 | بيشه وا قادر الكردي | ayat=12
  ✅ read=273 | هيثم الدخين | ayat=12
  ✅ read=282 | عبدالعزيز التركي | ayat=12
  ✅ read=289 | أحمد عيسى المعصراوي | ayat=12
  ✅ read=294 | سيد أحمد هاشمي | ayat=12
  ✅ read=295 | خالد كريم محمدي | ayat=12
  ✅ read=299 | حسن صالح | ayat=12
  ✅ read=300 | صالح الشمراني | ayat=12
  ✅ read=303 | عيسى عمر سناكو | ayat=12
  ✅ read=314 | أنس العمادي | ayat=12
  ✅ read=340 | محمد برهجي | ayat=12
  ✅ read=10905 | حسن الدغريري | ayat=12
✅ تم إنشاء: timings_hafs_114/timing_065.json

📖 تحميل توقيتات السورة 066 ...
  ✅ read=1 | إبراهيم الأخضر | ayat=13
  ✅ read=3 | إبراهيم العسيري | ayat=12
  ✅ read=4 | شيخ أبو بكر الشاطري | ayat=12
  ✅ read=5 | أحمد بن علي العجمي | ayat=13
  ✅ read=6 | أحمد الحواشي | ayat=12
  ✅ read=8 | أحمد صابر | ayat=12
  ✅ read=9 | أحمد نعينع | ayat=13
  ✅ read=10 | أكرم العلاقمي | ayat=13
  ✅ read=12 | إدريس أبكر | ayat=12
  ✅ read=13 | الزين محمد أحمد | ayat=12
  ✅ read=17 | توفيق الصايغ | ayat=12
  ✅ read=20 | خالد الجليل | ayat=12
  ✅ read=21 | خالد القحطاني | ayat=12
  ✅ read=22 | خالد عبدالكافي | ayat=12
  ✅ read=24 | خليفة الطنيجي | ayat=12
  ✅ read=25 | داود حمزة | ayat=12
  ✅ read=30 | سعد الغامدي | ayat=12
  ✅ read=31 | سعود الشريم | ayat=13
  ✅ read=32 | سهل ياسين | ayat=13
  ✅ read=33 | زكي داغستاني | ayat=12
  ✅ read=38 | شيرزاد عبدالرحمن طاهر | ayat=12
  ✅ read=39 | صابر عبدالحكم | ayat=12
  ✅ read=40 | صالح الصاهود | ayat=12
  ✅ read=42 | صالح الهبدان | ayat=12
  ✅ read=43 | صلاح البدير | ayat=12
  ✅ read=44 | صلاح الهاشم | ayat=12
  ✅ read=46 | صلاح بو خاطر | ayat=12
  ✅ read=48 | عادل ريان | ayat=12
  ✅ read=49 | عبدالبارئ الثبيتي | ayat=12
  ✅ read=50 | عبدالبارئ محمد | ayat=12
  ✅ read=53 | عبدالباسط عبدالصمد | ayat=13
  ✅ read=54 | عبدالرحمن السديس | ayat=12
  ✅ read=55 | عبدالعزيز الأحمد | ayat=12
  ✅ read=56 | عبدالعزيز الزهراني | ayat=12
  ✅ read=58 | عبدالله البعيجان | ayat=12
  ✅ read=59 | عبدالله المطرود | ayat=12
  ✅ read=60 | عبدالله بصفر | ayat=13
  ✅ read=61 | عبدالله خياط | ayat=12
  ✅ read=62 | عبدالله عواد الجهني | ayat=13
  ✅ read=66 | عبدالمحسن الحارثي | ayat=12
  ✅ read=67 | عبدالمحسن القاسم | ayat=13
  ✅ read=69 | عبدالمحسن العبيكان | ayat=12
  ✅ read=70 | عبدالهادي أحمد كناكري | ayat=12
  ✅ read=71 | عبدالودود حنيف | ayat=12
  ✅ read=72 | عبدالولي الأركاني | ayat=12
  ✅ read=74 | علي بن عبدالرحمن الحذيفي | ayat=12
  ✅ read=76 | علي جابر | ayat=12
  ✅ read=77 | علي حجاج السويسي | ayat=13
  ✅ read=78 | عماد زهير حافظ | ayat=13
  ✅ read=81 | فارس عباد | ayat=12
  ✅ read=86 | ناصر القطامي | ayat=12
  ✅ read=87 | نبيل الرفاعي | ayat=12
  ✅ read=88 | نعمة الحسان | ayat=12
  ✅ read=89 | هاني الرفاعي | ayat=12
  ✅ read=92 | ياسر الدوسري | ayat=12
  ✅ read=106 | محمد الطبلاوي | ayat=13
  ✅ read=109 | محمد أيوب | ayat=12
  ✅ read=110 | محمد صالح عالم شاه | ayat=12
  ✅ read=112 | محمد صديق المنشاوي | ayat=13
  ✅ read=115 | محمد عبدالكريم | ayat=12
  ✅ read=118 | محمود خليل الحصري | ayat=13
  ✅ read=123 | مشاري العفاسي | ayat=12
  ✅ read=139 | ماجد الزامل | ayat=12
  ✅ read=159 | خالد المهنا | ayat=13
  ✅ read=181 | جمعان العصيمي | ayat=12
  ✅ read=193 | يوسف بن نوح أحمد | ayat=12
  ✅ read=198 | محمد رشاد الشريف | ayat=12
  ✅ read=201 | أحمد الطرابلسي | ayat=12
  ✅ read=203 | أحمد عامر | ayat=12
  ✅ read=217 | بندر بليله | ayat=12
  ✅ read=219 | وديع اليمني | ayat=12
  ✅ read=221 | رعد محمد الكردي | ayat=12
  ✅ read=225 | عبدالرحمن العوسي | ayat=12
  ✅ read=229 | محمد خليل القارئ | ayat=12
  ✅ read=232 | إبراهيم الدوسري | ayat=12
  ✅ read=236 | عبدالرحمن الماجد | ayat=12
  ✅ read=243 | عبدالله الموسى | ayat=12
  ✅ read=244 | عبدالله الخلف | ayat=12
  ✅ read=245 | منصور السالمي | ayat=12
  ✅ read=250 | محمد البخيت | ayat=12
  ✅ read=256 | أحمد خليل شاهين | ayat=12
  ✅ read=258 | عبدالرشيد صوفي | ayat=12
  ✅ read=259 | أحمد النفيس | ayat=12
  ✅ read=265 | أحمد ديبان | ayat=12
  ✅ read=268 | بيشه وا قادر الكردي | ayat=12
  ✅ read=273 | هيثم الدخين | ayat=12
  ✅ read=282 | عبدالعزيز التركي | ayat=12
  ✅ read=289 | أحمد عيسى المعصراوي | ayat=12
  ✅ read=294 | سيد أحمد هاشمي | ayat=12
  ✅ read=295 | خالد كريم محمدي | ayat=12
  ✅ read=299 | حسن صالح | ayat=12
  ✅ read=300 | صالح الشمراني | ayat=12
  ✅ read=303 | عيسى عمر سناكو | ayat=12
  ✅ read=314 | أنس العمادي | ayat=12
  ✅ read=340 | محمد برهجي | ayat=12
  ✅ read=10905 | حسن الدغريري | ayat=12
✅ تم إنشاء: timings_hafs_114/timing_066.json

📖 تحميل توقيتات السورة 067 ...
  ✅ read=1 | إبراهيم الأخضر | ayat=31
  ✅ read=3 | إبراهيم العسيري | ayat=30
  ✅ read=4 | شيخ أبو بكر الشاطري | ayat=30
  ✅ read=5 | أحمد بن علي العجمي | ayat=31
  ✅ read=6 | أحمد الحواشي | ayat=30
  ✅ read=8 | أحمد صابر | ayat=30
  ✅ read=9 | أحمد نعينع | ayat=31
  ✅ read=10 | أكرم العلاقمي | ayat=31
  ✅ read=12 | إدريس أبكر | ayat=30
  ✅ read=13 | الزين محمد أحمد | ayat=30
  ✅ read=17 | توفيق الصايغ | ayat=30
  ✅ read=20 | خالد الجليل | ayat=30
  ✅ read=21 | خالد القحطاني | ayat=30
  ✅ read=22 | خالد عبدالكافي | ayat=30
  ✅ read=24 | خليفة الطنيجي | ayat=30
  ✅ read=25 | داود حمزة | ayat=30
  ✅ read=30 | سعد الغامدي | ayat=30
  ✅ read=31 | سعود الشريم | ayat=31
  ✅ read=32 | سهل ياسين | ayat=31
  ✅ read=33 | زكي داغستاني | ayat=30
  ✅ read=38 | شيرزاد عبدالرحمن طاهر | ayat=30
  ✅ read=39 | صابر عبدالحكم | ayat=30
  ✅ read=40 | صالح الصاهود | ayat=30
  ✅ read=42 | صالح الهبدان | ayat=30
  ✅ read=43 | صلاح البدير | ayat=30
  ✅ read=44 | صلاح الهاشم | ayat=30
  ✅ read=46 | صلاح بو خاطر | ayat=30
  ✅ read=48 | عادل ريان | ayat=30
  ✅ read=49 | عبدالبارئ الثبيتي | ayat=30
  ✅ read=50 | عبدالبارئ محمد | ayat=30
  ✅ read=53 | عبدالباسط عبدالصمد | ayat=31
  ✅ read=54 | عبدالرحمن السديس | ayat=30
  ✅ read=55 | عبدالعزيز الأحمد | ayat=30
  ✅ read=56 | عبدالعزيز الزهراني | ayat=30
  ✅ read=58 | عبدالله البعيجان | ayat=30
  ✅ read=59 | عبدالله المطرود | ayat=30
  ✅ read=60 | عبدالله بصفر | ayat=31
  ✅ read=61 | عبدالله خياط | ayat=30
  ✅ read=62 | عبدالله عواد الجهني | ayat=31
  ✅ read=66 | عبدالمحسن الحارثي | ayat=30
  ✅ read=67 | عبدالمحسن القاسم | ayat=31
  ✅ read=69 | عبدالمحسن العبيكان | ayat=30
  ✅ read=70 | عبدالهادي أحمد كناكري | ayat=30
  ✅ read=71 | عبدالودود حنيف | ayat=30
  ✅ read=72 | عبدالولي الأركاني | ayat=30
  ✅ read=74 | علي بن عبدالرحمن الحذيفي | ayat=30
  ✅ read=76 | علي جابر | ayat=30
  ✅ read=77 | علي حجاج السويسي | ayat=31
  ✅ read=78 | عماد زهير حافظ | ayat=31
  ✅ read=81 | فارس عباد | ayat=30
  ✅ read=86 | ناصر القطامي | ayat=30
  ✅ read=87 | نبيل الرفاعي | ayat=30
  ✅ read=88 | نعمة الحسان | ayat=30
  ✅ read=89 | هاني الرفاعي | ayat=30
  ✅ read=92 | ياسر الدوسري | ayat=30
  ✅ read=106 | محمد الطبلاوي | ayat=31
  ✅ read=109 | محمد أيوب | ayat=30
  ✅ read=110 | محمد صالح عالم شاه | ayat=30
  ✅ read=112 | محمد صديق المنشاوي | ayat=31
  ✅ read=115 | محمد عبدالكريم | ayat=30
  ✅ read=118 | محمود خليل الحصري | ayat=31
  ✅ read=123 | مشاري العفاسي | ayat=30
  ✅ read=139 | ماجد الزامل | ayat=30
  ✅ read=159 | خالد المهنا | ayat=31
  ✅ read=181 | جمعان العصيمي | ayat=30
  ✅ read=193 | يوسف بن نوح أحمد | ayat=30
  ✅ read=198 | محمد رشاد الشريف | ayat=30
  ✅ read=201 | أحمد الطرابلسي | ayat=30
  ✅ read=203 | أحمد عامر | ayat=30
  ✅ read=217 | بندر بليله | ayat=30
  ✅ read=219 | وديع اليمني | ayat=30
  ✅ read=221 | رعد محمد الكردي | ayat=30
  ✅ read=225 | عبدالرحمن العوسي | ayat=30
  ✅ read=229 | محمد خليل القارئ | ayat=30
  ✅ read=232 | إبراهيم الدوسري | ayat=30
  ✅ read=236 | عبدالرحمن الماجد | ayat=30
  ✅ read=243 | عبدالله الموسى | ayat=30
  ✅ read=244 | عبدالله الخلف | ayat=30
  ✅ read=245 | منصور السالمي | ayat=30
  ✅ read=250 | محمد البخيت | ayat=30
  ✅ read=256 | أحمد خليل شاهين | ayat=30
  ✅ read=258 | عبدالرشيد صوفي | ayat=30
  ✅ read=259 | أحمد النفيس | ayat=30
  ✅ read=265 | أحمد ديبان | ayat=30
  ✅ read=268 | بيشه وا قادر الكردي | ayat=30
  ✅ read=273 | هيثم الدخين | ayat=30
  ✅ read=282 | عبدالعزيز التركي | ayat=30
  ✅ read=289 | أحمد عيسى المعصراوي | ayat=30
  ✅ read=294 | سيد أحمد هاشمي | ayat=30
  ✅ read=295 | خالد كريم محمدي | ayat=30
  ✅ read=299 | حسن صالح | ayat=30
  ✅ read=300 | صالح الشمراني | ayat=30
  ✅ read=303 | عيسى عمر سناكو | ayat=30
  ✅ read=314 | أنس العمادي | ayat=30
  ✅ read=340 | محمد برهجي | ayat=30
  ✅ read=10905 | حسن الدغريري | ayat=30
✅ تم إنشاء: timings_hafs_114/timing_067.json

📖 تحميل توقيتات السورة 068 ...
  ✅ read=1 | إبراهيم الأخضر | ayat=53
  ✅ read=3 | إبراهيم العسيري | ayat=52
  ✅ read=4 | شيخ أبو بكر الشاطري | ayat=52
  ✅ read=5 | أحمد بن علي العجمي | ayat=53
  ✅ read=6 | أحمد الحواشي | ayat=52
  ✅ read=8 | أحمد صابر | ayat=52
  ✅ read=9 | أحمد نعينع | ayat=53
  ✅ read=10 | أكرم العلاقمي | ayat=53
  ✅ read=12 | إدريس أبكر | ayat=52
  ✅ read=13 | الزين محمد أحمد | ayat=52
  ✅ read=17 | توفيق الصايغ | ayat=52
  ✅ read=20 | خالد الجليل | ayat=52
  ✅ read=21 | خالد القحطاني | ayat=52
  ✅ read=22 | خالد عبدالكافي | ayat=52
  ✅ read=24 | خليفة الطنيجي | ayat=52
  ✅ read=25 | داود حمزة | ayat=52
  ✅ read=30 | سعد الغامدي | ayat=52
  ✅ read=31 | سعود الشريم | ayat=53
  ✅ read=32 | سهل ياسين | ayat=53
  ✅ read=33 | زكي داغستاني | ayat=52
  ✅ read=38 | شيرزاد عبدالرحمن طاهر | ayat=52
  ✅ read=39 | صابر عبدالحكم | ayat=52
  ✅ read=40 | صالح الصاهود | ayat=52
  ✅ read=42 | صالح الهبدان | ayat=52
  ✅ read=43 | صلاح البدير | ayat=52
  ✅ read=44 | صلاح الهاشم | ayat=52
  ✅ read=46 | صلاح بو خاطر | ayat=52
  ✅ read=48 | عادل ريان | ayat=52
  ✅ read=49 | عبدالبارئ الثبيتي | ayat=52
  ✅ read=50 | عبدالبارئ محمد | ayat=52
  ✅ read=53 | عبدالباسط عبدالصمد | ayat=53
  ✅ read=54 | عبدالرحمن السديس | ayat=52
  ✅ read=55 | عبدالعزيز الأحمد | ayat=52
  ✅ read=56 | عبدالعزيز الزهراني | ayat=52
  ✅ read=58 | عبدالله البعيجان | ayat=52
  ✅ read=59 | عبدالله المطرود | ayat=52
  ✅ read=60 | عبدالله بصفر | ayat=53
  ✅ read=61 | عبدالله خياط | ayat=52
  ✅ read=62 | عبدالله عواد الجهني | ayat=53
  ✅ read=66 | عبدالمحسن الحارثي | ayat=52
  ✅ read=67 | عبدالمحسن القاسم | ayat=53
  ✅ read=69 | عبدالمحسن العبيكان | ayat=52
  ✅ read=70 | عبدالهادي أحمد كناكري | ayat=52
  ✅ read=71 | عبدالودود حنيف | ayat=52
  ✅ read=72 | عبدالولي الأركاني | ayat=52
  ✅ read=74 | علي بن عبدالرحمن الحذيفي | ayat=52
  ✅ read=76 | علي جابر | ayat=52
  ✅ read=77 | علي حجاج السويسي | ayat=53
  ✅ read=78 | عماد زهير حافظ | ayat=53
  ✅ read=81 | فارس عباد | ayat=52
  ✅ read=86 | ناصر القطامي | ayat=52
  ✅ read=87 | نبيل الرفاعي | ayat=52
  ✅ read=88 | نعمة الحسان | ayat=52
  ✅ read=89 | هاني الرفاعي | ayat=52
  ✅ read=92 | ياسر الدوسري | ayat=52
  ✅ read=106 | محمد الطبلاوي | ayat=53
  ✅ read=109 | محمد أيوب | ayat=52
  ✅ read=110 | محمد صالح عالم شاه | ayat=52
  ✅ read=112 | محمد صديق المنشاوي | ayat=53
  ✅ read=115 | محمد عبدالكريم | ayat=52
  ✅ read=118 | محمود خليل الحصري | ayat=53
  ✅ read=123 | مشاري العفاسي | ayat=52
  ✅ read=139 | ماجد الزامل | ayat=52
  ✅ read=159 | خالد المهنا | ayat=53
  ✅ read=181 | جمعان العصيمي | ayat=52
  ✅ read=193 | يوسف بن نوح أحمد | ayat=52
  ✅ read=198 | محمد رشاد الشريف | ayat=52
  ✅ read=201 | أحمد الطرابلسي | ayat=52
  ✅ read=203 | أحمد عامر | ayat=52
  ✅ read=217 | بندر بليله | ayat=52
  ✅ read=219 | وديع اليمني | ayat=52
  ✅ read=221 | رعد محمد الكردي | ayat=52
  ✅ read=225 | عبدالرحمن العوسي | ayat=52
  ✅ read=229 | محمد خليل القارئ | ayat=52
  ✅ read=232 | إبراهيم الدوسري | ayat=52
  ✅ read=236 | عبدالرحمن الماجد | ayat=52
  ✅ read=243 | عبدالله الموسى | ayat=52
  ✅ read=244 | عبدالله الخلف | ayat=52
  ✅ read=245 | منصور السالمي | ayat=52
  ✅ read=250 | محمد البخيت | ayat=52
  ✅ read=256 | أحمد خليل شاهين | ayat=52
  ✅ read=258 | عبدالرشيد صوفي | ayat=52
  ✅ read=259 | أحمد النفيس | ayat=52
  ✅ read=265 | أحمد ديبان | ayat=52
  ✅ read=268 | بيشه وا قادر الكردي | ayat=52
  ✅ read=273 | هيثم الدخين | ayat=52
  ✅ read=282 | عبدالعزيز التركي | ayat=52
  ✅ read=289 | أحمد عيسى المعصراوي | ayat=52
  ✅ read=294 | سيد أحمد هاشمي | ayat=52
  ✅ read=295 | خالد كريم محمدي | ayat=52
  ✅ read=299 | حسن صالح | ayat=52
  ✅ read=300 | صالح الشمراني | ayat=52
  ✅ read=303 | عيسى عمر سناكو | ayat=52
  ✅ read=314 | أنس العمادي | ayat=52
  ✅ read=340 | محمد برهجي | ayat=52
  ✅ read=10905 | حسن الدغريري | ayat=52
✅ تم إنشاء: timings_hafs_114/timing_068.json

📖 تحميل توقيتات السورة 069 ...
  ✅ read=1 | إبراهيم الأخضر | ayat=53
  ✅ read=3 | إبراهيم العسيري | ayat=52
  ✅ read=4 | شيخ أبو بكر الشاطري | ayat=52
  ✅ read=5 | أحمد بن علي العجمي | ayat=53
  ✅ read=6 | أحمد الحواشي | ayat=52
  ✅ read=8 | أحمد صابر | ayat=52
  ✅ read=9 | أحمد نعينع | ayat=53
  ✅ read=10 | أكرم العلاقمي | ayat=53
  ✅ read=12 | إدريس أبكر | ayat=52
  ✅ read=13 | الزين محمد أحمد | ayat=52
  ✅ read=17 | توفيق الصايغ | ayat=52
  ✅ read=20 | خالد الجليل | ayat=52
  ✅ read=21 | خالد القحطاني | ayat=52
  ✅ read=22 | خالد عبدالكافي | ayat=52
  ✅ read=24 | خليفة الطنيجي | ayat=52
  ✅ read=25 | داود حمزة | ayat=52
  ✅ read=30 | سعد الغامدي | ayat=52
  ✅ read=31 | سعود الشريم | ayat=53
  ✅ read=32 | سهل ياسين | ayat=53
  ✅ read=33 | زكي داغستاني | ayat=52
  ✅ read=38 | شيرزاد عبدالرحمن طاهر | ayat=52
  ✅ read=39 | صابر عبدالحكم | ayat=52
  ✅ read=40 | صالح الصاهود | ayat=52
  ✅ read=42 | صالح الهبدان | ayat=52
  ✅ read=43 | صلاح البدير | ayat=52
  ✅ read=44 | صلاح الهاشم | ayat=52
  ✅ read=46 | صلاح بو خاطر | ayat=52
  ✅ read=48 | عادل ريان | ayat=52
  ✅ read=49 | عبدالبارئ الثبيتي | ayat=52
  ✅ read=50 | عبدالبارئ محمد | ayat=52
  ✅ read=53 | عبدالباسط عبدالصمد | ayat=53
  ✅ read=54 | عبدالرحمن السديس | ayat=52
  ✅ read=55 | عبدالعزيز الأحمد | ayat=52
  ✅ read=56 | عبدالعزيز الزهراني | ayat=52
  ✅ read=58 | عبدالله البعيجان | ayat=52
  ✅ read=59 | عبدالله المطرود | ayat=52
  ✅ read=60 | عبدالله بصفر | ayat=53
  ✅ read=61 | عبدالله خياط | ayat=52
  ✅ read=62 | عبدالله عواد الجهني | ayat=53
  ✅ read=66 | عبدالمحسن الحارثي | ayat=52
  ✅ read=67 | عبدالمحسن القاسم | ayat=53
  ✅ read=69 | عبدالمحسن العبيكان | ayat=52
  ✅ read=70 | عبدالهادي أحمد كناكري | ayat=52
  ✅ read=71 | عبدالودود حنيف | ayat=52
  ✅ read=72 | عبدالولي الأركاني | ayat=52
  ✅ read=74 | علي بن عبدالرحمن الحذيفي | ayat=52
  ✅ read=76 | علي جابر | ayat=52
  ✅ read=77 | علي حجاج السويسي | ayat=53
  ✅ read=78 | عماد زهير حافظ | ayat=53
  ✅ read=81 | فارس عباد | ayat=52
  ✅ read=86 | ناصر القطامي | ayat=52
  ✅ read=87 | نبيل الرفاعي | ayat=52
  ✅ read=88 | نعمة الحسان | ayat=52
  ✅ read=89 | هاني الرفاعي | ayat=52
  ✅ read=92 | ياسر الدوسري | ayat=52
  ✅ read=106 | محمد الطبلاوي | ayat=53
  ✅ read=109 | محمد أيوب | ayat=52
  ✅ read=110 | محمد صالح عالم شاه | ayat=52
  ✅ read=112 | محمد صديق المنشاوي | ayat=53
  ✅ read=115 | محمد عبدالكريم | ayat=52
  ✅ read=118 | محمود خليل الحصري | ayat=53
  ✅ read=123 | مشاري العفاسي | ayat=52
  ✅ read=139 | ماجد الزامل | ayat=52
  ✅ read=159 | خالد المهنا | ayat=53
  ✅ read=181 | جمعان العصيمي | ayat=52
  ✅ read=193 | يوسف بن نوح أحمد | ayat=52
  ✅ read=198 | محمد رشاد الشريف | ayat=52
  ✅ read=201 | أحمد الطرابلسي | ayat=52
  ✅ read=203 | أحمد عامر | ayat=52
  ✅ read=217 | بندر بليله | ayat=52
  ✅ read=219 | وديع اليمني | ayat=52
  ✅ read=221 | رعد محمد الكردي | ayat=52
  ✅ read=225 | عبدالرحمن العوسي | ayat=52
  ✅ read=229 | محمد خليل القارئ | ayat=52
  ✅ read=232 | إبراهيم الدوسري | ayat=52
  ✅ read=236 | عبدالرحمن الماجد | ayat=52
  ✅ read=243 | عبدالله الموسى | ayat=52
  ✅ read=244 | عبدالله الخلف | ayat=52
  ✅ read=245 | منصور السالمي | ayat=52
  ✅ read=250 | محمد البخيت | ayat=52
  ✅ read=256 | أحمد خليل شاهين | ayat=52
  ✅ read=258 | عبدالرشيد صوفي | ayat=52
  ✅ read=259 | أحمد النفيس | ayat=52
  ✅ read=265 | أحمد ديبان | ayat=52
  ✅ read=268 | بيشه وا قادر الكردي | ayat=52
  ✅ read=273 | هيثم الدخين | ayat=52
  ✅ read=282 | عبدالعزيز التركي | ayat=52
  ✅ read=289 | أحمد عيسى المعصراوي | ayat=52
  ✅ read=294 | سيد أحمد هاشمي | ayat=52
  ✅ read=295 | خالد كريم محمدي | ayat=52
  ✅ read=299 | حسن صالح | ayat=52
  ✅ read=300 | صالح الشمراني | ayat=52
  ✅ read=303 | عيسى عمر سناكو | ayat=52
  ✅ read=314 | أنس العمادي | ayat=52
  ✅ read=340 | محمد برهجي | ayat=52
  ✅ read=10905 | حسن الدغريري | ayat=52
✅ تم إنشاء: timings_hafs_114/timing_069.json

📖 تحميل توقيتات السورة 070 ...
  ✅ read=1 | إبراهيم الأخضر | ayat=45
  ✅ read=3 | إبراهيم العسيري | ayat=44
  ✅ read=4 | شيخ أبو بكر الشاطري | ayat=44
  ✅ read=5 | أحمد بن علي العجمي | ayat=45
  ✅ read=6 | أحمد الحواشي | ayat=44
  ✅ read=8 | أحمد صابر | ayat=44
  ✅ read=9 | أحمد نعينع | ayat=45
  ✅ read=10 | أكرم العلاقمي | ayat=45
  ✅ read=12 | إدريس أبكر | ayat=44
  ✅ read=13 | الزين محمد أحمد | ayat=44
  ✅ read=17 | توفيق الصايغ | ayat=44
  ✅ read=20 | خالد الجليل | ayat=44
  ✅ read=21 | خالد القحطاني | ayat=44
  ✅ read=22 | خالد عبدالكافي | ayat=44
  ✅ read=24 | خليفة الطنيجي | ayat=44
  ✅ read=25 | داود حمزة | ayat=44
  ✅ read=30 | سعد الغامدي | ayat=44
  ✅ read=31 | سعود الشريم | ayat=45
  ✅ read=32 | سهل ياسين | ayat=45
  ✅ read=33 | زكي داغستاني | ayat=44
  ✅ read=38 | شيرزاد عبدالرحمن طاهر | ayat=44
  ✅ read=39 | صابر عبدالحكم | ayat=44
  ✅ read=40 | صالح الصاهود | ayat=44
  ✅ read=42 | صالح الهبدان | ayat=44
  ✅ read=43 | صلاح البدير | ayat=44
  ✅ read=44 | صلاح الهاشم | ayat=44
  ✅ read=46 | صلاح بو خاطر | ayat=44
  ✅ read=48 | عادل ريان | ayat=44
  ✅ read=49 | عبدالبارئ الثبيتي | ayat=44
  ✅ read=50 | عبدالبارئ محمد | ayat=44
  ✅ read=53 | عبدالباسط عبدالصمد | ayat=45
  ✅ read=54 | عبدالرحمن السديس | ayat=44
  ✅ read=55 | عبدالعزيز الأحمد | ayat=44
  ✅ read=56 | عبدالعزيز الزهراني | ayat=44
  ✅ read=58 | عبدالله البعيجان | ayat=44
  ✅ read=59 | عبدالله المطرود | ayat=44
  ✅ read=60 | عبدالله بصفر | ayat=45
  ✅ read=61 | عبدالله خياط | ayat=44
  ✅ read=62 | عبدالله عواد الجهني | ayat=45
  ✅ read=66 | عبدالمحسن الحارثي | ayat=44
  ✅ read=67 | عبدالمحسن القاسم | ayat=45
  ✅ read=69 | عبدالمحسن العبيكان | ayat=44
  ✅ read=70 | عبدالهادي أحمد كناكري | ayat=44
  ✅ read=71 | عبدالودود حنيف | ayat=44
  ✅ read=72 | عبدالولي الأركاني | ayat=44
  ✅ read=74 | علي بن عبدالرحمن الحذيفي | ayat=44
  ✅ read=76 | علي جابر | ayat=44
  ✅ read=77 | علي حجاج السويسي | ayat=45
  ✅ read=78 | عماد زهير حافظ | ayat=45
  ✅ read=81 | فارس عباد | ayat=44
  ✅ read=86 | ناصر القطامي | ayat=44
  ✅ read=87 | نبيل الرفاعي | ayat=44
  ✅ read=88 | نعمة الحسان | ayat=44
  ✅ read=89 | هاني الرفاعي | ayat=44
  ✅ read=92 | ياسر الدوسري | ayat=44
  ✅ read=106 | محمد الطبلاوي | ayat=45
  ✅ read=109 | محمد أيوب | ayat=44
  ✅ read=110 | محمد صالح عالم شاه | ayat=44
  ✅ read=112 | محمد صديق المنشاوي | ayat=45
  ✅ read=115 | محمد عبدالكريم | ayat=44
  ✅ read=118 | محمود خليل الحصري | ayat=45
  ✅ read=123 | مشاري العفاسي | ayat=44
  ✅ read=139 | ماجد الزامل | ayat=44
  ✅ read=159 | خالد المهنا | ayat=45
  ✅ read=181 | جمعان العصيمي | ayat=44
  ✅ read=193 | يوسف بن نوح أحمد | ayat=44
  ✅ read=198 | محمد رشاد الشريف | ayat=44
  ✅ read=201 | أحمد الطرابلسي | ayat=44
  ✅ read=203 | أحمد عامر | ayat=44
  ✅ read=217 | بندر بليله | ayat=44
  ✅ read=219 | وديع اليمني | ayat=44
  ✅ read=221 | رعد محمد الكردي | ayat=44
  ✅ read=225 | عبدالرحمن العوسي | ayat=44
  ✅ read=229 | محمد خليل القارئ | ayat=44
  ✅ read=232 | إبراهيم الدوسري | ayat=44
  ✅ read=236 | عبدالرحمن الماجد | ayat=44
  ✅ read=243 | عبدالله الموسى | ayat=44
  ✅ read=244 | عبدالله الخلف | ayat=44
  ✅ read=245 | منصور السالمي | ayat=44
  ✅ read=250 | محمد البخيت | ayat=44
  ✅ read=256 | أحمد خليل شاهين | ayat=44
  ✅ read=258 | عبدالرشيد صوفي | ayat=44
  ✅ read=259 | أحمد النفيس | ayat=44
  ✅ read=265 | أحمد ديبان | ayat=44
  ✅ read=268 | بيشه وا قادر الكردي | ayat=44
  ✅ read=273 | هيثم الدخين | ayat=44
  ✅ read=282 | عبدالعزيز التركي | ayat=44
  ✅ read=289 | أحمد عيسى المعصراوي | ayat=44
  ✅ read=294 | سيد أحمد هاشمي | ayat=44
  ✅ read=295 | خالد كريم محمدي | ayat=44
  ✅ read=299 | حسن صالح | ayat=44
  ✅ read=300 | صالح الشمراني | ayat=44
  ✅ read=303 | عيسى عمر سناكو | ayat=44
  ✅ read=314 | أنس العمادي | ayat=44
  ✅ read=340 | محمد برهجي | ayat=44
  ✅ read=10905 | حسن الدغريري | ayat=44
✅ تم إنشاء: timings_hafs_114/timing_070.json

📖 تحميل توقيتات السورة 071 ...
  ✅ read=1 | إبراهيم الأخضر | ayat=29
  ✅ read=3 | إبراهيم العسيري | ayat=28
  ✅ read=4 | شيخ أبو بكر الشاطري | ayat=28
  ✅ read=5 | أحمد بن علي العجمي | ayat=29
  ✅ read=6 | أحمد الحواشي | ayat=28
  ✅ read=8 | أحمد صابر | ayat=28
  ✅ read=9 | أحمد نعينع | ayat=29
  ✅ read=10 | أكرم العلاقمي | ayat=29
  ✅ read=12 | إدريس أبكر | ayat=28
  ✅ read=13 | الزين محمد أحمد | ayat=28
  ✅ read=17 | توفيق الصايغ | ayat=28
  ✅ read=20 | خالد الجليل | ayat=28
  ✅ read=21 | خالد القحطاني | ayat=28
  ✅ read=22 | خالد عبدالكافي | ayat=28
  ✅ read=24 | خليفة الطنيجي | ayat=28
  ✅ read=25 | داود حمزة | ayat=28
  ✅ read=30 | سعد الغامدي | ayat=28
  ✅ read=31 | سعود الشريم | ayat=29
  ✅ read=32 | سهل ياسين | ayat=29
  ✅ read=33 | زكي داغستاني | ayat=28
  ✅ read=38 | شيرزاد عبدالرحمن طاهر | ayat=28
  ✅ read=39 | صابر عبدالحكم | ayat=28
  ✅ read=40 | صالح الصاهود | ayat=28
  ✅ read=42 | صالح الهبدان | ayat=28
  ✅ read=43 | صلاح البدير | ayat=28
  ✅ read=44 | صلاح الهاشم | ayat=28
  ✅ read=46 | صلاح بو خاطر | ayat=28
  ✅ read=48 | عادل ريان | ayat=28
  ✅ read=49 | عبدالبارئ الثبيتي | ayat=28
  ✅ read=50 | عبدالبارئ محمد | ayat=28
  ✅ read=53 | عبدالباسط عبدالصمد | ayat=29
  ✅ read=54 | عبدالرحمن السديس | ayat=28
  ✅ read=55 | عبدالعزيز الأحمد | ayat=28
  ✅ read=56 | عبدالعزيز الزهراني | ayat=28
  ✅ read=58 | عبدالله البعيجان | ayat=28
  ✅ read=59 | عبدالله المطرود | ayat=28
  ✅ read=60 | عبدالله بصفر | ayat=29
  ✅ read=61 | عبدالله خياط | ayat=28
  ✅ read=62 | عبدالله عواد الجهني | ayat=29
  ✅ read=66 | عبدالمحسن الحارثي | ayat=28
  ✅ read=67 | عبدالمحسن القاسم | ayat=29
  ✅ read=69 | عبدالمحسن العبيكان | ayat=28
  ✅ read=70 | عبدالهادي أحمد كناكري | ayat=28
  ✅ read=71 | عبدالودود حنيف | ayat=28
  ✅ read=72 | عبدالولي الأركاني | ayat=28
  ✅ read=74 | علي بن عبدالرحمن الحذيفي | ayat=28
  ✅ read=76 | علي جابر | ayat=28
  ✅ read=77 | علي حجاج السويسي | ayat=29
  ✅ read=78 | عماد زهير حافظ | ayat=29
  ✅ read=81 | فارس عباد | ayat=28
  ✅ read=86 | ناصر القطامي | ayat=28
  ✅ read=87 | نبيل الرفاعي | ayat=28
  ✅ read=88 | نعمة الحسان | ayat=28
  ✅ read=89 | هاني الرفاعي | ayat=28
  ✅ read=92 | ياسر الدوسري | ayat=28
  ✅ read=106 | محمد الطبلاوي | ayat=29
  ✅ read=109 | محمد أيوب | ayat=28
  ✅ read=110 | محمد صالح عالم شاه | ayat=28
  ✅ read=112 | محمد صديق المنشاوي | ayat=29
  ✅ read=115 | محمد عبدالكريم | ayat=28
  ✅ read=118 | محمود خليل الحصري | ayat=29
  ✅ read=123 | مشاري العفاسي | ayat=28
  ✅ read=139 | ماجد الزامل | ayat=28
  ✅ read=159 | خالد المهنا | ayat=29
  ✅ read=181 | جمعان العصيمي | ayat=28
  ✅ read=193 | يوسف بن نوح أحمد | ayat=28
  ✅ read=198 | محمد رشاد الشريف | ayat=28
  ✅ read=201 | أحمد الطرابلسي | ayat=28
  ✅ read=203 | أحمد عامر | ayat=28
  ✅ read=217 | بندر بليله | ayat=28
  ✅ read=219 | وديع اليمني | ayat=28
  ✅ read=221 | رعد محمد الكردي | ayat=28
  ✅ read=225 | عبدالرحمن العوسي | ayat=28
  ✅ read=229 | محمد خليل القارئ | ayat=28
  ✅ read=232 | إبراهيم الدوسري | ayat=28
  ✅ read=236 | عبدالرحمن الماجد | ayat=28
  ✅ read=243 | عبدالله الموسى | ayat=28
  ✅ read=244 | عبدالله الخلف | ayat=28
  ✅ read=245 | منصور السالمي | ayat=28
  ✅ read=250 | محمد البخيت | ayat=28
  ✅ read=256 | أحمد خليل شاهين | ayat=28
  ✅ read=258 | عبدالرشيد صوفي | ayat=28
  ✅ read=259 | أحمد النفيس | ayat=28
  ✅ read=265 | أحمد ديبان | ayat=28
  ✅ read=268 | بيشه وا قادر الكردي | ayat=28
  ✅ read=273 | هيثم الدخين | ayat=28
  ✅ read=282 | عبدالعزيز التركي | ayat=28
  ✅ read=289 | أحمد عيسى المعصراوي | ayat=28
  ✅ read=294 | سيد أحمد هاشمي | ayat=28
  ✅ read=295 | خالد كريم محمدي | ayat=28
  ✅ read=299 | حسن صالح | ayat=28
  ✅ read=300 | صالح الشمراني | ayat=28
  ✅ read=303 | عيسى عمر سناكو | ayat=28
  ✅ read=314 | أنس العمادي | ayat=28
  ✅ read=340 | محمد برهجي | ayat=28
  ✅ read=10905 | حسن الدغريري | ayat=28
✅ تم إنشاء: timings_hafs_114/timing_071.json

📖 تحميل توقيتات السورة 072 ...
  ✅ read=1 | إبراهيم الأخضر | ayat=29
  ✅ read=3 | إبراهيم العسيري | ayat=28
  ✅ read=4 | شيخ أبو بكر الشاطري | ayat=28
  ✅ read=5 | أحمد بن علي العجمي | ayat=29
  ✅ read=6 | أحمد الحواشي | ayat=28
  ✅ read=8 | أحمد صابر | ayat=28
  ✅ read=9 | أحمد نعينع | ayat=29
  ✅ read=10 | أكرم العلاقمي | ayat=29
  ✅ read=12 | إدريس أبكر | ayat=28
  ✅ read=13 | الزين محمد أحمد | ayat=28
  ✅ read=17 | توفيق الصايغ | ayat=28
  ✅ read=20 | خالد الجليل | ayat=28
  ✅ read=21 | خالد القحطاني | ayat=28
  ✅ read=22 | خالد عبدالكافي | ayat=28
  ✅ read=24 | خليفة الطنيجي | ayat=28
  ✅ read=25 | داود حمزة | ayat=28
  ✅ read=30 | سعد الغامدي | ayat=28
  ✅ read=31 | سعود الشريم | ayat=29
  ✅ read=32 | سهل ياسين | ayat=29
  ✅ read=33 | زكي داغستاني | ayat=28
  ✅ read=38 | شيرزاد عبدالرحمن طاهر | ayat=28
  ✅ read=39 | صابر عبدالحكم | ayat=28
  ✅ read=40 | صالح الصاهود | ayat=28
  ✅ read=42 | صالح الهبدان | ayat=28
  ✅ read=43 | صلاح البدير | ayat=28
  ✅ read=44 | صلاح الهاشم | ayat=28
  ✅ read=46 | صلاح بو خاطر | ayat=28
  ✅ read=48 | عادل ريان | ayat=28
  ✅ read=49 | عبدالبارئ الثبيتي | ayat=28
  ✅ read=50 | عبدالبارئ محمد | ayat=28
  ✅ read=53 | عبدالباسط عبدالصمد | ayat=29
  ✅ read=54 | عبدالرحمن السديس | ayat=28
  ✅ read=55 | عبدالعزيز الأحمد | ayat=28
  ✅ read=56 | عبدالعزيز الزهراني | ayat=28
  ✅ read=58 | عبدالله البعيجان | ayat=28
  ✅ read=59 | عبدالله المطرود | ayat=28
  ✅ read=60 | عبدالله بصفر | ayat=29
  ✅ read=61 | عبدالله خياط | ayat=28
  ✅ read=62 | عبدالله عواد الجهني | ayat=29
  ✅ read=66 | عبدالمحسن الحارثي | ayat=28
  ✅ read=67 | عبدالمحسن القاسم | ayat=29
  ✅ read=69 | عبدالمحسن العبيكان | ayat=28
  ✅ read=70 | عبدالهادي أحمد كناكري | ayat=28
  ✅ read=71 | عبدالودود حنيف | ayat=28
  ✅ read=72 | عبدالولي الأركاني | ayat=28
  ✅ read=74 | علي بن عبدالرحمن الحذيفي | ayat=28
  ✅ read=76 | علي جابر | ayat=28
  ✅ read=77 | علي حجاج السويسي | ayat=29
  ✅ read=78 | عماد زهير حافظ | ayat=29
  ✅ read=81 | فارس عباد | ayat=28
  ✅ read=86 | ناصر القطامي | ayat=28
  ✅ read=87 | نبيل الرفاعي | ayat=28
  ✅ read=88 | نعمة الحسان | ayat=28
  ✅ read=89 | هاني الرفاعي | ayat=28
  ✅ read=92 | ياسر الدوسري | ayat=28
  ✅ read=106 | محمد الطبلاوي | ayat=29
  ✅ read=109 | محمد أيوب | ayat=28
  ✅ read=110 | محمد صالح عالم شاه | ayat=28
  ✅ read=112 | محمد صديق المنشاوي | ayat=29
  ✅ read=115 | محمد عبدالكريم | ayat=28
  ✅ read=118 | محمود خليل الحصري | ayat=29
  ✅ read=123 | مشاري العفاسي | ayat=28
  ✅ read=139 | ماجد الزامل | ayat=28
  ✅ read=159 | خالد المهنا | ayat=29
  ✅ read=181 | جمعان العصيمي | ayat=28
  ✅ read=193 | يوسف بن نوح أحمد | ayat=28
  ✅ read=198 | محمد رشاد الشريف | ayat=28
  ✅ read=201 | أحمد الطرابلسي | ayat=28
  ✅ read=203 | أحمد عامر | ayat=28
  ✅ read=217 | بندر بليله | ayat=28
  ✅ read=219 | وديع اليمني | ayat=28
  ✅ read=221 | رعد محمد الكردي | ayat=28
  ✅ read=225 | عبدالرحمن العوسي | ayat=28
  ✅ read=229 | محمد خليل القارئ | ayat=28
  ✅ read=232 | إبراهيم الدوسري | ayat=28
  ✅ read=236 | عبدالرحمن الماجد | ayat=28
  ✅ read=243 | عبدالله الموسى | ayat=28
  ✅ read=244 | عبدالله الخلف | ayat=28
  ✅ read=245 | منصور السالمي | ayat=28
  ✅ read=250 | محمد البخيت | ayat=28
  ✅ read=256 | أحمد خليل شاهين | ayat=28
  ✅ read=258 | عبدالرشيد صوفي | ayat=28
  ✅ read=259 | أحمد النفيس | ayat=28
  ✅ read=265 | أحمد ديبان | ayat=28
  ✅ read=268 | بيشه وا قادر الكردي | ayat=28
  ✅ read=273 | هيثم الدخين | ayat=28
  ✅ read=282 | عبدالعزيز التركي | ayat=28
  ✅ read=289 | أحمد عيسى المعصراوي | ayat=28
  ✅ read=294 | سيد أحمد هاشمي | ayat=28
  ✅ read=295 | خالد كريم محمدي | ayat=28
  ✅ read=299 | حسن صالح | ayat=28
  ✅ read=300 | صالح الشمراني | ayat=28
  ✅ read=303 | عيسى عمر سناكو | ayat=28
  ✅ read=314 | أنس العمادي | ayat=28
  ✅ read=340 | محمد برهجي | ayat=28
  ✅ read=10905 | حسن الدغريري | ayat=28
✅ تم إنشاء: timings_hafs_114/timing_072.json

📖 تحميل توقيتات السورة 073 ...
  ✅ read=1 | إبراهيم الأخضر | ayat=21
  ✅ read=3 | إبراهيم العسيري | ayat=20
  ✅ read=4 | شيخ أبو بكر الشاطري | ayat=20
  ✅ read=5 | أحمد بن علي العجمي | ayat=21
  ✅ read=6 | أحمد الحواشي | ayat=20
  ✅ read=8 | أحمد صابر | ayat=20
  ✅ read=9 | أحمد نعينع | ayat=21
  ✅ read=10 | أكرم العلاقمي | ayat=21
  ✅ read=12 | إدريس أبكر | ayat=20
  ✅ read=13 | الزين محمد أحمد | ayat=20
  ✅ read=17 | توفيق الصايغ | ayat=20
  ✅ read=20 | خالد الجليل | ayat=20
  ✅ read=21 | خالد القحطاني | ayat=20
  ✅ read=22 | خالد عبدالكافي | ayat=20
  ✅ read=24 | خليفة الطنيجي | ayat=20
  ✅ read=25 | داود حمزة | ayat=20
  ✅ read=30 | سعد الغامدي | ayat=0
  ✅ read=31 | سعود الشريم | ayat=21
  ✅ read=32 | سهل ياسين | ayat=21
  ✅ read=33 | زكي داغستاني | ayat=20
  ✅ read=38 | شيرزاد عبدالرحمن طاهر | ayat=20
  ✅ read=39 | صابر عبدالحكم | ayat=20
  ✅ read=40 | صالح الصاهود | ayat=20
  ✅ read=42 | صالح الهبدان | ayat=20
  ✅ read=43 | صلاح البدير | ayat=20
  ✅ read=44 | صلاح الهاشم | ayat=20
  ✅ read=46 | صلاح بو خاطر | ayat=20
  ✅ read=48 | عادل ريان | ayat=20
  ✅ read=49 | عبدالبارئ الثبيتي | ayat=20
  ✅ read=50 | عبدالبارئ محمد | ayat=20
  ✅ read=53 | عبدالباسط عبدالصمد | ayat=21
  ✅ read=54 | عبدالرحمن السديس | ayat=20
  ✅ read=55 | عبدالعزيز الأحمد | ayat=20
  ✅ read=56 | عبدالعزيز الزهراني | ayat=20
  ✅ read=58 | عبدالله البعيجان | ayat=20
  ✅ read=59 | عبدالله المطرود | ayat=20
  ✅ read=60 | عبدالله بصفر | ayat=21
  ✅ read=61 | عبدالله خياط | ayat=20
  ✅ read=62 | عبدالله عواد الجهني | ayat=21
  ✅ read=66 | عبدالمحسن الحارثي | ayat=20
  ✅ read=67 | عبدالمحسن القاسم | ayat=21
  ✅ read=69 | عبدالمحسن العبيكان | ayat=20
  ✅ read=70 | عبدالهادي أحمد كناكري | ayat=20
  ✅ read=71 | عبدالودود حنيف | ayat=20
  ✅ read=72 | عبدالولي الأركاني | ayat=20
  ✅ read=74 | علي بن عبدالرحمن الحذيفي | ayat=20
  ✅ read=76 | علي جابر | ayat=20
  ✅ read=77 | علي حجاج السويسي | ayat=21
  ✅ read=78 | عماد زهير حافظ | ayat=21
  ✅ read=81 | فارس عباد | ayat=20
  ✅ read=86 | ناصر القطامي | ayat=20
  ✅ read=87 | نبيل الرفاعي | ayat=20
  ✅ read=88 | نعمة الحسان | ayat=20
  ✅ read=89 | هاني الرفاعي | ayat=20
  ✅ read=92 | ياسر الدوسري | ayat=20
  ✅ read=106 | محمد الطبلاوي | ayat=21
  ✅ read=109 | محمد أيوب | ayat=20
  ✅ read=110 | محمد صالح عالم شاه | ayat=20
  ✅ read=112 | محمد صديق المنشاوي | ayat=21
  ✅ read=115 | محمد عبدالكريم | ayat=20
  ✅ read=118 | محمود خليل الحصري | ayat=21
  ✅ read=123 | مشاري العفاسي | ayat=20
  ✅ read=139 | ماجد الزامل | ayat=20
  ✅ read=159 | خالد المهنا | ayat=21
  ✅ read=181 | جمعان العصيمي | ayat=20
  ✅ read=193 | يوسف بن نوح أحمد | ayat=20
  ✅ read=198 | محمد رشاد الشريف | ayat=20
  ✅ read=201 | أحمد الطرابلسي | ayat=20
  ✅ read=203 | أحمد عامر | ayat=20
  ✅ read=217 | بندر بليله | ayat=20
  ✅ read=219 | وديع اليمني | ayat=20
  ✅ read=221 | رعد محمد الكردي | ayat=20
  ✅ read=225 | عبدالرحمن العوسي | ayat=20
  ✅ read=229 | محمد خليل القارئ | ayat=20
  ✅ read=232 | إبراهيم الدوسري | ayat=20
  ✅ read=236 | عبدالرحمن الماجد | ayat=20
  ✅ read=243 | عبدالله الموسى | ayat=20
  ✅ read=244 | عبدالله الخلف | ayat=20
  ✅ read=245 | منصور السالمي | ayat=20
  ✅ read=250 | محمد البخيت | ayat=20
  ✅ read=256 | أحمد خليل شاهين | ayat=20
  ✅ read=258 | عبدالرشيد صوفي | ayat=20
  ✅ read=259 | أحمد النفيس | ayat=20
  ✅ read=265 | أحمد ديبان | ayat=20
  ✅ read=268 | بيشه وا قادر الكردي | ayat=20
  ✅ read=273 | هيثم الدخين | ayat=20
  ✅ read=282 | عبدالعزيز التركي | ayat=20
  ✅ read=289 | أحمد عيسى المعصراوي | ayat=20
  ✅ read=294 | سيد أحمد هاشمي | ayat=20
  ✅ read=295 | خالد كريم محمدي | ayat=20
  ✅ read=299 | حسن صالح | ayat=20
  ✅ read=300 | صالح الشمراني | ayat=20
  ✅ read=303 | عيسى عمر سناكو | ayat=20
  ✅ read=314 | أنس العمادي | ayat=20
  ✅ read=340 | محمد برهجي | ayat=20
  ✅ read=10905 | حسن الدغريري | ayat=20
✅ تم إنشاء: timings_hafs_114/timing_073.json

📖 تحميل توقيتات السورة 074 ...
  ✅ read=1 | إبراهيم الأخضر | ayat=57
  ✅ read=3 | إبراهيم العسيري | ayat=56
  ✅ read=4 | شيخ أبو بكر الشاطري | ayat=56
  ✅ read=5 | أحمد بن علي العجمي | ayat=57
  ✅ read=6 | أحمد الحواشي | ayat=56
  ✅ read=8 | أحمد صابر | ayat=56
  ✅ read=9 | أحمد نعينع | ayat=57
  ✅ read=10 | أكرم العلاقمي | ayat=57
  ✅ read=12 | إدريس أبكر | ayat=56
  ✅ read=13 | الزين محمد أحمد | ayat=56
  ✅ read=17 | توفيق الصايغ | ayat=56
  ✅ read=20 | خالد الجليل | ayat=56
  ✅ read=21 | خالد القحطاني | ayat=56
  ✅ read=22 | خالد عبدالكافي | ayat=56
  ✅ read=24 | خليفة الطنيجي | ayat=56
  ✅ read=25 | داود حمزة | ayat=56
  ✅ read=30 | سعد الغامدي | ayat=56
  ✅ read=31 | سعود الشريم | ayat=57
  ✅ read=32 | سهل ياسين | ayat=57
  ✅ read=33 | زكي داغستاني | ayat=56
  ✅ read=38 | شيرزاد عبدالرحمن طاهر | ayat=56
  ✅ read=39 | صابر عبدالحكم | ayat=56
  ✅ read=40 | صالح الصاهود | ayat=56
  ✅ read=42 | صالح الهبدان | ayat=56
  ✅ read=43 | صلاح البدير | ayat=56
  ✅ read=44 | صلاح الهاشم | ayat=56
  ✅ read=46 | صلاح بو خاطر | ayat=56
  ✅ read=48 | عادل ريان | ayat=56
  ✅ read=49 | عبدالبارئ الثبيتي | ayat=56
  ✅ read=50 | عبدالبارئ محمد | ayat=56
  ✅ read=53 | عبدالباسط عبدالصمد | ayat=57
  ✅ read=54 | عبدالرحمن السديس | ayat=56
  ✅ read=55 | عبدالعزيز الأحمد | ayat=56
  ✅ read=56 | عبدالعزيز الزهراني | ayat=56
  ✅ read=58 | عبدالله البعيجان | ayat=56
  ✅ read=59 | عبدالله المطرود | ayat=56
  ✅ read=60 | عبدالله بصفر | ayat=57
  ✅ read=61 | عبدالله خياط | ayat=56
  ✅ read=62 | عبدالله عواد الجهني | ayat=57
  ✅ read=66 | عبدالمحسن الحارثي | ayat=56
  ✅ read=67 | عبدالمحسن القاسم | ayat=57
  ✅ read=69 | عبدالمحسن العبيكان | ayat=56
  ✅ read=70 | عبدالهادي أحمد كناكري | ayat=56
  ✅ read=71 | عبدالودود حنيف | ayat=56
  ✅ read=72 | عبدالولي الأركاني | ayat=56
  ✅ read=74 | علي بن عبدالرحمن الحذيفي | ayat=56
  ✅ read=76 | علي جابر | ayat=56
  ✅ read=77 | علي حجاج السويسي | ayat=57
  ✅ read=78 | عماد زهير حافظ | ayat=57
  ✅ read=81 | فارس عباد | ayat=56
  ✅ read=86 | ناصر القطامي | ayat=56
  ✅ read=87 | نبيل الرفاعي | ayat=56
  ✅ read=88 | نعمة الحسان | ayat=56
  ✅ read=89 | هاني الرفاعي | ayat=56
  ✅ read=92 | ياسر الدوسري | ayat=56
  ✅ read=106 | محمد الطبلاوي | ayat=57
  ✅ read=109 | محمد أيوب | ayat=56
  ✅ read=110 | محمد صالح عالم شاه | ayat=56
  ✅ read=112 | محمد صديق المنشاوي | ayat=57
  ✅ read=115 | محمد عبدالكريم | ayat=56
  ✅ read=118 | محمود خليل الحصري | ayat=57
  ✅ read=123 | مشاري العفاسي | ayat=56
  ✅ read=139 | ماجد الزامل | ayat=56
  ✅ read=159 | خالد المهنا | ayat=57
  ✅ read=181 | جمعان العصيمي | ayat=56
  ✅ read=193 | يوسف بن نوح أحمد | ayat=56
  ✅ read=198 | محمد رشاد الشريف | ayat=56
  ✅ read=201 | أحمد الطرابلسي | ayat=56
  ✅ read=203 | أحمد عامر | ayat=56
  ✅ read=217 | بندر بليله | ayat=56
  ✅ read=219 | وديع اليمني | ayat=56
  ✅ read=221 | رعد محمد الكردي | ayat=56
  ✅ read=225 | عبدالرحمن العوسي | ayat=56
  ✅ read=229 | محمد خليل القارئ | ayat=56
  ✅ read=232 | إبراهيم الدوسري | ayat=56
  ✅ read=236 | عبدالرحمن الماجد | ayat=56
  ✅ read=243 | عبدالله الموسى | ayat=56
  ✅ read=244 | عبدالله الخلف | ayat=56
  ✅ read=245 | منصور السالمي | ayat=56
  ✅ read=250 | محمد البخيت | ayat=56
  ✅ read=256 | أحمد خليل شاهين | ayat=56
  ✅ read=258 | عبدالرشيد صوفي | ayat=56
  ✅ read=259 | أحمد النفيس | ayat=56
  ✅ read=265 | أحمد ديبان | ayat=56
  ✅ read=268 | بيشه وا قادر الكردي | ayat=56
  ✅ read=273 | هيثم الدخين | ayat=56
  ✅ read=282 | عبدالعزيز التركي | ayat=56
  ✅ read=289 | أحمد عيسى المعصراوي | ayat=56
  ✅ read=294 | سيد أحمد هاشمي | ayat=56
  ✅ read=295 | خالد كريم محمدي | ayat=56
  ✅ read=299 | حسن صالح | ayat=56
  ✅ read=300 | صالح الشمراني | ayat=56
  ✅ read=303 | عيسى عمر سناكو | ayat=56
  ✅ read=314 | أنس العمادي | ayat=56
  ✅ read=340 | محمد برهجي | ayat=56
  ✅ read=10905 | حسن الدغريري | ayat=56
✅ تم إنشاء: timings_hafs_114/timing_074.json

📖 تحميل توقيتات السورة 075 ...
  ✅ read=1 | إبراهيم الأخضر | ayat=41
  ✅ read=3 | إبراهيم العسيري | ayat=40
  ✅ read=4 | شيخ أبو بكر الشاطري | ayat=40
  ✅ read=5 | أحمد بن علي العجمي | ayat=41
  ✅ read=6 | أحمد الحواشي | ayat=40
  ✅ read=8 | أحمد صابر | ayat=40
  ✅ read=9 | أحمد نعينع | ayat=41
  ✅ read=10 | أكرم العلاقمي | ayat=41
  ✅ read=12 | إدريس أبكر | ayat=40
  ✅ read=13 | الزين محمد أحمد | ayat=40
  ✅ read=17 | توفيق الصايغ | ayat=40
  ✅ read=20 | خالد الجليل | ayat=40
  ✅ read=21 | خالد القحطاني | ayat=40
  ✅ read=22 | خالد عبدالكافي | ayat=40
  ✅ read=24 | خليفة الطنيجي | ayat=40
  ✅ read=25 | داود حمزة | ayat=40
  ✅ read=30 | سعد الغامدي | ayat=40
  ✅ read=31 | سعود الشريم | ayat=41
  ✅ read=32 | سهل ياسين | ayat=41
  ✅ read=33 | زكي داغستاني | ayat=40
  ✅ read=38 | شيرزاد عبدالرحمن طاهر | ayat=40
  ✅ read=39 | صابر عبدالحكم | ayat=40
  ✅ read=40 | صالح الصاهود | ayat=40
  ✅ read=42 | صالح الهبدان | ayat=40
  ✅ read=43 | صلاح البدير | ayat=40
  ✅ read=44 | صلاح الهاشم | ayat=40
  ✅ read=46 | صلاح بو خاطر | ayat=40
  ✅ read=48 | عادل ريان | ayat=40
  ✅ read=49 | عبدالبارئ الثبيتي | ayat=40
  ✅ read=50 | عبدالبارئ محمد | ayat=40
  ✅ read=53 | عبدالباسط عبدالصمد | ayat=41
  ✅ read=54 | عبدالرحمن السديس | ayat=40
  ✅ read=55 | عبدالعزيز الأحمد | ayat=40
  ✅ read=56 | عبدالعزيز الزهراني | ayat=40
  ✅ read=58 | عبدالله البعيجان | ayat=40
  ✅ read=59 | عبدالله المطرود | ayat=40
  ✅ read=60 | عبدالله بصفر | ayat=41
  ✅ read=61 | عبدالله خياط | ayat=40
  ✅ read=62 | عبدالله عواد الجهني | ayat=41
  ✅ read=66 | عبدالمحسن الحارثي | ayat=40
  ✅ read=67 | عبدالمحسن القاسم | ayat=41
  ✅ read=69 | عبدالمحسن العبيكان | ayat=40
  ✅ read=70 | عبدالهادي أحمد كناكري | ayat=40
  ✅ read=71 | عبدالودود حنيف | ayat=40
  ✅ read=72 | عبدالولي الأركاني | ayat=40
  ✅ read=74 | علي بن عبدالرحمن الحذيفي | ayat=40
  ✅ read=76 | علي جابر | ayat=40
  ✅ read=77 | علي حجاج السويسي | ayat=41
  ✅ read=78 | عماد زهير حافظ | ayat=41
  ✅ read=81 | فارس عباد | ayat=40
  ✅ read=86 | ناصر القطامي | ayat=40
  ✅ read=87 | نبيل الرفاعي | ayat=40
  ✅ read=88 | نعمة الحسان | ayat=40
  ✅ read=89 | هاني الرفاعي | ayat=40
  ✅ read=92 | ياسر الدوسري | ayat=40
  ✅ read=106 | محمد الطبلاوي | ayat=41
  ✅ read=109 | محمد أيوب | ayat=40
  ✅ read=110 | محمد صالح عالم شاه | ayat=40
  ✅ read=112 | محمد صديق المنشاوي | ayat=41
  ✅ read=115 | محمد عبدالكريم | ayat=40
  ✅ read=118 | محمود خليل الحصري | ayat=41
  ✅ read=123 | مشاري العفاسي | ayat=40
  ✅ read=139 | ماجد الزامل | ayat=40
  ✅ read=159 | خالد المهنا | ayat=41
  ✅ read=181 | جمعان العصيمي | ayat=40
  ✅ read=193 | يوسف بن نوح أحمد | ayat=40
  ✅ read=198 | محمد رشاد الشريف | ayat=40
  ✅ read=201 | أحمد الطرابلسي | ayat=40
  ✅ read=203 | أحمد عامر | ayat=40
  ✅ read=217 | بندر بليله | ayat=40
  ✅ read=219 | وديع اليمني | ayat=40
  ✅ read=221 | رعد محمد الكردي | ayat=40
  ✅ read=225 | عبدالرحمن العوسي | ayat=40
  ✅ read=229 | محمد خليل القارئ | ayat=40
  ✅ read=232 | إبراهيم الدوسري | ayat=40
  ✅ read=236 | عبدالرحمن الماجد | ayat=40
  ✅ read=243 | عبدالله الموسى | ayat=40
  ✅ read=244 | عبدالله الخلف | ayat=40
  ✅ read=245 | منصور السالمي | ayat=40
  ✅ read=250 | محمد البخيت | ayat=40
  ✅ read=256 | أحمد خليل شاهين | ayat=40
  ✅ read=258 | عبدالرشيد صوفي | ayat=40
  ✅ read=259 | أحمد النفيس | ayat=40
  ✅ read=265 | أحمد ديبان | ayat=40
  ✅ read=268 | بيشه وا قادر الكردي | ayat=40
  ✅ read=273 | هيثم الدخين | ayat=40
  ✅ read=282 | عبدالعزيز التركي | ayat=40
  ✅ read=289 | أحمد عيسى المعصراوي | ayat=40
  ✅ read=294 | سيد أحمد هاشمي | ayat=40
  ✅ read=295 | خالد كريم محمدي | ayat=40
  ✅ read=299 | حسن صالح | ayat=40
  ✅ read=300 | صالح الشمراني | ayat=40
  ✅ read=303 | عيسى عمر سناكو | ayat=40
  ✅ read=314 | أنس العمادي | ayat=40
  ✅ read=340 | محمد برهجي | ayat=40
  ✅ read=10905 | حسن الدغريري | ayat=40
✅ تم إنشاء: timings_hafs_114/timing_075.json

📖 تحميل توقيتات السورة 076 ...
  ✅ read=1 | إبراهيم الأخضر | ayat=32
  ✅ read=3 | إبراهيم العسيري | ayat=31
  ✅ read=4 | شيخ أبو بكر الشاطري | ayat=31
  ✅ read=5 | أحمد بن علي العجمي | ayat=32
  ✅ read=6 | أحمد الحواشي | ayat=31
  ✅ read=8 | أحمد صابر | ayat=31
  ✅ read=9 | أحمد نعينع | ayat=32
  ✅ read=10 | أكرم العلاقمي | ayat=32
  ✅ read=12 | إدريس أبكر | ayat=31
  ✅ read=13 | الزين محمد أحمد | ayat=31
  ✅ read=17 | توفيق الصايغ | ayat=31
  ✅ read=20 | خالد الجليل | ayat=31
  ✅ read=21 | خالد القحطاني | ayat=31
  ✅ read=22 | خالد عبدالكافي | ayat=31
  ✅ read=24 | خليفة الطنيجي | ayat=31
  ✅ read=25 | داود حمزة | ayat=31
  ✅ read=30 | سعد الغامدي | ayat=31
  ✅ read=31 | سعود الشريم | ayat=32
  ✅ read=32 | سهل ياسين | ayat=32
  ✅ read=33 | زكي داغستاني | ayat=31
  ✅ read=38 | شيرزاد عبدالرحمن طاهر | ayat=31
  ✅ read=39 | صابر عبدالحكم | ayat=31
  ✅ read=40 | صالح الصاهود | ayat=31
  ✅ read=42 | صالح الهبدان | ayat=31
  ✅ read=43 | صلاح البدير | ayat=31
  ✅ read=44 | صلاح الهاشم | ayat=31
  ✅ read=46 | صلاح بو خاطر | ayat=31
  ✅ read=48 | عادل ريان | ayat=31
  ✅ read=49 | عبدالبارئ الثبيتي | ayat=31
  ✅ read=50 | عبدالبارئ محمد | ayat=31
  ✅ read=53 | عبدالباسط عبدالصمد | ayat=32
  ✅ read=54 | عبدالرحمن السديس | ayat=31
  ✅ read=55 | عبدالعزيز الأحمد | ayat=31
  ✅ read=56 | عبدالعزيز الزهراني | ayat=31
  ✅ read=58 | عبدالله البعيجان | ayat=31
  ✅ read=59 | عبدالله المطرود | ayat=31
  ✅ read=60 | عبدالله بصفر | ayat=32
  ✅ read=61 | عبدالله خياط | ayat=31
  ✅ read=62 | عبدالله عواد الجهني | ayat=32
  ✅ read=66 | عبدالمحسن الحارثي | ayat=31
  ✅ read=67 | عبدالمحسن القاسم | ayat=32
  ✅ read=69 | عبدالمحسن العبيكان | ayat=31
  ✅ read=70 | عبدالهادي أحمد كناكري | ayat=31
  ✅ read=71 | عبدالودود حنيف | ayat=31
  ✅ read=72 | عبدالولي الأركاني | ayat=31
  ✅ read=74 | علي بن عبدالرحمن الحذيفي | ayat=31
  ✅ read=76 | علي جابر | ayat=31
  ✅ read=77 | علي حجاج السويسي | ayat=32
  ✅ read=78 | عماد زهير حافظ | ayat=32
  ✅ read=81 | فارس عباد | ayat=31
  ✅ read=86 | ناصر القطامي | ayat=31
  ✅ read=87 | نبيل الرفاعي | ayat=31
  ✅ read=88 | نعمة الحسان | ayat=31
  ✅ read=89 | هاني الرفاعي | ayat=31
  ✅ read=92 | ياسر الدوسري | ayat=31
  ✅ read=106 | محمد الطبلاوي | ayat=32
  ✅ read=109 | محمد أيوب | ayat=31
  ✅ read=110 | محمد صالح عالم شاه | ayat=31
  ✅ read=112 | محمد صديق المنشاوي | ayat=32
  ✅ read=115 | محمد عبدالكريم | ayat=31
  ✅ read=118 | محمود خليل الحصري | ayat=32
  ✅ read=123 | مشاري العفاسي | ayat=31
  ✅ read=139 | ماجد الزامل | ayat=31
  ✅ read=159 | خالد المهنا | ayat=32
  ✅ read=181 | جمعان العصيمي | ayat=31
  ✅ read=193 | يوسف بن نوح أحمد | ayat=31
  ✅ read=198 | محمد رشاد الشريف | ayat=31
  ✅ read=201 | أحمد الطرابلسي | ayat=31
  ✅ read=203 | أحمد عامر | ayat=31
  ✅ read=217 | بندر بليله | ayat=31
  ✅ read=219 | وديع اليمني | ayat=31
  ✅ read=221 | رعد محمد الكردي | ayat=31
  ✅ read=225 | عبدالرحمن العوسي | ayat=31
  ✅ read=229 | محمد خليل القارئ | ayat=31
  ✅ read=232 | إبراهيم الدوسري | ayat=31
  ✅ read=236 | عبدالرحمن الماجد | ayat=31
  ✅ read=243 | عبدالله الموسى | ayat=31
  ✅ read=244 | عبدالله الخلف | ayat=31
  ✅ read=245 | منصور السالمي | ayat=31
  ✅ read=250 | محمد البخيت | ayat=31
  ✅ read=256 | أحمد خليل شاهين | ayat=31
  ✅ read=258 | عبدالرشيد صوفي | ayat=31
  ✅ read=259 | أحمد النفيس | ayat=31
  ✅ read=265 | أحمد ديبان | ayat=31
  ✅ read=268 | بيشه وا قادر الكردي | ayat=31
  ✅ read=273 | هيثم الدخين | ayat=31
  ✅ read=282 | عبدالعزيز التركي | ayat=31
  ✅ read=289 | أحمد عيسى المعصراوي | ayat=31
  ✅ read=294 | سيد أحمد هاشمي | ayat=31
  ✅ read=295 | خالد كريم محمدي | ayat=31
  ✅ read=299 | حسن صالح | ayat=31
  ✅ read=300 | صالح الشمراني | ayat=31
  ✅ read=303 | عيسى عمر سناكو | ayat=31
  ✅ read=314 | أنس العمادي | ayat=31
  ✅ read=340 | محمد برهجي | ayat=31
  ✅ read=10905 | حسن الدغريري | ayat=31
✅ تم إنشاء: timings_hafs_114/timing_076.json

📖 تحميل توقيتات السورة 077 ...
  ✅ read=1 | إبراهيم الأخضر | ayat=51
  ✅ read=3 | إبراهيم العسيري | ayat=50
  ✅ read=4 | شيخ أبو بكر الشاطري | ayat=50
  ✅ read=5 | أحمد بن علي العجمي | ayat=51
  ✅ read=6 | أحمد الحواشي | ayat=50
  ✅ read=8 | أحمد صابر | ayat=50
  ✅ read=9 | أحمد نعينع | ayat=51
  ✅ read=10 | أكرم العلاقمي | ayat=51
  ✅ read=12 | إدريس أبكر | ayat=50
  ✅ read=13 | الزين محمد أحمد | ayat=50
  ✅ read=17 | توفيق الصايغ | ayat=50
  ✅ read=20 | خالد الجليل | ayat=50
  ✅ read=21 | خالد القحطاني | ayat=50
  ✅ read=22 | خالد عبدالكافي | ayat=50
  ✅ read=24 | خليفة الطنيجي | ayat=50
  ✅ read=25 | داود حمزة | ayat=50
  ✅ read=30 | سعد الغامدي | ayat=50
  ✅ read=31 | سعود الشريم | ayat=51
  ✅ read=32 | سهل ياسين | ayat=51
  ✅ read=33 | زكي داغستاني | ayat=50
  ✅ read=38 | شيرزاد عبدالرحمن طاهر | ayat=50
  ✅ read=39 | صابر عبدالحكم | ayat=50
  ✅ read=40 | صالح الصاهود | ayat=50
  ✅ read=42 | صالح الهبدان | ayat=50
  ✅ read=43 | صلاح البدير | ayat=50
  ✅ read=44 | صلاح الهاشم | ayat=50
  ✅ read=46 | صلاح بو خاطر | ayat=50
  ✅ read=48 | عادل ريان | ayat=50
  ✅ read=49 | عبدالبارئ الثبيتي | ayat=50
  ✅ read=50 | عبدالبارئ محمد | ayat=50
  ✅ read=53 | عبدالباسط عبدالصمد | ayat=51
  ✅ read=54 | عبدالرحمن السديس | ayat=50
  ✅ read=55 | عبدالعزيز الأحمد | ayat=50
  ✅ read=56 | عبدالعزيز الزهراني | ayat=50
  ✅ read=58 | عبدالله البعيجان | ayat=50
  ✅ read=59 | عبدالله المطرود | ayat=50
  ✅ read=60 | عبدالله بصفر | ayat=51
  ✅ read=61 | عبدالله خياط | ayat=50
  ✅ read=62 | عبدالله عواد الجهني | ayat=51
  ✅ read=66 | عبدالمحسن الحارثي | ayat=50
  ✅ read=67 | عبدالمحسن القاسم | ayat=51
  ✅ read=69 | عبدالمحسن العبيكان | ayat=50
  ✅ read=70 | عبدالهادي أحمد كناكري | ayat=50
  ✅ read=71 | عبدالودود حنيف | ayat=50
  ✅ read=72 | عبدالولي الأركاني | ayat=50
  ✅ read=74 | علي بن عبدالرحمن الحذيفي | ayat=50
  ✅ read=76 | علي جابر | ayat=50
  ✅ read=77 | علي حجاج السويسي | ayat=51
  ✅ read=78 | عماد زهير حافظ | ayat=51
  ✅ read=81 | فارس عباد | ayat=50
  ✅ read=86 | ناصر القطامي | ayat=50
  ✅ read=87 | نبيل الرفاعي | ayat=50
  ✅ read=88 | نعمة الحسان | ayat=50
  ✅ read=89 | هاني الرفاعي | ayat=50
  ✅ read=92 | ياسر الدوسري | ayat=50
  ✅ read=106 | محمد الطبلاوي | ayat=51
  ✅ read=109 | محمد أيوب | ayat=50
  ✅ read=110 | محمد صالح عالم شاه | ayat=50
  ✅ read=112 | محمد صديق المنشاوي | ayat=51
  ✅ read=115 | محمد عبدالكريم | ayat=50
  ✅ read=118 | محمود خليل الحصري | ayat=51
  ✅ read=123 | مشاري العفاسي | ayat=50
  ✅ read=139 | ماجد الزامل | ayat=50
  ✅ read=159 | خالد المهنا | ayat=51
  ✅ read=181 | جمعان العصيمي | ayat=50
  ✅ read=193 | يوسف بن نوح أحمد | ayat=50
  ✅ read=198 | محمد رشاد الشريف | ayat=50
  ✅ read=201 | أحمد الطرابلسي | ayat=50
  ✅ read=203 | أحمد عامر | ayat=50
  ✅ read=217 | بندر بليله | ayat=50
  ✅ read=219 | وديع اليمني | ayat=50
  ✅ read=221 | رعد محمد الكردي | ayat=50
  ✅ read=225 | عبدالرحمن العوسي | ayat=50
  ✅ read=229 | محمد خليل القارئ | ayat=50
  ✅ read=232 | إبراهيم الدوسري | ayat=50
  ✅ read=236 | عبدالرحمن الماجد | ayat=50
  ✅ read=243 | عبدالله الموسى | ayat=50
  ✅ read=244 | عبدالله الخلف | ayat=50
  ✅ read=245 | منصور السالمي | ayat=50
  ✅ read=250 | محمد البخيت | ayat=50
  ✅ read=256 | أحمد خليل شاهين | ayat=50
  ✅ read=258 | عبدالرشيد صوفي | ayat=50
  ✅ read=259 | أحمد النفيس | ayat=50
  ✅ read=265 | أحمد ديبان | ayat=50
  ✅ read=268 | بيشه وا قادر الكردي | ayat=50
  ✅ read=273 | هيثم الدخين | ayat=50
  ✅ read=282 | عبدالعزيز التركي | ayat=50
  ✅ read=289 | أحمد عيسى المعصراوي | ayat=50
  ✅ read=294 | سيد أحمد هاشمي | ayat=50
  ✅ read=295 | خالد كريم محمدي | ayat=50
  ✅ read=299 | حسن صالح | ayat=50
  ✅ read=300 | صالح الشمراني | ayat=50
  ✅ read=303 | عيسى عمر سناكو | ayat=50
  ✅ read=314 | أنس العمادي | ayat=50
  ✅ read=340 | محمد برهجي | ayat=50
  ✅ read=10905 | حسن الدغريري | ayat=50
✅ تم إنشاء: timings_hafs_114/timing_077.json

📖 تحميل توقيتات السورة 078 ...
  ✅ read=1 | إبراهيم الأخضر | ayat=41
  ✅ read=3 | إبراهيم العسيري | ayat=40
  ✅ read=4 | شيخ أبو بكر الشاطري | ayat=40
  ✅ read=5 | أحمد بن علي العجمي | ayat=41
  ✅ read=6 | أحمد الحواشي | ayat=40
  ✅ read=8 | أحمد صابر | ayat=40
  ✅ read=9 | أحمد نعينع | ayat=41
  ✅ read=10 | أكرم العلاقمي | ayat=41
  ✅ read=12 | إدريس أبكر | ayat=40
  ✅ read=13 | الزين محمد أحمد | ayat=40
  ✅ read=17 | توفيق الصايغ | ayat=40
  ✅ read=20 | خالد الجليل | ayat=40
  ✅ read=21 | خالد القحطاني | ayat=40
  ✅ read=22 | خالد عبدالكافي | ayat=40
  ✅ read=24 | خليفة الطنيجي | ayat=40
  ✅ read=25 | داود حمزة | ayat=40
  ✅ read=30 | سعد الغامدي | ayat=40
  ✅ read=31 | سعود الشريم | ayat=41
  ✅ read=32 | سهل ياسين | ayat=41
  ✅ read=33 | زكي داغستاني | ayat=40
  ✅ read=38 | شيرزاد عبدالرحمن طاهر | ayat=40
  ✅ read=39 | صابر عبدالحكم | ayat=40
  ✅ read=40 | صالح الصاهود | ayat=40
  ✅ read=42 | صالح الهبدان | ayat=40
  ✅ read=43 | صلاح البدير | ayat=40
  ✅ read=44 | صلاح الهاشم | ayat=40
  ✅ read=46 | صلاح بو خاطر | ayat=40
  ✅ read=48 | عادل ريان | ayat=40
  ✅ read=49 | عبدالبارئ الثبيتي | ayat=40
  ✅ read=50 | عبدالبارئ محمد | ayat=40
  ✅ read=53 | عبدالباسط عبدالصمد | ayat=41
  ✅ read=54 | عبدالرحمن السديس | ayat=40
  ✅ read=55 | عبدالعزيز الأحمد | ayat=40
  ✅ read=56 | عبدالعزيز الزهراني | ayat=40
  ✅ read=58 | عبدالله البعيجان | ayat=40
  ✅ read=59 | عبدالله المطرود | ayat=40
  ✅ read=60 | عبدالله بصفر | ayat=41
  ✅ read=61 | عبدالله خياط | ayat=40
  ✅ read=62 | عبدالله عواد الجهني | ayat=41
  ✅ read=66 | عبدالمحسن الحارثي | ayat=40
  ✅ read=67 | عبدالمحسن القاسم | ayat=41
  ✅ read=69 | عبدالمحسن العبيكان | ayat=40
  ✅ read=70 | عبدالهادي أحمد كناكري | ayat=40
  ✅ read=71 | عبدالودود حنيف | ayat=40
  ✅ read=72 | عبدالولي الأركاني | ayat=40
  ✅ read=74 | علي بن عبدالرحمن الحذيفي | ayat=40
  ✅ read=76 | علي جابر | ayat=40
  ✅ read=77 | علي حجاج السويسي | ayat=41
  ✅ read=78 | عماد زهير حافظ | ayat=41
  ✅ read=81 | فارس عباد | ayat=40
  ✅ read=86 | ناصر القطامي | ayat=40
  ✅ read=87 | نبيل الرفاعي | ayat=40
  ✅ read=88 | نعمة الحسان | ayat=40
  ✅ read=89 | هاني الرفاعي | ayat=40
  ✅ read=92 | ياسر الدوسري | ayat=40
  ✅ read=106 | محمد الطبلاوي | ayat=41
  ✅ read=109 | محمد أيوب | ayat=40
  ✅ read=110 | محمد صالح عالم شاه | ayat=40
  ✅ read=112 | محمد صديق المنشاوي | ayat=41
  ✅ read=115 | محمد عبدالكريم | ayat=40
  ✅ read=118 | محمود خليل الحصري | ayat=41
  ✅ read=123 | مشاري العفاسي | ayat=40
  ✅ read=139 | ماجد الزامل | ayat=40
  ✅ read=159 | خالد المهنا | ayat=41
  ✅ read=181 | جمعان العصيمي | ayat=40
  ✅ read=193 | يوسف بن نوح أحمد | ayat=40
  ✅ read=198 | محمد رشاد الشريف | ayat=40
  ✅ read=201 | أحمد الطرابلسي | ayat=40
  ✅ read=203 | أحمد عامر | ayat=40
  ✅ read=217 | بندر بليله | ayat=40
  ✅ read=219 | وديع اليمني | ayat=40
  ✅ read=221 | رعد محمد الكردي | ayat=40
  ✅ read=225 | عبدالرحمن العوسي | ayat=40
  ✅ read=229 | محمد خليل القارئ | ayat=40
  ✅ read=232 | إبراهيم الدوسري | ayat=40
  ✅ read=236 | عبدالرحمن الماجد | ayat=40
  ✅ read=243 | عبدالله الموسى | ayat=40
  ✅ read=244 | عبدالله الخلف | ayat=40
  ✅ read=245 | منصور السالمي | ayat=40
  ✅ read=250 | محمد البخيت | ayat=40
  ✅ read=256 | أحمد خليل شاهين | ayat=40
  ✅ read=258 | عبدالرشيد صوفي | ayat=40
  ✅ read=259 | أحمد النفيس | ayat=40
  ✅ read=265 | أحمد ديبان | ayat=40
  ✅ read=268 | بيشه وا قادر الكردي | ayat=40
  ✅ read=273 | هيثم الدخين | ayat=40
  ✅ read=282 | عبدالعزيز التركي | ayat=40
  ✅ read=289 | أحمد عيسى المعصراوي | ayat=40
  ✅ read=294 | سيد أحمد هاشمي | ayat=40
  ✅ read=295 | خالد كريم محمدي | ayat=40
  ✅ read=299 | حسن صالح | ayat=40
  ✅ read=300 | صالح الشمراني | ayat=40
  ✅ read=303 | عيسى عمر سناكو | ayat=40
  ✅ read=314 | أنس العمادي | ayat=40
  ✅ read=340 | محمد برهجي | ayat=40
  ✅ read=10905 | حسن الدغريري | ayat=40
✅ تم إنشاء: timings_hafs_114/timing_078.json

📖 تحميل توقيتات السورة 079 ...
  ✅ read=1 | إبراهيم الأخضر | ayat=47
  ✅ read=3 | إبراهيم العسيري | ayat=46
  ✅ read=4 | شيخ أبو بكر الشاطري | ayat=46
  ✅ read=5 | أحمد بن علي العجمي | ayat=47
  ✅ read=6 | أحمد الحواشي | ayat=46
  ✅ read=8 | أحمد صابر | ayat=46
  ✅ read=9 | أحمد نعينع | ayat=47
  ✅ read=10 | أكرم العلاقمي | ayat=47
  ✅ read=12 | إدريس أبكر | ayat=46
  ✅ read=13 | الزين محمد أحمد | ayat=46
  ✅ read=17 | توفيق الصايغ | ayat=46
  ✅ read=20 | خالد الجليل | ayat=46
  ✅ read=21 | خالد القحطاني | ayat=46
  ✅ read=22 | خالد عبدالكافي | ayat=46
  ✅ read=24 | خليفة الطنيجي | ayat=46
  ✅ read=25 | داود حمزة | ayat=46
  ✅ read=30 | سعد الغامدي | ayat=46
  ✅ read=31 | سعود الشريم | ayat=47
  ✅ read=32 | سهل ياسين | ayat=47
  ✅ read=33 | زكي داغستاني | ayat=46
  ✅ read=38 | شيرزاد عبدالرحمن طاهر | ayat=46
  ✅ read=39 | صابر عبدالحكم | ayat=46
  ✅ read=40 | صالح الصاهود | ayat=46
  ✅ read=42 | صالح الهبدان | ayat=46
  ✅ read=43 | صلاح البدير | ayat=46
  ✅ read=44 | صلاح الهاشم | ayat=46
  ✅ read=46 | صلاح بو خاطر | ayat=46
  ✅ read=48 | عادل ريان | ayat=46
  ✅ read=49 | عبدالبارئ الثبيتي | ayat=46
  ✅ read=50 | عبدالبارئ محمد | ayat=46
  ✅ read=53 | عبدالباسط عبدالصمد | ayat=47
  ✅ read=54 | عبدالرحمن السديس | ayat=46
  ✅ read=55 | عبدالعزيز الأحمد | ayat=46
  ✅ read=56 | عبدالعزيز الزهراني | ayat=46
  ✅ read=58 | عبدالله البعيجان | ayat=46
  ✅ read=59 | عبدالله المطرود | ayat=46
  ✅ read=60 | عبدالله بصفر | ayat=47
  ✅ read=61 | عبدالله خياط | ayat=46
  ✅ read=62 | عبدالله عواد الجهني | ayat=47
  ✅ read=66 | عبدالمحسن الحارثي | ayat=46
  ✅ read=67 | عبدالمحسن القاسم | ayat=47
  ✅ read=69 | عبدالمحسن العبيكان | ayat=46
  ✅ read=70 | عبدالهادي أحمد كناكري | ayat=46
  ✅ read=71 | عبدالودود حنيف | ayat=46
  ✅ read=72 | عبدالولي الأركاني | ayat=46
  ✅ read=74 | علي بن عبدالرحمن الحذيفي | ayat=46
  ✅ read=76 | علي جابر | ayat=46
  ✅ read=77 | علي حجاج السويسي | ayat=47
  ✅ read=78 | عماد زهير حافظ | ayat=47
  ✅ read=81 | فارس عباد | ayat=46
  ✅ read=86 | ناصر القطامي | ayat=46
  ✅ read=87 | نبيل الرفاعي | ayat=46
  ✅ read=88 | نعمة الحسان | ayat=46
  ✅ read=89 | هاني الرفاعي | ayat=46
  ✅ read=92 | ياسر الدوسري | ayat=46
  ✅ read=106 | محمد الطبلاوي | ayat=47
  ✅ read=109 | محمد أيوب | ayat=46
  ✅ read=110 | محمد صالح عالم شاه | ayat=46
  ✅ read=112 | محمد صديق المنشاوي | ayat=47
  ✅ read=115 | محمد عبدالكريم | ayat=46
  ✅ read=118 | محمود خليل الحصري | ayat=47
  ✅ read=123 | مشاري العفاسي | ayat=46
  ✅ read=139 | ماجد الزامل | ayat=46
  ✅ read=159 | خالد المهنا | ayat=47
  ✅ read=181 | جمعان العصيمي | ayat=46
  ✅ read=193 | يوسف بن نوح أحمد | ayat=46
  ✅ read=198 | محمد رشاد الشريف | ayat=46
  ✅ read=201 | أحمد الطرابلسي | ayat=46
  ✅ read=203 | أحمد عامر | ayat=46
  ✅ read=217 | بندر بليله | ayat=46
  ✅ read=219 | وديع اليمني | ayat=46
  ✅ read=221 | رعد محمد الكردي | ayat=46
  ✅ read=225 | عبدالرحمن العوسي | ayat=46
  ✅ read=229 | محمد خليل القارئ | ayat=46
  ✅ read=232 | إبراهيم الدوسري | ayat=46
  ✅ read=236 | عبدالرحمن الماجد | ayat=46
  ✅ read=243 | عبدالله الموسى | ayat=46
  ✅ read=244 | عبدالله الخلف | ayat=46
  ✅ read=245 | منصور السالمي | ayat=46
  ✅ read=250 | محمد البخيت | ayat=46
  ✅ read=256 | أحمد خليل شاهين | ayat=46
  ✅ read=258 | عبدالرشيد صوفي | ayat=46
  ✅ read=259 | أحمد النفيس | ayat=46
  ✅ read=265 | أحمد ديبان | ayat=46
  ✅ read=268 | بيشه وا قادر الكردي | ayat=46
  ✅ read=273 | هيثم الدخين | ayat=46
  ✅ read=282 | عبدالعزيز التركي | ayat=46
  ✅ read=289 | أحمد عيسى المعصراوي | ayat=46
  ✅ read=294 | سيد أحمد هاشمي | ayat=46
  ✅ read=295 | خالد كريم محمدي | ayat=46
  ✅ read=299 | حسن صالح | ayat=46
  ✅ read=300 | صالح الشمراني | ayat=46
  ✅ read=303 | عيسى عمر سناكو | ayat=46
  ✅ read=314 | أنس العمادي | ayat=46
  ✅ read=340 | محمد برهجي | ayat=46
  ✅ read=10905 | حسن الدغريري | ayat=46
✅ تم إنشاء: timings_hafs_114/timing_079.json

📖 تحميل توقيتات السورة 080 ...
  ✅ read=1 | إبراهيم الأخضر | ayat=43
  ✅ read=3 | إبراهيم العسيري | ayat=42
  ✅ read=4 | شيخ أبو بكر الشاطري | ayat=42
  ✅ read=5 | أحمد بن علي العجمي | ayat=43
  ✅ read=6 | أحمد الحواشي | ayat=42
  ✅ read=8 | أحمد صابر | ayat=42
  ✅ read=9 | أحمد نعينع | ayat=43
  ✅ read=10 | أكرم العلاقمي | ayat=43
  ✅ read=12 | إدريس أبكر | ayat=42
  ✅ read=13 | الزين محمد أحمد | ayat=42
  ✅ read=17 | توفيق الصايغ | ayat=42
  ✅ read=20 | خالد الجليل | ayat=42
  ✅ read=21 | خالد القحطاني | ayat=42
  ✅ read=22 | خالد عبدالكافي | ayat=42
  ✅ read=24 | خليفة الطنيجي | ayat=42
  ✅ read=25 | داود حمزة | ayat=42
  ✅ read=30 | سعد الغامدي | ayat=42
  ✅ read=31 | سعود الشريم | ayat=43
  ✅ read=32 | سهل ياسين | ayat=43
  ✅ read=33 | زكي داغستاني | ayat=42
  ✅ read=38 | شيرزاد عبدالرحمن طاهر | ayat=42
  ✅ read=39 | صابر عبدالحكم | ayat=42
  ✅ read=40 | صالح الصاهود | ayat=42
  ✅ read=42 | صالح الهبدان | ayat=42
  ✅ read=43 | صلاح البدير | ayat=42
  ✅ read=44 | صلاح الهاشم | ayat=42
  ✅ read=46 | صلاح بو خاطر | ayat=42
  ✅ read=48 | عادل ريان | ayat=42
  ✅ read=49 | عبدالبارئ الثبيتي | ayat=42
  ✅ read=50 | عبدالبارئ محمد | ayat=42
  ✅ read=53 | عبدالباسط عبدالصمد | ayat=43
  ✅ read=54 | عبدالرحمن السديس | ayat=42
  ✅ read=55 | عبدالعزيز الأحمد | ayat=42
  ✅ read=56 | عبدالعزيز الزهراني | ayat=42
  ✅ read=58 | عبدالله البعيجان | ayat=42
  ✅ read=59 | عبدالله المطرود | ayat=42
  ✅ read=60 | عبدالله بصفر | ayat=43
  ✅ read=61 | عبدالله خياط | ayat=42
  ✅ read=62 | عبدالله عواد الجهني | ayat=43
  ✅ read=66 | عبدالمحسن الحارثي | ayat=42
  ✅ read=67 | عبدالمحسن القاسم | ayat=43
  ✅ read=69 | عبدالمحسن العبيكان | ayat=42
  ✅ read=70 | عبدالهادي أحمد كناكري | ayat=42
  ✅ read=71 | عبدالودود حنيف | ayat=42
  ✅ read=72 | عبدالولي الأركاني | ayat=42
  ✅ read=74 | علي بن عبدالرحمن الحذيفي | ayat=42
  ✅ read=76 | علي جابر | ayat=42
  ✅ read=77 | علي حجاج السويسي | ayat=43
  ✅ read=78 | عماد زهير حافظ | ayat=43
  ✅ read=81 | فارس عباد | ayat=42
  ✅ read=86 | ناصر القطامي | ayat=42
  ✅ read=87 | نبيل الرفاعي | ayat=42
  ✅ read=88 | نعمة الحسان | ayat=42
  ✅ read=89 | هاني الرفاعي | ayat=42
  ✅ read=92 | ياسر الدوسري | ayat=42
  ✅ read=106 | محمد الطبلاوي | ayat=43
  ✅ read=109 | محمد أيوب | ayat=42
  ✅ read=110 | محمد صالح عالم شاه | ayat=42
  ✅ read=112 | محمد صديق المنشاوي | ayat=43
  ✅ read=115 | محمد عبدالكريم | ayat=42
  ✅ read=118 | محمود خليل الحصري | ayat=43
  ✅ read=123 | مشاري العفاسي | ayat=42
  ✅ read=139 | ماجد الزامل | ayat=42
  ✅ read=159 | خالد المهنا | ayat=43
  ✅ read=181 | جمعان العصيمي | ayat=42
  ✅ read=193 | يوسف بن نوح أحمد | ayat=42
  ✅ read=198 | محمد رشاد الشريف | ayat=42
  ✅ read=201 | أحمد الطرابلسي | ayat=42
  ✅ read=203 | أحمد عامر | ayat=42
  ✅ read=217 | بندر بليله | ayat=42
  ✅ read=219 | وديع اليمني | ayat=42
  ✅ read=221 | رعد محمد الكردي | ayat=42
  ✅ read=225 | عبدالرحمن العوسي | ayat=42
  ✅ read=229 | محمد خليل القارئ | ayat=42
  ✅ read=232 | إبراهيم الدوسري | ayat=42
  ✅ read=236 | عبدالرحمن الماجد | ayat=42
  ✅ read=243 | عبدالله الموسى | ayat=42
  ✅ read=244 | عبدالله الخلف | ayat=42
  ✅ read=245 | منصور السالمي | ayat=42
  ✅ read=250 | محمد البخيت | ayat=42
  ✅ read=256 | أحمد خليل شاهين | ayat=42
  ✅ read=258 | عبدالرشيد صوفي | ayat=42
  ✅ read=259 | أحمد النفيس | ayat=42
  ✅ read=265 | أحمد ديبان | ayat=42
  ✅ read=268 | بيشه وا قادر الكردي | ayat=42
  ✅ read=273 | هيثم الدخين | ayat=42
  ✅ read=282 | عبدالعزيز التركي | ayat=42
  ✅ read=289 | أحمد عيسى المعصراوي | ayat=42
  ✅ read=294 | سيد أحمد هاشمي | ayat=42
  ✅ read=295 | خالد كريم محمدي | ayat=42
  ✅ read=299 | حسن صالح | ayat=42
  ✅ read=300 | صالح الشمراني | ayat=42
  ✅ read=303 | عيسى عمر سناكو | ayat=42
  ✅ read=314 | أنس العمادي | ayat=42
  ✅ read=340 | محمد برهجي | ayat=42
  ✅ read=10905 | حسن الدغريري | ayat=42
✅ تم إنشاء: timings_hafs_114/timing_080.json

📖 تحميل توقيتات السورة 081 ...
  ✅ read=1 | إبراهيم الأخضر | ayat=30
  ✅ read=3 | إبراهيم العسيري | ayat=29
  ✅ read=4 | شيخ أبو بكر الشاطري | ayat=29
  ✅ read=5 | أحمد بن علي العجمي | ayat=30
  ✅ read=6 | أحمد الحواشي | ayat=29
  ✅ read=8 | أحمد صابر | ayat=29
  ✅ read=9 | أحمد نعينع | ayat=30
  ✅ read=10 | أكرم العلاقمي | ayat=30
  ✅ read=12 | إدريس أبكر | ayat=29
  ✅ read=13 | الزين محمد أحمد | ayat=29
  ✅ read=17 | توفيق الصايغ | ayat=29
  ✅ read=20 | خالد الجليل | ayat=29
  ✅ read=21 | خالد القحطاني | ayat=29
  ✅ read=22 | خالد عبدالكافي | ayat=29
  ✅ read=24 | خليفة الطنيجي | ayat=29
  ✅ read=25 | داود حمزة | ayat=29
  ✅ read=30 | سعد الغامدي | ayat=29
  ✅ read=31 | سعود الشريم | ayat=30
  ✅ read=32 | سهل ياسين | ayat=30
  ✅ read=33 | زكي داغستاني | ayat=29
  ✅ read=38 | شيرزاد عبدالرحمن طاهر | ayat=29
  ✅ read=39 | صابر عبدالحكم | ayat=29
  ✅ read=40 | صالح الصاهود | ayat=29
  ✅ read=42 | صالح الهبدان | ayat=29
  ✅ read=43 | صلاح البدير | ayat=29
  ✅ read=44 | صلاح الهاشم | ayat=29
  ✅ read=46 | صلاح بو خاطر | ayat=29
  ✅ read=48 | عادل ريان | ayat=29
  ✅ read=49 | عبدالبارئ الثبيتي | ayat=29
  ✅ read=50 | عبدالبارئ محمد | ayat=29
  ✅ read=53 | عبدالباسط عبدالصمد | ayat=30
  ✅ read=54 | عبدالرحمن السديس | ayat=29
  ✅ read=55 | عبدالعزيز الأحمد | ayat=29
  ✅ read=56 | عبدالعزيز الزهراني | ayat=29
  ✅ read=58 | عبدالله البعيجان | ayat=29
  ✅ read=59 | عبدالله المطرود | ayat=29
  ✅ read=60 | عبدالله بصفر | ayat=30
  ✅ read=61 | عبدالله خياط | ayat=29
  ✅ read=62 | عبدالله عواد الجهني | ayat=30
  ✅ read=66 | عبدالمحسن الحارثي | ayat=29
  ✅ read=67 | عبدالمحسن القاسم | ayat=30
  ✅ read=69 | عبدالمحسن العبيكان | ayat=29
  ✅ read=70 | عبدالهادي أحمد كناكري | ayat=29
  ✅ read=71 | عبدالودود حنيف | ayat=29
  ✅ read=72 | عبدالولي الأركاني | ayat=29
  ✅ read=74 | علي بن عبدالرحمن الحذيفي | ayat=29
  ✅ read=76 | علي جابر | ayat=29
  ✅ read=77 | علي حجاج السويسي | ayat=30
  ✅ read=78 | عماد زهير حافظ | ayat=30
  ✅ read=81 | فارس عباد | ayat=29
  ✅ read=86 | ناصر القطامي | ayat=29
  ✅ read=87 | نبيل الرفاعي | ayat=29
  ✅ read=88 | نعمة الحسان | ayat=29
  ✅ read=89 | هاني الرفاعي | ayat=29
  ✅ read=92 | ياسر الدوسري | ayat=29
  ✅ read=106 | محمد الطبلاوي | ayat=30
  ✅ read=109 | محمد أيوب | ayat=29
  ✅ read=110 | محمد صالح عالم شاه | ayat=29
  ✅ read=112 | محمد صديق المنشاوي | ayat=30
  ✅ read=115 | محمد عبدالكريم | ayat=29
  ✅ read=118 | محمود خليل الحصري | ayat=30
  ✅ read=123 | مشاري العفاسي | ayat=29
  ✅ read=139 | ماجد الزامل | ayat=29
  ✅ read=159 | خالد المهنا | ayat=30
  ✅ read=181 | جمعان العصيمي | ayat=29
  ✅ read=193 | يوسف بن نوح أحمد | ayat=29
  ✅ read=198 | محمد رشاد الشريف | ayat=29
  ✅ read=201 | أحمد الطرابلسي | ayat=29
  ✅ read=203 | أحمد عامر | ayat=29
  ✅ read=217 | بندر بليله | ayat=29
  ✅ read=219 | وديع اليمني | ayat=29
  ✅ read=221 | رعد محمد الكردي | ayat=29
  ✅ read=225 | عبدالرحمن العوسي | ayat=29
  ✅ read=229 | محمد خليل القارئ | ayat=29
  ✅ read=232 | إبراهيم الدوسري | ayat=29
  ✅ read=236 | عبدالرحمن الماجد | ayat=29
  ✅ read=243 | عبدالله الموسى | ayat=29
  ✅ read=244 | عبدالله الخلف | ayat=29
  ✅ read=245 | منصور السالمي | ayat=29
  ✅ read=250 | محمد البخيت | ayat=29
  ✅ read=256 | أحمد خليل شاهين | ayat=29
  ✅ read=258 | عبدالرشيد صوفي | ayat=29
  ✅ read=259 | أحمد النفيس | ayat=29
  ✅ read=265 | أحمد ديبان | ayat=29
  ✅ read=268 | بيشه وا قادر الكردي | ayat=29
  ✅ read=273 | هيثم الدخين | ayat=29
  ✅ read=282 | عبدالعزيز التركي | ayat=29
  ✅ read=289 | أحمد عيسى المعصراوي | ayat=29
  ✅ read=294 | سيد أحمد هاشمي | ayat=29
  ✅ read=295 | خالد كريم محمدي | ayat=29
  ✅ read=299 | حسن صالح | ayat=29
  ✅ read=300 | صالح الشمراني | ayat=29
  ✅ read=303 | عيسى عمر سناكو | ayat=29
  ✅ read=314 | أنس العمادي | ayat=29
  ✅ read=340 | محمد برهجي | ayat=29
  ✅ read=10905 | حسن الدغريري | ayat=29
✅ تم إنشاء: timings_hafs_114/timing_081.json

📖 تحميل توقيتات السورة 082 ...
  ✅ read=1 | إبراهيم الأخضر | ayat=20
  ✅ read=3 | إبراهيم العسيري | ayat=19
  ✅ read=4 | شيخ أبو بكر الشاطري | ayat=19
  ✅ read=5 | أحمد بن علي العجمي | ayat=20
  ✅ read=6 | أحمد الحواشي | ayat=19
  ✅ read=8 | أحمد صابر | ayat=19
  ✅ read=9 | أحمد نعينع | ayat=20
  ✅ read=10 | أكرم العلاقمي | ayat=20
  ✅ read=12 | إدريس أبكر | ayat=19
  ✅ read=13 | الزين محمد أحمد | ayat=19
  ✅ read=17 | توفيق الصايغ | ayat=19
  ✅ read=20 | خالد الجليل | ayat=19
  ✅ read=21 | خالد القحطاني | ayat=19
  ✅ read=22 | خالد عبدالكافي | ayat=19
  ✅ read=24 | خليفة الطنيجي | ayat=19
  ✅ read=25 | داود حمزة | ayat=19
  ✅ read=30 | سعد الغامدي | ayat=19
  ✅ read=31 | سعود الشريم | ayat=20
  ✅ read=32 | سهل ياسين | ayat=20
  ✅ read=33 | زكي داغستاني | ayat=19
  ✅ read=38 | شيرزاد عبدالرحمن طاهر | ayat=19
  ✅ read=39 | صابر عبدالحكم | ayat=19
  ✅ read=40 | صالح الصاهود | ayat=19
  ✅ read=42 | صالح الهبدان | ayat=19
  ✅ read=43 | صلاح البدير | ayat=19
  ✅ read=44 | صلاح الهاشم | ayat=19
  ✅ read=46 | صلاح بو خاطر | ayat=19
  ✅ read=48 | عادل ريان | ayat=19
  ✅ read=49 | عبدالبارئ الثبيتي | ayat=19
  ✅ read=50 | عبدالبارئ محمد | ayat=19
  ✅ read=53 | عبدالباسط عبدالصمد | ayat=20
  ✅ read=54 | عبدالرحمن السديس | ayat=19
  ✅ read=55 | عبدالعزيز الأحمد | ayat=19
  ✅ read=56 | عبدالعزيز الزهراني | ayat=19
  ✅ read=58 | عبدالله البعيجان | ayat=19
  ✅ read=59 | عبدالله المطرود | ayat=19
  ✅ read=60 | عبدالله بصفر | ayat=20
  ✅ read=61 | عبدالله خياط | ayat=19
  ✅ read=62 | عبدالله عواد الجهني | ayat=20
  ✅ read=66 | عبدالمحسن الحارثي | ayat=19
  ✅ read=67 | عبدالمحسن القاسم | ayat=20
  ✅ read=69 | عبدالمحسن العبيكان | ayat=19
  ✅ read=70 | عبدالهادي أحمد كناكري | ayat=19
  ✅ read=71 | عبدالودود حنيف | ayat=19
  ✅ read=72 | عبدالولي الأركاني | ayat=19
  ✅ read=74 | علي بن عبدالرحمن الحذيفي | ayat=19
  ✅ read=76 | علي جابر | ayat=19
  ✅ read=77 | علي حجاج السويسي | ayat=20
  ✅ read=78 | عماد زهير حافظ | ayat=20
  ✅ read=81 | فارس عباد | ayat=19
  ✅ read=86 | ناصر القطامي | ayat=19
  ✅ read=87 | نبيل الرفاعي | ayat=19
  ✅ read=88 | نعمة الحسان | ayat=19
  ✅ read=89 | هاني الرفاعي | ayat=19
  ✅ read=92 | ياسر الدوسري | ayat=19
  ✅ read=106 | محمد الطبلاوي | ayat=20
  ✅ read=109 | محمد أيوب | ayat=19
  ✅ read=110 | محمد صالح عالم شاه | ayat=19
  ✅ read=112 | محمد صديق المنشاوي | ayat=20
  ✅ read=115 | محمد عبدالكريم | ayat=19
  ✅ read=118 | محمود خليل الحصري | ayat=20
  ✅ read=123 | مشاري العفاسي | ayat=19
  ✅ read=139 | ماجد الزامل | ayat=19
  ✅ read=159 | خالد المهنا | ayat=20
  ✅ read=181 | جمعان العصيمي | ayat=19
  ✅ read=193 | يوسف بن نوح أحمد | ayat=19
  ✅ read=198 | محمد رشاد الشريف | ayat=19
  ✅ read=201 | أحمد الطرابلسي | ayat=19
  ✅ read=203 | أحمد عامر | ayat=19
  ✅ read=217 | بندر بليله | ayat=19
  ✅ read=219 | وديع اليمني | ayat=19
  ✅ read=221 | رعد محمد الكردي | ayat=19
  ✅ read=225 | عبدالرحمن العوسي | ayat=19
  ✅ read=229 | محمد خليل القارئ | ayat=19
  ✅ read=232 | إبراهيم الدوسري | ayat=19
  ✅ read=236 | عبدالرحمن الماجد | ayat=19
  ✅ read=243 | عبدالله الموسى | ayat=19
  ✅ read=244 | عبدالله الخلف | ayat=19
  ✅ read=245 | منصور السالمي | ayat=19
  ✅ read=250 | محمد البخيت | ayat=19
  ✅ read=256 | أحمد خليل شاهين | ayat=19
  ✅ read=258 | عبدالرشيد صوفي | ayat=19
  ✅ read=259 | أحمد النفيس | ayat=19
  ✅ read=265 | أحمد ديبان | ayat=19
  ✅ read=268 | بيشه وا قادر الكردي | ayat=19
  ✅ read=273 | هيثم الدخين | ayat=19
  ✅ read=282 | عبدالعزيز التركي | ayat=19
  ✅ read=289 | أحمد عيسى المعصراوي | ayat=19
  ✅ read=294 | سيد أحمد هاشمي | ayat=19
  ✅ read=295 | خالد كريم محمدي | ayat=19
  ✅ read=299 | حسن صالح | ayat=19
  ✅ read=300 | صالح الشمراني | ayat=19
  ✅ read=303 | عيسى عمر سناكو | ayat=19
  ✅ read=314 | أنس العمادي | ayat=19
  ✅ read=340 | محمد برهجي | ayat=19
  ✅ read=10905 | حسن الدغريري | ayat=19
✅ تم إنشاء: timings_hafs_114/timing_082.json

📖 تحميل توقيتات السورة 083 ...
  ✅ read=1 | إبراهيم الأخضر | ayat=37
  ✅ read=3 | إبراهيم العسيري | ayat=36
  ✅ read=4 | شيخ أبو بكر الشاطري | ayat=36
  ✅ read=5 | أحمد بن علي العجمي | ayat=37
  ✅ read=6 | أحمد الحواشي | ayat=36
  ✅ read=8 | أحمد صابر | ayat=36
  ✅ read=9 | أحمد نعينع | ayat=37
  ✅ read=10 | أكرم العلاقمي | ayat=37
  ✅ read=12 | إدريس أبكر | ayat=36
  ✅ read=13 | الزين محمد أحمد | ayat=36
  ✅ read=17 | توفيق الصايغ | ayat=36
  ✅ read=20 | خالد الجليل | ayat=36
  ✅ read=21 | خالد القحطاني | ayat=36
  ✅ read=22 | خالد عبدالكافي | ayat=36
  ✅ read=24 | خليفة الطنيجي | ayat=36
  ✅ read=25 | داود حمزة | ayat=36
  ✅ read=30 | سعد الغامدي | ayat=36
  ✅ read=31 | سعود الشريم | ayat=37
  ✅ read=32 | سهل ياسين | ayat=37
  ✅ read=33 | زكي داغستاني | ayat=36
  ✅ read=38 | شيرزاد عبدالرحمن طاهر | ayat=36
  ✅ read=39 | صابر عبدالحكم | ayat=36
  ✅ read=40 | صالح الصاهود | ayat=36
  ✅ read=42 | صالح الهبدان | ayat=36
  ✅ read=43 | صلاح البدير | ayat=36
  ✅ read=44 | صلاح الهاشم | ayat=36
  ✅ read=46 | صلاح بو خاطر | ayat=36
  ✅ read=48 | عادل ريان | ayat=36
  ✅ read=49 | عبدالبارئ الثبيتي | ayat=36
  ✅ read=50 | عبدالبارئ محمد | ayat=36
  ✅ read=53 | عبدالباسط عبدالصمد | ayat=37
  ✅ read=54 | عبدالرحمن السديس | ayat=36
  ✅ read=55 | عبدالعزيز الأحمد | ayat=36
  ✅ read=56 | عبدالعزيز الزهراني | ayat=36
  ✅ read=58 | عبدالله البعيجان | ayat=36
  ✅ read=59 | عبدالله المطرود | ayat=36
  ✅ read=60 | عبدالله بصفر | ayat=37
  ✅ read=61 | عبدالله خياط | ayat=36
  ✅ read=62 | عبدالله عواد الجهني | ayat=37
  ✅ read=66 | عبدالمحسن الحارثي | ayat=36
  ✅ read=67 | عبدالمحسن القاسم | ayat=37
  ✅ read=69 | عبدالمحسن العبيكان | ayat=36
  ✅ read=70 | عبدالهادي أحمد كناكري | ayat=36
  ✅ read=71 | عبدالودود حنيف | ayat=36
  ✅ read=72 | عبدالولي الأركاني | ayat=36
  ✅ read=74 | علي بن عبدالرحمن الحذيفي | ayat=36
  ✅ read=76 | علي جابر | ayat=36
  ✅ read=77 | علي حجاج السويسي | ayat=37
  ✅ read=78 | عماد زهير حافظ | ayat=37
  ✅ read=81 | فارس عباد | ayat=36
  ✅ read=86 | ناصر القطامي | ayat=36
  ✅ read=87 | نبيل الرفاعي | ayat=36
  ✅ read=88 | نعمة الحسان | ayat=36
  ✅ read=89 | هاني الرفاعي | ayat=36
  ✅ read=92 | ياسر الدوسري | ayat=36
  ✅ read=106 | محمد الطبلاوي | ayat=37
  ✅ read=109 | محمد أيوب | ayat=36
  ✅ read=110 | محمد صالح عالم شاه | ayat=36
  ✅ read=112 | محمد صديق المنشاوي | ayat=37
  ✅ read=115 | محمد عبدالكريم | ayat=36
  ✅ read=118 | محمود خليل الحصري | ayat=37
  ✅ read=123 | مشاري العفاسي | ayat=36
  ✅ read=139 | ماجد الزامل | ayat=36
  ✅ read=159 | خالد المهنا | ayat=37
  ✅ read=181 | جمعان العصيمي | ayat=36
  ✅ read=193 | يوسف بن نوح أحمد | ayat=36
  ✅ read=198 | محمد رشاد الشريف | ayat=36
  ✅ read=201 | أحمد الطرابلسي | ayat=36
  ✅ read=203 | أحمد عامر | ayat=36
  ✅ read=217 | بندر بليله | ayat=36
  ✅ read=219 | وديع اليمني | ayat=36
  ✅ read=221 | رعد محمد الكردي | ayat=36
  ✅ read=225 | عبدالرحمن العوسي | ayat=36
  ✅ read=229 | محمد خليل القارئ | ayat=36
  ✅ read=232 | إبراهيم الدوسري | ayat=36
  ✅ read=236 | عبدالرحمن الماجد | ayat=36
  ✅ read=243 | عبدالله الموسى | ayat=36
  ✅ read=244 | عبدالله الخلف | ayat=36
  ✅ read=245 | منصور السالمي | ayat=36
  ✅ read=250 | محمد البخيت | ayat=36
  ✅ read=256 | أحمد خليل شاهين | ayat=36
  ✅ read=258 | عبدالرشيد صوفي | ayat=36
  ✅ read=259 | أحمد النفيس | ayat=36
  ✅ read=265 | أحمد ديبان | ayat=36
  ✅ read=268 | بيشه وا قادر الكردي | ayat=36
  ✅ read=273 | هيثم الدخين | ayat=36
  ✅ read=282 | عبدالعزيز التركي | ayat=36
  ✅ read=289 | أحمد عيسى المعصراوي | ayat=36
  ✅ read=294 | سيد أحمد هاشمي | ayat=36
  ✅ read=295 | خالد كريم محمدي | ayat=36
  ✅ read=299 | حسن صالح | ayat=36
  ✅ read=300 | صالح الشمراني | ayat=36
  ✅ read=303 | عيسى عمر سناكو | ayat=36
  ✅ read=314 | أنس العمادي | ayat=36
  ✅ read=340 | محمد برهجي | ayat=36
  ✅ read=10905 | حسن الدغريري | ayat=36
✅ تم إنشاء: timings_hafs_114/timing_083.json

📖 تحميل توقيتات السورة 084 ...
  ✅ read=1 | إبراهيم الأخضر | ayat=26
  ✅ read=3 | إبراهيم العسيري | ayat=25
  ✅ read=4 | شيخ أبو بكر الشاطري | ayat=25
  ✅ read=5 | أحمد بن علي العجمي | ayat=26
  ✅ read=6 | أحمد الحواشي | ayat=25
  ✅ read=8 | أحمد صابر | ayat=25
  ✅ read=9 | أحمد نعينع | ayat=26
  ✅ read=10 | أكرم العلاقمي | ayat=26
  ✅ read=12 | إدريس أبكر | ayat=25
  ✅ read=13 | الزين محمد أحمد | ayat=25
  ✅ read=17 | توفيق الصايغ | ayat=25
  ✅ read=20 | خالد الجليل | ayat=25
  ✅ read=21 | خالد القحطاني | ayat=25
  ✅ read=22 | خالد عبدالكافي | ayat=25
  ✅ read=24 | خليفة الطنيجي | ayat=25
  ✅ read=25 | داود حمزة | ayat=25
  ✅ read=30 | سعد الغامدي | ayat=25
  ✅ read=31 | سعود الشريم | ayat=26
  ✅ read=32 | سهل ياسين | ayat=26
  ✅ read=33 | زكي داغستاني | ayat=25
  ✅ read=38 | شيرزاد عبدالرحمن طاهر | ayat=25
  ✅ read=39 | صابر عبدالحكم | ayat=25
  ✅ read=40 | صالح الصاهود | ayat=25
  ✅ read=42 | صالح الهبدان | ayat=25
  ✅ read=43 | صلاح البدير | ayat=25
  ✅ read=44 | صلاح الهاشم | ayat=25
  ✅ read=46 | صلاح بو خاطر | ayat=25
  ✅ read=48 | عادل ريان | ayat=25
  ✅ read=49 | عبدالبارئ الثبيتي | ayat=25
  ✅ read=50 | عبدالبارئ محمد | ayat=25
  ✅ read=53 | عبدالباسط عبدالصمد | ayat=26
  ✅ read=54 | عبدالرحمن السديس | ayat=25
  ✅ read=55 | عبدالعزيز الأحمد | ayat=25
  ✅ read=56 | عبدالعزيز الزهراني | ayat=25
  ✅ read=58 | عبدالله البعيجان | ayat=25
  ✅ read=59 | عبدالله المطرود | ayat=25
  ✅ read=60 | عبدالله بصفر | ayat=26
  ✅ read=61 | عبدالله خياط | ayat=25
  ✅ read=62 | عبدالله عواد الجهني | ayat=26
  ✅ read=66 | عبدالمحسن الحارثي | ayat=25
  ✅ read=67 | عبدالمحسن القاسم | ayat=26
  ✅ read=69 | عبدالمحسن العبيكان | ayat=25
  ✅ read=70 | عبدالهادي أحمد كناكري | ayat=25
  ✅ read=71 | عبدالودود حنيف | ayat=25
  ✅ read=72 | عبدالولي الأركاني | ayat=25
  ✅ read=74 | علي بن عبدالرحمن الحذيفي | ayat=25
  ✅ read=76 | علي جابر | ayat=25
  ✅ read=77 | علي حجاج السويسي | ayat=26
  ✅ read=78 | عماد زهير حافظ | ayat=26
  ✅ read=81 | فارس عباد | ayat=25
  ✅ read=86 | ناصر القطامي | ayat=25
  ✅ read=87 | نبيل الرفاعي | ayat=25
  ✅ read=88 | نعمة الحسان | ayat=25
  ✅ read=89 | هاني الرفاعي | ayat=25
  ✅ read=92 | ياسر الدوسري | ayat=25
  ✅ read=106 | محمد الطبلاوي | ayat=26
  ✅ read=109 | محمد أيوب | ayat=25
  ✅ read=110 | محمد صالح عالم شاه | ayat=25
  ✅ read=112 | محمد صديق المنشاوي | ayat=26
  ✅ read=115 | محمد عبدالكريم | ayat=25
  ✅ read=118 | محمود خليل الحصري | ayat=26
  ✅ read=123 | مشاري العفاسي | ayat=25
  ✅ read=139 | ماجد الزامل | ayat=25
  ✅ read=159 | خالد المهنا | ayat=26
  ✅ read=181 | جمعان العصيمي | ayat=25
  ✅ read=193 | يوسف بن نوح أحمد | ayat=25
  ✅ read=198 | محمد رشاد الشريف | ayat=25
  ✅ read=201 | أحمد الطرابلسي | ayat=25
  ✅ read=203 | أحمد عامر | ayat=25
  ✅ read=217 | بندر بليله | ayat=25
  ✅ read=219 | وديع اليمني | ayat=25
  ✅ read=221 | رعد محمد الكردي | ayat=25
  ✅ read=225 | عبدالرحمن العوسي | ayat=25
  ✅ read=229 | محمد خليل القارئ | ayat=25
  ✅ read=232 | إبراهيم الدوسري | ayat=25
  ✅ read=236 | عبدالرحمن الماجد | ayat=25
  ✅ read=243 | عبدالله الموسى | ayat=25
  ✅ read=244 | عبدالله الخلف | ayat=25
  ✅ read=245 | منصور السالمي | ayat=25
  ✅ read=250 | محمد البخيت | ayat=25
  ✅ read=256 | أحمد خليل شاهين | ayat=25
  ✅ read=258 | عبدالرشيد صوفي | ayat=25
  ✅ read=259 | أحمد النفيس | ayat=25
  ✅ read=265 | أحمد ديبان | ayat=25
  ✅ read=268 | بيشه وا قادر الكردي | ayat=25
  ✅ read=273 | هيثم الدخين | ayat=25
  ✅ read=282 | عبدالعزيز التركي | ayat=25
  ✅ read=289 | أحمد عيسى المعصراوي | ayat=25
  ✅ read=294 | سيد أحمد هاشمي | ayat=25
  ✅ read=295 | خالد كريم محمدي | ayat=25
  ✅ read=299 | حسن صالح | ayat=25
  ✅ read=300 | صالح الشمراني | ayat=25
  ✅ read=303 | عيسى عمر سناكو | ayat=25
  ✅ read=314 | أنس العمادي | ayat=25
  ✅ read=340 | محمد برهجي | ayat=25
  ✅ read=10905 | حسن الدغريري | ayat=25
✅ تم إنشاء: timings_hafs_114/timing_084.json

📖 تحميل توقيتات السورة 085 ...
  ✅ read=1 | إبراهيم الأخضر | ayat=23
  ✅ read=3 | إبراهيم العسيري | ayat=22
  ✅ read=4 | شيخ أبو بكر الشاطري | ayat=22
  ✅ read=5 | أحمد بن علي العجمي | ayat=23
  ✅ read=6 | أحمد الحواشي | ayat=22
  ✅ read=8 | أحمد صابر | ayat=22
  ✅ read=9 | أحمد نعينع | ayat=23
  ✅ read=10 | أكرم العلاقمي | ayat=23
  ✅ read=12 | إدريس أبكر | ayat=22
  ✅ read=13 | الزين محمد أحمد | ayat=22
  ✅ read=17 | توفيق الصايغ | ayat=22
  ✅ read=20 | خالد الجليل | ayat=22
  ✅ read=21 | خالد القحطاني | ayat=22
  ✅ read=22 | خالد عبدالكافي | ayat=22
  ✅ read=24 | خليفة الطنيجي | ayat=22
  ✅ read=25 | داود حمزة | ayat=22
  ✅ read=30 | سعد الغامدي | ayat=22
  ✅ read=31 | سعود الشريم | ayat=23
  ✅ read=32 | سهل ياسين | ayat=23
  ✅ read=33 | زكي داغستاني | ayat=22
  ✅ read=38 | شيرزاد عبدالرحمن طاهر | ayat=22
  ✅ read=39 | صابر عبدالحكم | ayat=22
  ✅ read=40 | صالح الصاهود | ayat=22
  ✅ read=42 | صالح الهبدان | ayat=22
  ✅ read=43 | صلاح البدير | ayat=22
  ✅ read=44 | صلاح الهاشم | ayat=22
  ✅ read=46 | صلاح بو خاطر | ayat=22
  ✅ read=48 | عادل ريان | ayat=22
  ✅ read=49 | عبدالبارئ الثبيتي | ayat=22
  ✅ read=50 | عبدالبارئ محمد | ayat=22
  ✅ read=53 | عبدالباسط عبدالصمد | ayat=23
  ✅ read=54 | عبدالرحمن السديس | ayat=22
  ✅ read=55 | عبدالعزيز الأحمد | ayat=22
  ✅ read=56 | عبدالعزيز الزهراني | ayat=22
  ✅ read=58 | عبدالله البعيجان | ayat=22
  ✅ read=59 | عبدالله المطرود | ayat=22
  ✅ read=60 | عبدالله بصفر | ayat=23
  ✅ read=61 | عبدالله خياط | ayat=22
  ✅ read=62 | عبدالله عواد الجهني | ayat=23
  ✅ read=66 | عبدالمحسن الحارثي | ayat=22
  ✅ read=67 | عبدالمحسن القاسم | ayat=23
  ✅ read=69 | عبدالمحسن العبيكان | ayat=22
  ✅ read=70 | عبدالهادي أحمد كناكري | ayat=22
  ✅ read=71 | عبدالودود حنيف | ayat=22
  ✅ read=72 | عبدالولي الأركاني | ayat=22
  ✅ read=74 | علي بن عبدالرحمن الحذيفي | ayat=22
  ✅ read=76 | علي جابر | ayat=22
  ✅ read=77 | علي حجاج السويسي | ayat=23
  ✅ read=78 | عماد زهير حافظ | ayat=23
  ✅ read=81 | فارس عباد | ayat=22
  ✅ read=86 | ناصر القطامي | ayat=22
  ✅ read=87 | نبيل الرفاعي | ayat=22
  ✅ read=88 | نعمة الحسان | ayat=22
  ✅ read=89 | هاني الرفاعي | ayat=22
  ✅ read=92 | ياسر الدوسري | ayat=22
  ✅ read=106 | محمد الطبلاوي | ayat=23
  ✅ read=109 | محمد أيوب | ayat=22
  ✅ read=110 | محمد صالح عالم شاه | ayat=22
  ✅ read=112 | محمد صديق المنشاوي | ayat=23
  ✅ read=115 | محمد عبدالكريم | ayat=22
  ✅ read=118 | محمود خليل الحصري | ayat=23
  ✅ read=123 | مشاري العفاسي | ayat=22
  ✅ read=139 | ماجد الزامل | ayat=22
  ✅ read=159 | خالد المهنا | ayat=23
  ✅ read=181 | جمعان العصيمي | ayat=22
  ✅ read=193 | يوسف بن نوح أحمد | ayat=22
  ✅ read=198 | محمد رشاد الشريف | ayat=22
  ✅ read=201 | أحمد الطرابلسي | ayat=22
  ✅ read=203 | أحمد عامر | ayat=22
  ✅ read=217 | بندر بليله | ayat=22
  ✅ read=219 | وديع اليمني | ayat=22
  ✅ read=221 | رعد محمد الكردي | ayat=22
  ✅ read=225 | عبدالرحمن العوسي | ayat=22
  ✅ read=229 | محمد خليل القارئ | ayat=22
  ✅ read=232 | إبراهيم الدوسري | ayat=22
  ✅ read=236 | عبدالرحمن الماجد | ayat=22
  ✅ read=243 | عبدالله الموسى | ayat=22
  ✅ read=244 | عبدالله الخلف | ayat=22
  ✅ read=245 | منصور السالمي | ayat=22
  ✅ read=250 | محمد البخيت | ayat=22
  ✅ read=256 | أحمد خليل شاهين | ayat=22
  ✅ read=258 | عبدالرشيد صوفي | ayat=22
  ✅ read=259 | أحمد النفيس | ayat=22
  ✅ read=265 | أحمد ديبان | ayat=22
  ✅ read=268 | بيشه وا قادر الكردي | ayat=22
  ✅ read=273 | هيثم الدخين | ayat=22
  ✅ read=282 | عبدالعزيز التركي | ayat=22
  ✅ read=289 | أحمد عيسى المعصراوي | ayat=22
  ✅ read=294 | سيد أحمد هاشمي | ayat=22
  ✅ read=295 | خالد كريم محمدي | ayat=22
  ✅ read=299 | حسن صالح | ayat=22
  ✅ read=300 | صالح الشمراني | ayat=22
  ✅ read=303 | عيسى عمر سناكو | ayat=22
  ✅ read=314 | أنس العمادي | ayat=22
  ✅ read=340 | محمد برهجي | ayat=22
  ✅ read=10905 | حسن الدغريري | ayat=22
✅ تم إنشاء: timings_hafs_114/timing_085.json

📖 تحميل توقيتات السورة 086 ...
  ✅ read=1 | إبراهيم الأخضر | ayat=18
  ✅ read=3 | إبراهيم العسيري | ayat=17
  ✅ read=4 | شيخ أبو بكر الشاطري | ayat=17
  ✅ read=5 | أحمد بن علي العجمي | ayat=18
  ✅ read=6 | أحمد الحواشي | ayat=17
  ✅ read=8 | أحمد صابر | ayat=17
  ✅ read=9 | أحمد نعينع | ayat=18
  ✅ read=10 | أكرم العلاقمي | ayat=18
  ✅ read=12 | إدريس أبكر | ayat=17
  ✅ read=13 | الزين محمد أحمد | ayat=17
  ✅ read=17 | توفيق الصايغ | ayat=17
  ✅ read=20 | خالد الجليل | ayat=17
  ✅ read=21 | خالد القحطاني | ayat=17
  ✅ read=22 | خالد عبدالكافي | ayat=17
  ✅ read=24 | خليفة الطنيجي | ayat=17
  ✅ read=25 | داود حمزة | ayat=17
  ✅ read=30 | سعد الغامدي | ayat=17
  ✅ read=31 | سعود الشريم | ayat=18
  ✅ read=32 | سهل ياسين | ayat=18
  ✅ read=33 | زكي داغستاني | ayat=17
  ✅ read=38 | شيرزاد عبدالرحمن طاهر | ayat=17
  ✅ read=39 | صابر عبدالحكم | ayat=17
  ✅ read=40 | صالح الصاهود | ayat=17
  ✅ read=42 | صالح الهبدان | ayat=17
  ✅ read=43 | صلاح البدير | ayat=17
  ✅ read=44 | صلاح الهاشم | ayat=17
  ✅ read=46 | صلاح بو خاطر | ayat=17
  ✅ read=48 | عادل ريان | ayat=17
  ✅ read=49 | عبدالبارئ الثبيتي | ayat=17
  ✅ read=50 | عبدالبارئ محمد | ayat=17
  ✅ read=53 | عبدالباسط عبدالصمد | ayat=18
  ✅ read=54 | عبدالرحمن السديس | ayat=17
  ✅ read=55 | عبدالعزيز الأحمد | ayat=17
  ✅ read=56 | عبدالعزيز الزهراني | ayat=17
  ✅ read=58 | عبدالله البعيجان | ayat=17
  ✅ read=59 | عبدالله المطرود | ayat=17
  ✅ read=60 | عبدالله بصفر | ayat=18
  ✅ read=61 | عبدالله خياط | ayat=17
  ✅ read=62 | عبدالله عواد الجهني | ayat=18
  ✅ read=66 | عبدالمحسن الحارثي | ayat=17
  ✅ read=67 | عبدالمحسن القاسم | ayat=18
  ✅ read=69 | عبدالمحسن العبيكان | ayat=17
  ✅ read=70 | عبدالهادي أحمد كناكري | ayat=17
  ✅ read=71 | عبدالودود حنيف | ayat=17
  ✅ read=72 | عبدالولي الأركاني | ayat=17
  ✅ read=74 | علي بن عبدالرحمن الحذيفي | ayat=17
  ✅ read=76 | علي جابر | ayat=17
  ✅ read=77 | علي حجاج السويسي | ayat=18
  ✅ read=78 | عماد زهير حافظ | ayat=18
  ✅ read=81 | فارس عباد | ayat=17
  ✅ read=86 | ناصر القطامي | ayat=17
  ✅ read=87 | نبيل الرفاعي | ayat=17
  ✅ read=88 | نعمة الحسان | ayat=17
  ✅ read=89 | هاني الرفاعي | ayat=17
  ✅ read=92 | ياسر الدوسري | ayat=17
  ✅ read=106 | محمد الطبلاوي | ayat=18
  ✅ read=109 | محمد أيوب | ayat=17
  ✅ read=110 | محمد صالح عالم شاه | ayat=17
  ✅ read=112 | محمد صديق المنشاوي | ayat=18
  ✅ read=115 | محمد عبدالكريم | ayat=17
  ✅ read=118 | محمود خليل الحصري | ayat=18
  ✅ read=123 | مشاري العفاسي | ayat=17
  ✅ read=139 | ماجد الزامل | ayat=17
  ✅ read=159 | خالد المهنا | ayat=18
  ✅ read=181 | جمعان العصيمي | ayat=17
  ✅ read=193 | يوسف بن نوح أحمد | ayat=17
  ✅ read=198 | محمد رشاد الشريف | ayat=17
  ✅ read=201 | أحمد الطرابلسي | ayat=17
  ✅ read=203 | أحمد عامر | ayat=17
  ✅ read=217 | بندر بليله | ayat=17
  ✅ read=219 | وديع اليمني | ayat=17
  ✅ read=221 | رعد محمد الكردي | ayat=17
  ✅ read=225 | عبدالرحمن العوسي | ayat=17
  ✅ read=229 | محمد خليل القارئ | ayat=17
  ✅ read=232 | إبراهيم الدوسري | ayat=17
  ✅ read=236 | عبدالرحمن الماجد | ayat=17
  ✅ read=243 | عبدالله الموسى | ayat=17
  ✅ read=244 | عبدالله الخلف | ayat=17
  ✅ read=245 | منصور السالمي | ayat=17
  ✅ read=250 | محمد البخيت | ayat=17
  ✅ read=256 | أحمد خليل شاهين | ayat=17
  ✅ read=258 | عبدالرشيد صوفي | ayat=17
  ✅ read=259 | أحمد النفيس | ayat=17
  ✅ read=265 | أحمد ديبان | ayat=17
  ✅ read=268 | بيشه وا قادر الكردي | ayat=17
  ✅ read=273 | هيثم الدخين | ayat=17
  ✅ read=282 | عبدالعزيز التركي | ayat=17
  ✅ read=289 | أحمد عيسى المعصراوي | ayat=17
  ✅ read=294 | سيد أحمد هاشمي | ayat=17
  ✅ read=295 | خالد كريم محمدي | ayat=17
  ✅ read=299 | حسن صالح | ayat=17
  ✅ read=300 | صالح الشمراني | ayat=17
  ✅ read=303 | عيسى عمر سناكو | ayat=17
  ✅ read=314 | أنس العمادي | ayat=17
  ✅ read=340 | محمد برهجي | ayat=17
  ✅ read=10905 | حسن الدغريري | ayat=17
✅ تم إنشاء: timings_hafs_114/timing_086.json

📖 تحميل توقيتات السورة 087 ...
  ✅ read=1 | إبراهيم الأخضر | ayat=20
  ✅ read=3 | إبراهيم العسيري | ayat=19
  ✅ read=4 | شيخ أبو بكر الشاطري | ayat=19
  ✅ read=5 | أحمد بن علي العجمي | ayat=20
  ✅ read=6 | أحمد الحواشي | ayat=19
  ✅ read=8 | أحمد صابر | ayat=19
  ✅ read=9 | أحمد نعينع | ayat=20
  ✅ read=10 | أكرم العلاقمي | ayat=20
  ✅ read=12 | إدريس أبكر | ayat=19
  ✅ read=13 | الزين محمد أحمد | ayat=19
  ✅ read=17 | توفيق الصايغ | ayat=19
  ✅ read=20 | خالد الجليل | ayat=19
  ✅ read=21 | خالد القحطاني | ayat=19
  ✅ read=22 | خالد عبدالكافي | ayat=19
  ✅ read=24 | خليفة الطنيجي | ayat=19
  ✅ read=25 | داود حمزة | ayat=19
  ✅ read=30 | سعد الغامدي | ayat=19
  ✅ read=31 | سعود الشريم | ayat=20
  ✅ read=32 | سهل ياسين | ayat=20
  ✅ read=33 | زكي داغستاني | ayat=19
  ✅ read=38 | شيرزاد عبدالرحمن طاهر | ayat=19
  ✅ read=39 | صابر عبدالحكم | ayat=19
  ✅ read=40 | صالح الصاهود | ayat=19
  ✅ read=42 | صالح الهبدان | ayat=19
  ✅ read=43 | صلاح البدير | ayat=19
  ✅ read=44 | صلاح الهاشم | ayat=19
  ✅ read=46 | صلاح بو خاطر | ayat=19
  ✅ read=48 | عادل ريان | ayat=19
  ✅ read=49 | عبدالبارئ الثبيتي | ayat=19
  ✅ read=50 | عبدالبارئ محمد | ayat=19
  ✅ read=53 | عبدالباسط عبدالصمد | ayat=20
  ✅ read=54 | عبدالرحمن السديس | ayat=19
  ✅ read=55 | عبدالعزيز الأحمد | ayat=19
  ✅ read=56 | عبدالعزيز الزهراني | ayat=19
  ✅ read=58 | عبدالله البعيجان | ayat=19
  ✅ read=59 | عبدالله المطرود | ayat=19
  ✅ read=60 | عبدالله بصفر | ayat=20
  ✅ read=61 | عبدالله خياط | ayat=19
  ✅ read=62 | عبدالله عواد الجهني | ayat=20
  ✅ read=66 | عبدالمحسن الحارثي | ayat=19
  ✅ read=67 | عبدالمحسن القاسم | ayat=20
  ✅ read=69 | عبدالمحسن العبيكان | ayat=19
  ✅ read=70 | عبدالهادي أحمد كناكري | ayat=19
  ✅ read=71 | عبدالودود حنيف | ayat=19
  ✅ read=72 | عبدالولي الأركاني | ayat=19
  ✅ read=74 | علي بن عبدالرحمن الحذيفي | ayat=19
  ✅ read=76 | علي جابر | ayat=19
  ✅ read=77 | علي حجاج السويسي | ayat=20
  ✅ read=78 | عماد زهير حافظ | ayat=20
  ✅ read=81 | فارس عباد | ayat=19
  ✅ read=86 | ناصر القطامي | ayat=19
  ✅ read=87 | نبيل الرفاعي | ayat=19
  ✅ read=88 | نعمة الحسان | ayat=19
  ✅ read=89 | هاني الرفاعي | ayat=19
  ✅ read=92 | ياسر الدوسري | ayat=19
  ✅ read=106 | محمد الطبلاوي | ayat=20
  ✅ read=109 | محمد أيوب | ayat=19
  ✅ read=110 | محمد صالح عالم شاه | ayat=19
  ✅ read=112 | محمد صديق المنشاوي | ayat=20
  ✅ read=115 | محمد عبدالكريم | ayat=19
  ✅ read=118 | محمود خليل الحصري | ayat=20
  ✅ read=123 | مشاري العفاسي | ayat=19
  ✅ read=139 | ماجد الزامل | ayat=19
  ✅ read=159 | خالد المهنا | ayat=20
  ✅ read=181 | جمعان العصيمي | ayat=19
  ✅ read=193 | يوسف بن نوح أحمد | ayat=19
  ✅ read=198 | محمد رشاد الشريف | ayat=19
  ✅ read=201 | أحمد الطرابلسي | ayat=19
  ✅ read=203 | أحمد عامر | ayat=19
  ✅ read=217 | بندر بليله | ayat=19
  ✅ read=219 | وديع اليمني | ayat=19
  ✅ read=221 | رعد محمد الكردي | ayat=19
  ✅ read=225 | عبدالرحمن العوسي | ayat=19
  ✅ read=229 | محمد خليل القارئ | ayat=19
  ✅ read=232 | إبراهيم الدوسري | ayat=19
  ✅ read=236 | عبدالرحمن الماجد | ayat=19
  ✅ read=243 | عبدالله الموسى | ayat=19
  ✅ read=244 | عبدالله الخلف | ayat=19
  ✅ read=245 | منصور السالمي | ayat=19
  ✅ read=250 | محمد البخيت | ayat=19
  ✅ read=256 | أحمد خليل شاهين | ayat=19
  ✅ read=258 | عبدالرشيد صوفي | ayat=19
  ✅ read=259 | أحمد النفيس | ayat=19
  ✅ read=265 | أحمد ديبان | ayat=19
  ✅ read=268 | بيشه وا قادر الكردي | ayat=19
  ✅ read=273 | هيثم الدخين | ayat=19
  ✅ read=282 | عبدالعزيز التركي | ayat=19
  ✅ read=289 | أحمد عيسى المعصراوي | ayat=19
  ✅ read=294 | سيد أحمد هاشمي | ayat=19
  ✅ read=295 | خالد كريم محمدي | ayat=19
  ✅ read=299 | حسن صالح | ayat=19
  ✅ read=300 | صالح الشمراني | ayat=19
  ✅ read=303 | عيسى عمر سناكو | ayat=19
  ✅ read=314 | أنس العمادي | ayat=19
  ✅ read=340 | محمد برهجي | ayat=19
  ✅ read=10905 | حسن الدغريري | ayat=19
✅ تم إنشاء: timings_hafs_114/timing_087.json

📖 تحميل توقيتات السورة 088 ...
  ✅ read=1 | إبراهيم الأخضر | ayat=27
  ✅ read=3 | إبراهيم العسيري | ayat=26
  ✅ read=4 | شيخ أبو بكر الشاطري | ayat=26
  ✅ read=5 | أحمد بن علي العجمي | ayat=27
  ✅ read=6 | أحمد الحواشي | ayat=26
  ✅ read=8 | أحمد صابر | ayat=26
  ✅ read=9 | أحمد نعينع | ayat=27
  ✅ read=10 | أكرم العلاقمي | ayat=27
  ✅ read=12 | إدريس أبكر | ayat=26
  ✅ read=13 | الزين محمد أحمد | ayat=26
  ✅ read=17 | توفيق الصايغ | ayat=26
  ✅ read=20 | خالد الجليل | ayat=26
  ✅ read=21 | خالد القحطاني | ayat=26
  ✅ read=22 | خالد عبدالكافي | ayat=26
  ✅ read=24 | خليفة الطنيجي | ayat=26
  ✅ read=25 | داود حمزة | ayat=26
  ✅ read=30 | سعد الغامدي | ayat=26
  ✅ read=31 | سعود الشريم | ayat=27
  ✅ read=32 | سهل ياسين | ayat=27
  ✅ read=33 | زكي داغستاني | ayat=26
  ✅ read=38 | شيرزاد عبدالرحمن طاهر | ayat=26
  ✅ read=39 | صابر عبدالحكم | ayat=26
  ✅ read=40 | صالح الصاهود | ayat=26
  ✅ read=42 | صالح الهبدان | ayat=26
  ✅ read=43 | صلاح البدير | ayat=26
  ✅ read=44 | صلاح الهاشم | ayat=26
  ✅ read=46 | صلاح بو خاطر | ayat=26
  ✅ read=48 | عادل ريان | ayat=26
  ✅ read=49 | عبدالبارئ الثبيتي | ayat=26
  ✅ read=50 | عبدالبارئ محمد | ayat=26
  ✅ read=53 | عبدالباسط عبدالصمد | ayat=27
  ✅ read=54 | عبدالرحمن السديس | ayat=26
  ✅ read=55 | عبدالعزيز الأحمد | ayat=26
  ✅ read=56 | عبدالعزيز الزهراني | ayat=26
  ✅ read=58 | عبدالله البعيجان | ayat=26
  ✅ read=59 | عبدالله المطرود | ayat=26
  ✅ read=60 | عبدالله بصفر | ayat=27
  ✅ read=61 | عبدالله خياط | ayat=26
  ✅ read=62 | عبدالله عواد الجهني | ayat=27
  ✅ read=66 | عبدالمحسن الحارثي | ayat=26
  ✅ read=67 | عبدالمحسن القاسم | ayat=27
  ✅ read=69 | عبدالمحسن العبيكان | ayat=26
  ✅ read=70 | عبدالهادي أحمد كناكري | ayat=26
  ✅ read=71 | عبدالودود حنيف | ayat=26
  ✅ read=72 | عبدالولي الأركاني | ayat=26
  ✅ read=74 | علي بن عبدالرحمن الحذيفي | ayat=26
  ✅ read=76 | علي جابر | ayat=26
  ✅ read=77 | علي حجاج السويسي | ayat=27
  ✅ read=78 | عماد زهير حافظ | ayat=27
  ✅ read=81 | فارس عباد | ayat=26
  ✅ read=86 | ناصر القطامي | ayat=26
  ✅ read=87 | نبيل الرفاعي | ayat=26
  ✅ read=88 | نعمة الحسان | ayat=26
  ✅ read=89 | هاني الرفاعي | ayat=26
  ✅ read=92 | ياسر الدوسري | ayat=26
  ✅ read=106 | محمد الطبلاوي | ayat=27
  ✅ read=109 | محمد أيوب | ayat=26
  ✅ read=110 | محمد صالح عالم شاه | ayat=26
  ✅ read=112 | محمد صديق المنشاوي | ayat=27
  ✅ read=115 | محمد عبدالكريم | ayat=26
  ✅ read=118 | محمود خليل الحصري | ayat=27
  ✅ read=123 | مشاري العفاسي | ayat=26
  ✅ read=139 | ماجد الزامل | ayat=26
  ✅ read=159 | خالد المهنا | ayat=27
  ✅ read=181 | جمعان العصيمي | ayat=26
  ✅ read=193 | يوسف بن نوح أحمد | ayat=26
  ✅ read=198 | محمد رشاد الشريف | ayat=26
  ✅ read=201 | أحمد الطرابلسي | ayat=26
  ✅ read=203 | أحمد عامر | ayat=26
  ✅ read=217 | بندر بليله | ayat=26
  ✅ read=219 | وديع اليمني | ayat=26
  ✅ read=221 | رعد محمد الكردي | ayat=26
  ✅ read=225 | عبدالرحمن العوسي | ayat=26
  ✅ read=229 | محمد خليل القارئ | ayat=26
  ✅ read=232 | إبراهيم الدوسري | ayat=26
  ✅ read=236 | عبدالرحمن الماجد | ayat=26
  ✅ read=243 | عبدالله الموسى | ayat=26
  ✅ read=244 | عبدالله الخلف | ayat=26
  ✅ read=245 | منصور السالمي | ayat=26
  ✅ read=250 | محمد البخيت | ayat=26
  ✅ read=256 | أحمد خليل شاهين | ayat=26
  ✅ read=258 | عبدالرشيد صوفي | ayat=26
  ✅ read=259 | أحمد النفيس | ayat=26
  ✅ read=265 | أحمد ديبان | ayat=26
  ✅ read=268 | بيشه وا قادر الكردي | ayat=26
  ✅ read=273 | هيثم الدخين | ayat=26
  ✅ read=282 | عبدالعزيز التركي | ayat=26
  ✅ read=289 | أحمد عيسى المعصراوي | ayat=26
  ✅ read=294 | سيد أحمد هاشمي | ayat=26
  ✅ read=295 | خالد كريم محمدي | ayat=26
  ✅ read=299 | حسن صالح | ayat=26
  ✅ read=300 | صالح الشمراني | ayat=26
  ✅ read=303 | عيسى عمر سناكو | ayat=26
  ✅ read=314 | أنس العمادي | ayat=26
  ✅ read=340 | محمد برهجي | ayat=26
  ✅ read=10905 | حسن الدغريري | ayat=26
✅ تم إنشاء: timings_hafs_114/timing_088.json

📖 تحميل توقيتات السورة 089 ...
  ✅ read=1 | إبراهيم الأخضر | ayat=31
  ✅ read=3 | إبراهيم العسيري | ayat=30
  ✅ read=4 | شيخ أبو بكر الشاطري | ayat=30
  ✅ read=5 | أحمد بن علي العجمي | ayat=31
  ✅ read=6 | أحمد الحواشي | ayat=30
  ✅ read=8 | أحمد صابر | ayat=30
  ✅ read=9 | أحمد نعينع | ayat=31
  ✅ read=10 | أكرم العلاقمي | ayat=31
  ✅ read=12 | إدريس أبكر | ayat=30
  ✅ read=13 | الزين محمد أحمد | ayat=30
  ✅ read=17 | توفيق الصايغ | ayat=30
  ✅ read=20 | خالد الجليل | ayat=30
  ✅ read=21 | خالد القحطاني | ayat=30
  ✅ read=22 | خالد عبدالكافي | ayat=30
  ✅ read=24 | خليفة الطنيجي | ayat=30
  ✅ read=25 | داود حمزة | ayat=30
  ✅ read=30 | سعد الغامدي | ayat=30
  ✅ read=31 | سعود الشريم | ayat=31
  ✅ read=32 | سهل ياسين | ayat=31
  ✅ read=33 | زكي داغستاني | ayat=30
  ✅ read=38 | شيرزاد عبدالرحمن طاهر | ayat=30
  ✅ read=39 | صابر عبدالحكم | ayat=30
  ✅ read=40 | صالح الصاهود | ayat=30
  ✅ read=42 | صالح الهبدان | ayat=30
  ✅ read=43 | صلاح البدير | ayat=30
  ✅ read=44 | صلاح الهاشم | ayat=30
  ✅ read=46 | صلاح بو خاطر | ayat=30
  ✅ read=48 | عادل ريان | ayat=30
  ✅ read=49 | عبدالبارئ الثبيتي | ayat=30
  ✅ read=50 | عبدالبارئ محمد | ayat=30
  ✅ read=53 | عبدالباسط عبدالصمد | ayat=31
  ✅ read=54 | عبدالرحمن السديس | ayat=30
  ✅ read=55 | عبدالعزيز الأحمد | ayat=30
  ✅ read=56 | عبدالعزيز الزهراني | ayat=30
  ✅ read=58 | عبدالله البعيجان | ayat=30
  ✅ read=59 | عبدالله المطرود | ayat=30
  ✅ read=60 | عبدالله بصفر | ayat=31
  ✅ read=61 | عبدالله خياط | ayat=30
  ✅ read=62 | عبدالله عواد الجهني | ayat=31
  ✅ read=66 | عبدالمحسن الحارثي | ayat=30
  ✅ read=67 | عبدالمحسن القاسم | ayat=31
  ✅ read=69 | عبدالمحسن العبيكان | ayat=30
  ✅ read=70 | عبدالهادي أحمد كناكري | ayat=30
  ✅ read=71 | عبدالودود حنيف | ayat=30
  ✅ read=72 | عبدالولي الأركاني | ayat=30
  ✅ read=74 | علي بن عبدالرحمن الحذيفي | ayat=30
  ✅ read=76 | علي جابر | ayat=30
  ✅ read=77 | علي حجاج السويسي | ayat=31
  ✅ read=78 | عماد زهير حافظ | ayat=31
  ✅ read=81 | فارس عباد | ayat=30
  ✅ read=86 | ناصر القطامي | ayat=30
  ✅ read=87 | نبيل الرفاعي | ayat=30
  ✅ read=88 | نعمة الحسان | ayat=30
  ✅ read=89 | هاني الرفاعي | ayat=30
  ✅ read=92 | ياسر الدوسري | ayat=30
  ✅ read=106 | محمد الطبلاوي | ayat=31
  ✅ read=109 | محمد أيوب | ayat=30
  ✅ read=110 | محمد صالح عالم شاه | ayat=30
  ✅ read=112 | محمد صديق المنشاوي | ayat=31
  ✅ read=115 | محمد عبدالكريم | ayat=30
  ✅ read=118 | محمود خليل الحصري | ayat=31
  ✅ read=123 | مشاري العفاسي | ayat=30
  ✅ read=139 | ماجد الزامل | ayat=30
  ✅ read=159 | خالد المهنا | ayat=31
  ✅ read=181 | جمعان العصيمي | ayat=30
  ✅ read=193 | يوسف بن نوح أحمد | ayat=30
  ✅ read=198 | محمد رشاد الشريف | ayat=30
  ✅ read=201 | أحمد الطرابلسي | ayat=30
  ✅ read=203 | أحمد عامر | ayat=30
  ✅ read=217 | بندر بليله | ayat=30
  ✅ read=219 | وديع اليمني | ayat=30
  ✅ read=221 | رعد محمد الكردي | ayat=30
  ✅ read=225 | عبدالرحمن العوسي | ayat=30
  ✅ read=229 | محمد خليل القارئ | ayat=30
  ✅ read=232 | إبراهيم الدوسري | ayat=30
  ✅ read=236 | عبدالرحمن الماجد | ayat=30
  ✅ read=243 | عبدالله الموسى | ayat=30
  ✅ read=244 | عبدالله الخلف | ayat=30
  ✅ read=245 | منصور السالمي | ayat=30
  ✅ read=250 | محمد البخيت | ayat=30
  ✅ read=256 | أحمد خليل شاهين | ayat=30
  ✅ read=258 | عبدالرشيد صوفي | ayat=30
  ✅ read=259 | أحمد النفيس | ayat=30
  ✅ read=265 | أحمد ديبان | ayat=30
  ✅ read=268 | بيشه وا قادر الكردي | ayat=30
  ✅ read=273 | هيثم الدخين | ayat=30
  ✅ read=282 | عبدالعزيز التركي | ayat=30
  ✅ read=289 | أحمد عيسى المعصراوي | ayat=30
  ✅ read=294 | سيد أحمد هاشمي | ayat=30
  ✅ read=295 | خالد كريم محمدي | ayat=30
  ✅ read=299 | حسن صالح | ayat=30
  ✅ read=300 | صالح الشمراني | ayat=30
  ✅ read=303 | عيسى عمر سناكو | ayat=30
  ✅ read=314 | أنس العمادي | ayat=30
  ✅ read=340 | محمد برهجي | ayat=30
  ✅ read=10905 | حسن الدغريري | ayat=30
✅ تم إنشاء: timings_hafs_114/timing_089.json

📖 تحميل توقيتات السورة 090 ...
  ✅ read=1 | إبراهيم الأخضر | ayat=21
  ✅ read=3 | إبراهيم العسيري | ayat=20
  ✅ read=4 | شيخ أبو بكر الشاطري | ayat=20
  ✅ read=5 | أحمد بن علي العجمي | ayat=21
  ✅ read=6 | أحمد الحواشي | ayat=20
  ✅ read=8 | أحمد صابر | ayat=20
  ✅ read=9 | أحمد نعينع | ayat=21
  ✅ read=10 | أكرم العلاقمي | ayat=21
  ✅ read=12 | إدريس أبكر | ayat=20
  ✅ read=13 | الزين محمد أحمد | ayat=20
  ✅ read=17 | توفيق الصايغ | ayat=20
  ✅ read=20 | خالد الجليل | ayat=20
  ✅ read=21 | خالد القحطاني | ayat=20
  ✅ read=22 | خالد عبدالكافي | ayat=20
  ✅ read=24 | خليفة الطنيجي | ayat=20
  ✅ read=25 | داود حمزة | ayat=20
  ✅ read=30 | سعد الغامدي | ayat=20
  ✅ read=31 | سعود الشريم | ayat=21
  ✅ read=32 | سهل ياسين | ayat=21
  ✅ read=33 | زكي داغستاني | ayat=20
  ✅ read=38 | شيرزاد عبدالرحمن طاهر | ayat=20
  ✅ read=39 | صابر عبدالحكم | ayat=20
  ✅ read=40 | صالح الصاهود | ayat=20
  ✅ read=42 | صالح الهبدان | ayat=20
  ✅ read=43 | صلاح البدير | ayat=20
  ✅ read=44 | صلاح الهاشم | ayat=20
  ✅ read=46 | صلاح بو خاطر | ayat=20
  ✅ read=48 | عادل ريان | ayat=20
  ✅ read=49 | عبدالبارئ الثبيتي | ayat=20
  ✅ read=50 | عبدالبارئ محمد | ayat=20
  ✅ read=53 | عبدالباسط عبدالصمد | ayat=21
  ✅ read=54 | عبدالرحمن السديس | ayat=20
  ✅ read=55 | عبدالعزيز الأحمد | ayat=20
  ✅ read=56 | عبدالعزيز الزهراني | ayat=20
  ✅ read=58 | عبدالله البعيجان | ayat=20
  ✅ read=59 | عبدالله المطرود | ayat=20
  ✅ read=60 | عبدالله بصفر | ayat=21
  ✅ read=61 | عبدالله خياط | ayat=20
  ✅ read=62 | عبدالله عواد الجهني | ayat=21
  ✅ read=66 | عبدالمحسن الحارثي | ayat=20
  ✅ read=67 | عبدالمحسن القاسم | ayat=21
  ✅ read=69 | عبدالمحسن العبيكان | ayat=20
  ✅ read=70 | عبدالهادي أحمد كناكري | ayat=20
  ✅ read=71 | عبدالودود حنيف | ayat=20
  ✅ read=72 | عبدالولي الأركاني | ayat=20
  ✅ read=74 | علي بن عبدالرحمن الحذيفي | ayat=20
  ✅ read=76 | علي جابر | ayat=20
  ✅ read=77 | علي حجاج السويسي | ayat=21
  ✅ read=78 | عماد زهير حافظ | ayat=21
  ✅ read=81 | فارس عباد | ayat=20
  ✅ read=86 | ناصر القطامي | ayat=20
  ✅ read=87 | نبيل الرفاعي | ayat=20
  ✅ read=88 | نعمة الحسان | ayat=20
  ✅ read=89 | هاني الرفاعي | ayat=20
  ✅ read=92 | ياسر الدوسري | ayat=20
  ✅ read=106 | محمد الطبلاوي | ayat=21
  ✅ read=109 | محمد أيوب | ayat=20
  ✅ read=110 | محمد صالح عالم شاه | ayat=20
  ✅ read=112 | محمد صديق المنشاوي | ayat=21
  ✅ read=115 | محمد عبدالكريم | ayat=20
  ✅ read=118 | محمود خليل الحصري | ayat=21
  ✅ read=123 | مشاري العفاسي | ayat=20
  ✅ read=139 | ماجد الزامل | ayat=20
  ✅ read=159 | خالد المهنا | ayat=21
  ✅ read=181 | جمعان العصيمي | ayat=20
  ✅ read=193 | يوسف بن نوح أحمد | ayat=20
  ✅ read=198 | محمد رشاد الشريف | ayat=20
  ✅ read=201 | أحمد الطرابلسي | ayat=20
  ✅ read=203 | أحمد عامر | ayat=20
  ✅ read=217 | بندر بليله | ayat=20
  ✅ read=219 | وديع اليمني | ayat=20
  ✅ read=221 | رعد محمد الكردي | ayat=20
  ✅ read=225 | عبدالرحمن العوسي | ayat=20
  ✅ read=229 | محمد خليل القارئ | ayat=20
  ✅ read=232 | إبراهيم الدوسري | ayat=20
  ✅ read=236 | عبدالرحمن الماجد | ayat=20
  ✅ read=243 | عبدالله الموسى | ayat=20
  ✅ read=244 | عبدالله الخلف | ayat=20
  ✅ read=245 | منصور السالمي | ayat=20
  ✅ read=250 | محمد البخيت | ayat=20
  ✅ read=256 | أحمد خليل شاهين | ayat=20
  ✅ read=258 | عبدالرشيد صوفي | ayat=20
  ✅ read=259 | أحمد النفيس | ayat=20
  ✅ read=265 | أحمد ديبان | ayat=20
  ✅ read=268 | بيشه وا قادر الكردي | ayat=20
  ✅ read=273 | هيثم الدخين | ayat=20
  ✅ read=282 | عبدالعزيز التركي | ayat=20
  ✅ read=289 | أحمد عيسى المعصراوي | ayat=20
  ✅ read=294 | سيد أحمد هاشمي | ayat=20
  ✅ read=295 | خالد كريم محمدي | ayat=20
  ✅ read=299 | حسن صالح | ayat=20
  ✅ read=300 | صالح الشمراني | ayat=20
  ✅ read=303 | عيسى عمر سناكو | ayat=20
  ✅ read=314 | أنس العمادي | ayat=20
  ✅ read=340 | محمد برهجي | ayat=20
  ✅ read=10905 | حسن الدغريري | ayat=20
✅ تم إنشاء: timings_hafs_114/timing_090.json

📖 تحميل توقيتات السورة 091 ...
  ✅ read=1 | إبراهيم الأخضر | ayat=16
  ✅ read=3 | إبراهيم العسيري | ayat=15
  ✅ read=4 | شيخ أبو بكر الشاطري | ayat=15
  ✅ read=5 | أحمد بن علي العجمي | ayat=16
  ✅ read=6 | أحمد الحواشي | ayat=15
  ✅ read=8 | أحمد صابر | ayat=15
  ✅ read=9 | أحمد نعينع | ayat=16
  ✅ read=10 | أكرم العلاقمي | ayat=16
  ✅ read=12 | إدريس أبكر | ayat=15
  ✅ read=13 | الزين محمد أحمد | ayat=15
  ✅ read=17 | توفيق الصايغ | ayat=15
  ✅ read=20 | خالد الجليل | ayat=15
  ✅ read=21 | خالد القحطاني | ayat=15
  ✅ read=22 | خالد عبدالكافي | ayat=15
  ✅ read=24 | خليفة الطنيجي | ayat=15
  ✅ read=25 | داود حمزة | ayat=15
  ✅ read=30 | سعد الغامدي | ayat=15
  ✅ read=31 | سعود الشريم | ayat=17
  ✅ read=32 | سهل ياسين | ayat=16
  ✅ read=33 | زكي داغستاني | ayat=15
  ✅ read=38 | شيرزاد عبدالرحمن طاهر | ayat=15
  ✅ read=39 | صابر عبدالحكم | ayat=15
  ✅ read=40 | صالح الصاهود | ayat=15
  ✅ read=42 | صالح الهبدان | ayat=15
  ✅ read=43 | صلاح البدير | ayat=15
  ✅ read=44 | صلاح الهاشم | ayat=15
  ✅ read=46 | صلاح بو خاطر | ayat=15
  ✅ read=48 | عادل ريان | ayat=15
  ✅ read=49 | عبدالبارئ الثبيتي | ayat=15
  ✅ read=50 | عبدالبارئ محمد | ayat=15
  ✅ read=53 | عبدالباسط عبدالصمد | ayat=16
  ✅ read=54 | عبدالرحمن السديس | ayat=15
  ✅ read=55 | عبدالعزيز الأحمد | ayat=15
  ✅ read=56 | عبدالعزيز الزهراني | ayat=15
  ✅ read=58 | عبدالله البعيجان | ayat=15
  ✅ read=59 | عبدالله المطرود | ayat=15
  ✅ read=60 | عبدالله بصفر | ayat=16
  ✅ read=61 | عبدالله خياط | ayat=15
  ✅ read=62 | عبدالله عواد الجهني | ayat=16
  ✅ read=66 | عبدالمحسن الحارثي | ayat=15
  ✅ read=67 | عبدالمحسن القاسم | ayat=16
  ✅ read=69 | عبدالمحسن العبيكان | ayat=15
  ✅ read=70 | عبدالهادي أحمد كناكري | ayat=15
  ✅ read=71 | عبدالودود حنيف | ayat=15
  ✅ read=72 | عبدالولي الأركاني | ayat=15
  ✅ read=74 | علي بن عبدالرحمن الحذيفي | ayat=15
  ✅ read=76 | علي جابر | ayat=15
  ✅ read=77 | علي حجاج السويسي | ayat=16
  ✅ read=78 | عماد زهير حافظ | ayat=16
  ✅ read=81 | فارس عباد | ayat=15
  ✅ read=86 | ناصر القطامي | ayat=15
  ✅ read=87 | نبيل الرفاعي | ayat=15
  ✅ read=88 | نعمة الحسان | ayat=15
  ✅ read=89 | هاني الرفاعي | ayat=15
  ✅ read=92 | ياسر الدوسري | ayat=15
  ✅ read=106 | محمد الطبلاوي | ayat=16
  ✅ read=109 | محمد أيوب | ayat=15
  ✅ read=110 | محمد صالح عالم شاه | ayat=15
  ✅ read=112 | محمد صديق المنشاوي | ayat=16
  ✅ read=115 | محمد عبدالكريم | ayat=15
  ✅ read=118 | محمود خليل الحصري | ayat=16
  ✅ read=123 | مشاري العفاسي | ayat=15
  ✅ read=139 | ماجد الزامل | ayat=15
  ✅ read=159 | خالد المهنا | ayat=16
  ✅ read=181 | جمعان العصيمي | ayat=15
  ✅ read=193 | يوسف بن نوح أحمد | ayat=15
  ✅ read=198 | محمد رشاد الشريف | ayat=15
  ✅ read=201 | أحمد الطرابلسي | ayat=15
  ✅ read=203 | أحمد عامر | ayat=15
  ✅ read=217 | بندر بليله | ayat=15
  ✅ read=219 | وديع اليمني | ayat=15
  ✅ read=221 | رعد محمد الكردي | ayat=15
  ✅ read=225 | عبدالرحمن العوسي | ayat=15
  ✅ read=229 | محمد خليل القارئ | ayat=15
  ✅ read=232 | إبراهيم الدوسري | ayat=15
  ✅ read=236 | عبدالرحمن الماجد | ayat=15
  ✅ read=243 | عبدالله الموسى | ayat=15
  ✅ read=244 | عبدالله الخلف | ayat=15
  ✅ read=245 | منصور السالمي | ayat=15
  ✅ read=250 | محمد البخيت | ayat=15
  ✅ read=256 | أحمد خليل شاهين | ayat=15
  ✅ read=258 | عبدالرشيد صوفي | ayat=15
  ✅ read=259 | أحمد النفيس | ayat=15
  ✅ read=265 | أحمد ديبان | ayat=15
  ✅ read=268 | بيشه وا قادر الكردي | ayat=15
  ✅ read=273 | هيثم الدخين | ayat=15
  ✅ read=282 | عبدالعزيز التركي | ayat=15
  ✅ read=289 | أحمد عيسى المعصراوي | ayat=15
  ✅ read=294 | سيد أحمد هاشمي | ayat=15
  ✅ read=295 | خالد كريم محمدي | ayat=15
  ✅ read=299 | حسن صالح | ayat=15
  ✅ read=300 | صالح الشمراني | ayat=15
  ✅ read=303 | عيسى عمر سناكو | ayat=15
  ✅ read=314 | أنس العمادي | ayat=15
  ✅ read=340 | محمد برهجي | ayat=15
  ✅ read=10905 | حسن الدغريري | ayat=15
✅ تم إنشاء: timings_hafs_114/timing_091.json

📖 تحميل توقيتات السورة 092 ...
  ✅ read=1 | إبراهيم الأخضر | ayat=22
  ✅ read=3 | إبراهيم العسيري | ayat=21
  ✅ read=4 | شيخ أبو بكر الشاطري | ayat=21
  ✅ read=5 | أحمد بن علي العجمي | ayat=22
  ✅ read=6 | أحمد الحواشي | ayat=21
  ✅ read=8 | أحمد صابر | ayat=21
  ✅ read=9 | أحمد نعينع | ayat=22
  ✅ read=10 | أكرم العلاقمي | ayat=22
  ✅ read=12 | إدريس أبكر | ayat=21
  ✅ read=13 | الزين محمد أحمد | ayat=21
  ✅ read=17 | توفيق الصايغ | ayat=21
  ✅ read=20 | خالد الجليل | ayat=21
  ✅ read=21 | خالد القحطاني | ayat=21
  ✅ read=22 | خالد عبدالكافي | ayat=21
  ✅ read=24 | خليفة الطنيجي | ayat=21
  ✅ read=25 | داود حمزة | ayat=21
  ✅ read=30 | سعد الغامدي | ayat=21
  ✅ read=31 | سعود الشريم | ayat=22
  ✅ read=32 | سهل ياسين | ayat=22
  ✅ read=33 | زكي داغستاني | ayat=21
  ✅ read=38 | شيرزاد عبدالرحمن طاهر | ayat=21
  ✅ read=39 | صابر عبدالحكم | ayat=21
  ✅ read=40 | صالح الصاهود | ayat=21
  ✅ read=42 | صالح الهبدان | ayat=21
  ✅ read=43 | صلاح البدير | ayat=21
  ✅ read=44 | صلاح الهاشم | ayat=21
  ✅ read=46 | صلاح بو خاطر | ayat=21
  ✅ read=48 | عادل ريان | ayat=21
  ✅ read=49 | عبدالبارئ الثبيتي | ayat=21
  ✅ read=50 | عبدالبارئ محمد | ayat=21
  ✅ read=53 | عبدالباسط عبدالصمد | ayat=22
  ✅ read=54 | عبدالرحمن السديس | ayat=21
  ✅ read=55 | عبدالعزيز الأحمد | ayat=21
  ✅ read=56 | عبدالعزيز الزهراني | ayat=21
  ✅ read=58 | عبدالله البعيجان | ayat=21
  ✅ read=59 | عبدالله المطرود | ayat=21
  ✅ read=60 | عبدالله بصفر | ayat=22
  ✅ read=61 | عبدالله خياط | ayat=21
  ✅ read=62 | عبدالله عواد الجهني | ayat=22
  ✅ read=66 | عبدالمحسن الحارثي | ayat=21
  ✅ read=67 | عبدالمحسن القاسم | ayat=22
  ✅ read=69 | عبدالمحسن العبيكان | ayat=21
  ✅ read=70 | عبدالهادي أحمد كناكري | ayat=21
  ✅ read=71 | عبدالودود حنيف | ayat=21
  ✅ read=72 | عبدالولي الأركاني | ayat=21
  ✅ read=74 | علي بن عبدالرحمن الحذيفي | ayat=21
  ✅ read=76 | علي جابر | ayat=21
  ✅ read=77 | علي حجاج السويسي | ayat=22
  ✅ read=78 | عماد زهير حافظ | ayat=22
  ✅ read=81 | فارس عباد | ayat=21
  ✅ read=86 | ناصر القطامي | ayat=21
  ✅ read=87 | نبيل الرفاعي | ayat=21
  ✅ read=88 | نعمة الحسان | ayat=21
  ✅ read=89 | هاني الرفاعي | ayat=21
  ✅ read=92 | ياسر الدوسري | ayat=21
  ✅ read=106 | محمد الطبلاوي | ayat=22
  ✅ read=109 | محمد أيوب | ayat=21
  ✅ read=110 | محمد صالح عالم شاه | ayat=21
  ✅ read=112 | محمد صديق المنشاوي | ayat=22
  ✅ read=115 | محمد عبدالكريم | ayat=21
  ✅ read=118 | محمود خليل الحصري | ayat=22
  ✅ read=123 | مشاري العفاسي | ayat=21
  ✅ read=139 | ماجد الزامل | ayat=21
  ✅ read=159 | خالد المهنا | ayat=22
  ✅ read=181 | جمعان العصيمي | ayat=21
  ✅ read=193 | يوسف بن نوح أحمد | ayat=21
  ✅ read=198 | محمد رشاد الشريف | ayat=21
  ✅ read=201 | أحمد الطرابلسي | ayat=21
  ✅ read=203 | أحمد عامر | ayat=21
  ✅ read=217 | بندر بليله | ayat=21
  ✅ read=219 | وديع اليمني | ayat=21
  ✅ read=221 | رعد محمد الكردي | ayat=21
  ✅ read=225 | عبدالرحمن العوسي | ayat=21
  ✅ read=229 | محمد خليل القارئ | ayat=21
  ✅ read=232 | إبراهيم الدوسري | ayat=21
  ✅ read=236 | عبدالرحمن الماجد | ayat=21
  ✅ read=243 | عبدالله الموسى | ayat=21
  ✅ read=244 | عبدالله الخلف | ayat=21
  ✅ read=245 | منصور السالمي | ayat=21
  ✅ read=250 | محمد البخيت | ayat=21
  ✅ read=256 | أحمد خليل شاهين | ayat=21
  ✅ read=258 | عبدالرشيد صوفي | ayat=21
  ✅ read=259 | أحمد النفيس | ayat=21
  ✅ read=265 | أحمد ديبان | ayat=21
  ✅ read=268 | بيشه وا قادر الكردي | ayat=21
  ✅ read=273 | هيثم الدخين | ayat=21
  ✅ read=282 | عبدالعزيز التركي | ayat=21
  ✅ read=289 | أحمد عيسى المعصراوي | ayat=21
  ✅ read=294 | سيد أحمد هاشمي | ayat=21
  ✅ read=295 | خالد كريم محمدي | ayat=21
  ✅ read=299 | حسن صالح | ayat=21
  ✅ read=300 | صالح الشمراني | ayat=21
  ✅ read=303 | عيسى عمر سناكو | ayat=21
  ✅ read=314 | أنس العمادي | ayat=21
  ✅ read=340 | محمد برهجي | ayat=21
  ✅ read=10905 | حسن الدغريري | ayat=21
✅ تم إنشاء: timings_hafs_114/timing_092.json

📖 تحميل توقيتات السورة 093 ...
  ✅ read=1 | إبراهيم الأخضر | ayat=12
  ✅ read=3 | إبراهيم العسيري | ayat=11
  ✅ read=4 | شيخ أبو بكر الشاطري | ayat=11
  ✅ read=5 | أحمد بن علي العجمي | ayat=12
  ✅ read=6 | أحمد الحواشي | ayat=11
  ✅ read=8 | أحمد صابر | ayat=11
  ✅ read=9 | أحمد نعينع | ayat=12
  ✅ read=10 | أكرم العلاقمي | ayat=12
  ✅ read=12 | إدريس أبكر | ayat=11
  ✅ read=13 | الزين محمد أحمد | ayat=11
  ✅ read=17 | توفيق الصايغ | ayat=11
  ✅ read=20 | خالد الجليل | ayat=11
  ✅ read=21 | خالد القحطاني | ayat=11
  ✅ read=22 | خالد عبدالكافي | ayat=11
  ✅ read=24 | خليفة الطنيجي | ayat=11
  ✅ read=25 | داود حمزة | ayat=11
  ✅ read=30 | سعد الغامدي | ayat=11
  ✅ read=31 | سعود الشريم | ayat=12
  ✅ read=32 | سهل ياسين | ayat=12
  ✅ read=33 | زكي داغستاني | ayat=11
  ✅ read=38 | شيرزاد عبدالرحمن طاهر | ayat=11
  ✅ read=39 | صابر عبدالحكم | ayat=11
  ✅ read=40 | صالح الصاهود | ayat=11
  ✅ read=42 | صالح الهبدان | ayat=11
  ✅ read=43 | صلاح البدير | ayat=11
  ✅ read=44 | صلاح الهاشم | ayat=11
  ✅ read=46 | صلاح بو خاطر | ayat=11
  ✅ read=48 | عادل ريان | ayat=11
  ✅ read=49 | عبدالبارئ الثبيتي | ayat=11
  ✅ read=50 | عبدالبارئ محمد | ayat=11
  ✅ read=53 | عبدالباسط عبدالصمد | ayat=12
  ✅ read=54 | عبدالرحمن السديس | ayat=11
  ✅ read=55 | عبدالعزيز الأحمد | ayat=11
  ✅ read=56 | عبدالعزيز الزهراني | ayat=11
  ✅ read=58 | عبدالله البعيجان | ayat=11
  ✅ read=59 | عبدالله المطرود | ayat=11
  ✅ read=60 | عبدالله بصفر | ayat=12
  ✅ read=61 | عبدالله خياط | ayat=11
  ✅ read=62 | عبدالله عواد الجهني | ayat=12
  ✅ read=66 | عبدالمحسن الحارثي | ayat=11
  ✅ read=67 | عبدالمحسن القاسم | ayat=12
  ✅ read=69 | عبدالمحسن العبيكان | ayat=11
  ✅ read=70 | عبدالهادي أحمد كناكري | ayat=11
  ✅ read=71 | عبدالودود حنيف | ayat=11
  ✅ read=72 | عبدالولي الأركاني | ayat=11
  ✅ read=74 | علي بن عبدالرحمن الحذيفي | ayat=11
  ✅ read=76 | علي جابر | ayat=11
  ✅ read=77 | علي حجاج السويسي | ayat=12
  ✅ read=78 | عماد زهير حافظ | ayat=12
  ✅ read=81 | فارس عباد | ayat=11
  ✅ read=86 | ناصر القطامي | ayat=11
  ✅ read=87 | نبيل الرفاعي | ayat=11
  ✅ read=88 | نعمة الحسان | ayat=11
  ✅ read=89 | هاني الرفاعي | ayat=11
  ✅ read=92 | ياسر الدوسري | ayat=11
  ✅ read=106 | محمد الطبلاوي | ayat=12
  ✅ read=109 | محمد أيوب | ayat=11
  ✅ read=110 | محمد صالح عالم شاه | ayat=11
  ✅ read=112 | محمد صديق المنشاوي | ayat=12
  ✅ read=115 | محمد عبدالكريم | ayat=11
  ✅ read=118 | محمود خليل الحصري | ayat=12
  ✅ read=123 | مشاري العفاسي | ayat=11
  ✅ read=139 | ماجد الزامل | ayat=11
  ✅ read=159 | خالد المهنا | ayat=12
  ✅ read=181 | جمعان العصيمي | ayat=11
  ✅ read=193 | يوسف بن نوح أحمد | ayat=11
  ✅ read=198 | محمد رشاد الشريف | ayat=11
  ✅ read=201 | أحمد الطرابلسي | ayat=11
  ✅ read=203 | أحمد عامر | ayat=11
  ✅ read=217 | بندر بليله | ayat=11
  ✅ read=219 | وديع اليمني | ayat=11
  ✅ read=221 | رعد محمد الكردي | ayat=11
  ✅ read=225 | عبدالرحمن العوسي | ayat=11
  ✅ read=229 | محمد خليل القارئ | ayat=11
  ✅ read=232 | إبراهيم الدوسري | ayat=11
  ✅ read=236 | عبدالرحمن الماجد | ayat=11
  ✅ read=243 | عبدالله الموسى | ayat=11
  ✅ read=244 | عبدالله الخلف | ayat=11
  ✅ read=245 | منصور السالمي | ayat=11
  ✅ read=250 | محمد البخيت | ayat=11
  ✅ read=256 | أحمد خليل شاهين | ayat=11
  ✅ read=258 | عبدالرشيد صوفي | ayat=11
  ✅ read=259 | أحمد النفيس | ayat=11
  ✅ read=265 | أحمد ديبان | ayat=11
  ✅ read=268 | بيشه وا قادر الكردي | ayat=11
  ✅ read=273 | هيثم الدخين | ayat=11
  ✅ read=282 | عبدالعزيز التركي | ayat=11
  ✅ read=289 | أحمد عيسى المعصراوي | ayat=11
  ✅ read=294 | سيد أحمد هاشمي | ayat=11
  ✅ read=295 | خالد كريم محمدي | ayat=11
  ✅ read=299 | حسن صالح | ayat=11
  ✅ read=300 | صالح الشمراني | ayat=11
  ✅ read=303 | عيسى عمر سناكو | ayat=11
  ✅ read=314 | أنس العمادي | ayat=11
  ✅ read=340 | محمد برهجي | ayat=11
  ✅ read=10905 | حسن الدغريري | ayat=11
✅ تم إنشاء: timings_hafs_114/timing_093.json

📖 تحميل توقيتات السورة 094 ...
  ✅ read=1 | إبراهيم الأخضر | ayat=9
  ✅ read=3 | إبراهيم العسيري | ayat=8
  ✅ read=4 | شيخ أبو بكر الشاطري | ayat=8
  ✅ read=5 | أحمد بن علي العجمي | ayat=9
  ✅ read=6 | أحمد الحواشي | ayat=8
  ✅ read=8 | أحمد صابر | ayat=8
  ✅ read=9 | أحمد نعينع | ayat=9
  ✅ read=10 | أكرم العلاقمي | ayat=9
  ✅ read=12 | إدريس أبكر | ayat=8
  ✅ read=13 | الزين محمد أحمد | ayat=8
  ✅ read=17 | توفيق الصايغ | ayat=8
  ✅ read=20 | خالد الجليل | ayat=8
  ✅ read=21 | خالد القحطاني | ayat=8
  ✅ read=22 | خالد عبدالكافي | ayat=8
  ✅ read=24 | خليفة الطنيجي | ayat=8
  ✅ read=25 | داود حمزة | ayat=8
  ✅ read=30 | سعد الغامدي | ayat=8
  ✅ read=31 | سعود الشريم | ayat=9
  ✅ read=32 | سهل ياسين | ayat=9
  ✅ read=33 | زكي داغستاني | ayat=8
  ✅ read=38 | شيرزاد عبدالرحمن طاهر | ayat=8
  ✅ read=39 | صابر عبدالحكم | ayat=8
  ✅ read=40 | صالح الصاهود | ayat=8
  ✅ read=42 | صالح الهبدان | ayat=8
  ✅ read=43 | صلاح البدير | ayat=8
  ✅ read=44 | صلاح الهاشم | ayat=8
  ✅ read=46 | صلاح بو خاطر | ayat=8
  ✅ read=48 | عادل ريان | ayat=8
  ✅ read=49 | عبدالبارئ الثبيتي | ayat=8
  ✅ read=50 | عبدالبارئ محمد | ayat=8
  ✅ read=53 | عبدالباسط عبدالصمد | ayat=9
  ✅ read=54 | عبدالرحمن السديس | ayat=8
  ✅ read=55 | عبدالعزيز الأحمد | ayat=8
  ✅ read=56 | عبدالعزيز الزهراني | ayat=8
  ✅ read=58 | عبدالله البعيجان | ayat=8
  ✅ read=59 | عبدالله المطرود | ayat=8
  ✅ read=60 | عبدالله بصفر | ayat=9
  ✅ read=61 | عبدالله خياط | ayat=8
  ✅ read=62 | عبدالله عواد الجهني | ayat=9
  ✅ read=66 | عبدالمحسن الحارثي | ayat=8
  ✅ read=67 | عبدالمحسن القاسم | ayat=9
  ✅ read=69 | عبدالمحسن العبيكان | ayat=8
  ✅ read=70 | عبدالهادي أحمد كناكري | ayat=8
  ✅ read=71 | عبدالودود حنيف | ayat=8
  ✅ read=72 | عبدالولي الأركاني | ayat=8
  ✅ read=74 | علي بن عبدالرحمن الحذيفي | ayat=8
  ✅ read=76 | علي جابر | ayat=8
  ✅ read=77 | علي حجاج السويسي | ayat=9
  ✅ read=78 | عماد زهير حافظ | ayat=9
  ✅ read=81 | فارس عباد | ayat=8
  ✅ read=86 | ناصر القطامي | ayat=8
  ✅ read=87 | نبيل الرفاعي | ayat=8
  ✅ read=88 | نعمة الحسان | ayat=8
  ✅ read=89 | هاني الرفاعي | ayat=8
  ✅ read=92 | ياسر الدوسري | ayat=8
  ✅ read=106 | محمد الطبلاوي | ayat=9
  ✅ read=109 | محمد أيوب | ayat=8
  ✅ read=110 | محمد صالح عالم شاه | ayat=8
  ✅ read=112 | محمد صديق المنشاوي | ayat=9
  ✅ read=115 | محمد عبدالكريم | ayat=8
  ✅ read=118 | محمود خليل الحصري | ayat=9
  ✅ read=123 | مشاري العفاسي | ayat=8
  ✅ read=139 | ماجد الزامل | ayat=8
  ✅ read=159 | خالد المهنا | ayat=9
  ✅ read=181 | جمعان العصيمي | ayat=8
  ✅ read=193 | يوسف بن نوح أحمد | ayat=8
  ✅ read=198 | محمد رشاد الشريف | ayat=8
  ✅ read=201 | أحمد الطرابلسي | ayat=8
  ✅ read=203 | أحمد عامر | ayat=8
  ✅ read=217 | بندر بليله | ayat=8
  ✅ read=219 | وديع اليمني | ayat=8
  ✅ read=221 | رعد محمد الكردي | ayat=8
  ✅ read=225 | عبدالرحمن العوسي | ayat=8
  ✅ read=229 | محمد خليل القارئ | ayat=8
  ✅ read=232 | إبراهيم الدوسري | ayat=8
  ✅ read=236 | عبدالرحمن الماجد | ayat=8
  ✅ read=243 | عبدالله الموسى | ayat=8
  ✅ read=244 | عبدالله الخلف | ayat=8
  ✅ read=245 | منصور السالمي | ayat=8
  ✅ read=250 | محمد البخيت | ayat=8
  ✅ read=256 | أحمد خليل شاهين | ayat=8
  ✅ read=258 | عبدالرشيد صوفي | ayat=8
  ✅ read=259 | أحمد النفيس | ayat=8
  ✅ read=265 | أحمد ديبان | ayat=8
  ✅ read=268 | بيشه وا قادر الكردي | ayat=8
  ✅ read=273 | هيثم الدخين | ayat=8
  ✅ read=282 | عبدالعزيز التركي | ayat=8
  ✅ read=289 | أحمد عيسى المعصراوي | ayat=8
  ✅ read=294 | سيد أحمد هاشمي | ayat=8
  ✅ read=295 | خالد كريم محمدي | ayat=8
  ✅ read=299 | حسن صالح | ayat=8
  ✅ read=300 | صالح الشمراني | ayat=8
  ✅ read=303 | عيسى عمر سناكو | ayat=8
  ✅ read=314 | أنس العمادي | ayat=8
  ✅ read=340 | محمد برهجي | ayat=8
  ✅ read=10905 | حسن الدغريري | ayat=8
✅ تم إنشاء: timings_hafs_114/timing_094.json

📖 تحميل توقيتات السورة 095 ...
  ✅ read=1 | إبراهيم الأخضر | ayat=9
  ✅ read=3 | إبراهيم العسيري | ayat=8
  ✅ read=4 | شيخ أبو بكر الشاطري | ayat=8
  ✅ read=5 | أحمد بن علي العجمي | ayat=9
  ✅ read=6 | أحمد الحواشي | ayat=8
  ✅ read=8 | أحمد صابر | ayat=8
  ✅ read=9 | أحمد نعينع | ayat=9
  ✅ read=10 | أكرم العلاقمي | ayat=9
  ✅ read=12 | إدريس أبكر | ayat=8
  ✅ read=13 | الزين محمد أحمد | ayat=8
  ✅ read=17 | توفيق الصايغ | ayat=8
  ✅ read=20 | خالد الجليل | ayat=8
  ✅ read=21 | خالد القحطاني | ayat=8
  ✅ read=22 | خالد عبدالكافي | ayat=8
  ✅ read=24 | خليفة الطنيجي | ayat=8
  ✅ read=25 | داود حمزة | ayat=8
  ✅ read=30 | سعد الغامدي | ayat=8
  ✅ read=31 | سعود الشريم | ayat=9
  ✅ read=32 | سهل ياسين | ayat=9
  ✅ read=33 | زكي داغستاني | ayat=8
  ✅ read=38 | شيرزاد عبدالرحمن طاهر | ayat=8
  ✅ read=39 | صابر عبدالحكم | ayat=8
  ✅ read=40 | صالح الصاهود | ayat=8
  ✅ read=42 | صالح الهبدان | ayat=8
  ✅ read=43 | صلاح البدير | ayat=8
  ✅ read=44 | صلاح الهاشم | ayat=8
  ✅ read=46 | صلاح بو خاطر | ayat=8
  ✅ read=48 | عادل ريان | ayat=8
  ✅ read=49 | عبدالبارئ الثبيتي | ayat=8
  ✅ read=50 | عبدالبارئ محمد | ayat=8
  ✅ read=53 | عبدالباسط عبدالصمد | ayat=9
  ✅ read=54 | عبدالرحمن السديس | ayat=8
  ✅ read=55 | عبدالعزيز الأحمد | ayat=8
  ✅ read=56 | عبدالعزيز الزهراني | ayat=8
  ✅ read=58 | عبدالله البعيجان | ayat=8
  ✅ read=59 | عبدالله المطرود | ayat=8
  ✅ read=60 | عبدالله بصفر | ayat=9
  ✅ read=61 | عبدالله خياط | ayat=8
  ✅ read=62 | عبدالله عواد الجهني | ayat=9
  ✅ read=66 | عبدالمحسن الحارثي | ayat=8
  ✅ read=67 | عبدالمحسن القاسم | ayat=9
  ✅ read=69 | عبدالمحسن العبيكان | ayat=8
  ✅ read=70 | عبدالهادي أحمد كناكري | ayat=8
  ✅ read=71 | عبدالودود حنيف | ayat=8
  ✅ read=72 | عبدالولي الأركاني | ayat=8
  ✅ read=74 | علي بن عبدالرحمن الحذيفي | ayat=8
  ✅ read=76 | علي جابر | ayat=8
  ✅ read=77 | علي حجاج السويسي | ayat=9
  ✅ read=78 | عماد زهير حافظ | ayat=9
  ✅ read=81 | فارس عباد | ayat=8
  ✅ read=86 | ناصر القطامي | ayat=8
  ✅ read=87 | نبيل الرفاعي | ayat=8
  ✅ read=88 | نعمة الحسان | ayat=8
  ✅ read=89 | هاني الرفاعي | ayat=8
  ✅ read=92 | ياسر الدوسري | ayat=8
  ✅ read=106 | محمد الطبلاوي | ayat=9
  ✅ read=109 | محمد أيوب | ayat=8
  ✅ read=110 | محمد صالح عالم شاه | ayat=8
  ✅ read=112 | محمد صديق المنشاوي | ayat=9
  ✅ read=115 | محمد عبدالكريم | ayat=8
  ✅ read=118 | محمود خليل الحصري | ayat=9
  ✅ read=123 | مشاري العفاسي | ayat=8
  ✅ read=139 | ماجد الزامل | ayat=8
  ✅ read=159 | خالد المهنا | ayat=9
  ✅ read=181 | جمعان العصيمي | ayat=8
  ✅ read=193 | يوسف بن نوح أحمد | ayat=8
  ✅ read=198 | محمد رشاد الشريف | ayat=8
  ✅ read=201 | أحمد الطرابلسي | ayat=8
  ✅ read=203 | أحمد عامر | ayat=8
  ✅ read=217 | بندر بليله | ayat=8
  ✅ read=219 | وديع اليمني | ayat=8
  ✅ read=221 | رعد محمد الكردي | ayat=8
  ✅ read=225 | عبدالرحمن العوسي | ayat=8
  ✅ read=229 | محمد خليل القارئ | ayat=8
  ✅ read=232 | إبراهيم الدوسري | ayat=8
  ✅ read=236 | عبدالرحمن الماجد | ayat=8
  ✅ read=243 | عبدالله الموسى | ayat=8
  ✅ read=244 | عبدالله الخلف | ayat=8
  ✅ read=245 | منصور السالمي | ayat=8
  ✅ read=250 | محمد البخيت | ayat=8
  ✅ read=256 | أحمد خليل شاهين | ayat=8
  ✅ read=258 | عبدالرشيد صوفي | ayat=8
  ✅ read=259 | أحمد النفيس | ayat=8
  ✅ read=265 | أحمد ديبان | ayat=8
  ✅ read=268 | بيشه وا قادر الكردي | ayat=8
  ✅ read=273 | هيثم الدخين | ayat=8
  ✅ read=282 | عبدالعزيز التركي | ayat=8
  ✅ read=289 | أحمد عيسى المعصراوي | ayat=8
  ✅ read=294 | سيد أحمد هاشمي | ayat=8
  ✅ read=295 | خالد كريم محمدي | ayat=8
  ✅ read=299 | حسن صالح | ayat=8
  ✅ read=300 | صالح الشمراني | ayat=8
  ✅ read=303 | عيسى عمر سناكو | ayat=8
  ✅ read=314 | أنس العمادي | ayat=8
  ✅ read=340 | محمد برهجي | ayat=8
  ✅ read=10905 | حسن الدغريري | ayat=8
✅ تم إنشاء: timings_hafs_114/timing_095.json

📖 تحميل توقيتات السورة 096 ...
  ✅ read=1 | إبراهيم الأخضر | ayat=20
  ✅ read=3 | إبراهيم العسيري | ayat=19
  ✅ read=4 | شيخ أبو بكر الشاطري | ayat=19
  ✅ read=5 | أحمد بن علي العجمي | ayat=20
  ✅ read=6 | أحمد الحواشي | ayat=19
  ✅ read=8 | أحمد صابر | ayat=19
  ✅ read=9 | أحمد نعينع | ayat=20
  ✅ read=10 | أكرم العلاقمي | ayat=20
  ✅ read=12 | إدريس أبكر | ayat=19
  ✅ read=13 | الزين محمد أحمد | ayat=19
  ✅ read=17 | توفيق الصايغ | ayat=19
  ✅ read=20 | خالد الجليل | ayat=19
  ✅ read=21 | خالد القحطاني | ayat=19
  ✅ read=22 | خالد عبدالكافي | ayat=19
  ✅ read=24 | خليفة الطنيجي | ayat=19
  ✅ read=25 | داود حمزة | ayat=19
  ✅ read=30 | سعد الغامدي | ayat=19
  ✅ read=31 | سعود الشريم | ayat=20
  ✅ read=32 | سهل ياسين | ayat=20
  ✅ read=33 | زكي داغستاني | ayat=19
  ✅ read=38 | شيرزاد عبدالرحمن طاهر | ayat=19
  ✅ read=39 | صابر عبدالحكم | ayat=19
  ✅ read=40 | صالح الصاهود | ayat=19
  ✅ read=42 | صالح الهبدان | ayat=19
  ✅ read=43 | صلاح البدير | ayat=19
  ✅ read=44 | صلاح الهاشم | ayat=19
  ✅ read=46 | صلاح بو خاطر | ayat=19
  ✅ read=48 | عادل ريان | ayat=19
  ✅ read=49 | عبدالبارئ الثبيتي | ayat=19
  ✅ read=50 | عبدالبارئ محمد | ayat=19
  ✅ read=53 | عبدالباسط عبدالصمد | ayat=20
  ✅ read=54 | عبدالرحمن السديس | ayat=19
  ✅ read=55 | عبدالعزيز الأحمد | ayat=19
  ✅ read=56 | عبدالعزيز الزهراني | ayat=19
  ✅ read=58 | عبدالله البعيجان | ayat=19
  ✅ read=59 | عبدالله المطرود | ayat=19
  ✅ read=60 | عبدالله بصفر | ayat=20
  ✅ read=61 | عبدالله خياط | ayat=19
  ✅ read=62 | عبدالله عواد الجهني | ayat=20
  ✅ read=66 | عبدالمحسن الحارثي | ayat=19
  ✅ read=67 | عبدالمحسن القاسم | ayat=20
  ✅ read=69 | عبدالمحسن العبيكان | ayat=19
  ✅ read=70 | عبدالهادي أحمد كناكري | ayat=19
  ✅ read=71 | عبدالودود حنيف | ayat=19
  ✅ read=72 | عبدالولي الأركاني | ayat=19
  ✅ read=74 | علي بن عبدالرحمن الحذيفي | ayat=19
  ✅ read=76 | علي جابر | ayat=19
  ✅ read=77 | علي حجاج السويسي | ayat=20
  ✅ read=78 | عماد زهير حافظ | ayat=20
  ✅ read=81 | فارس عباد | ayat=19
  ✅ read=86 | ناصر القطامي | ayat=19
  ✅ read=87 | نبيل الرفاعي | ayat=19
  ✅ read=88 | نعمة الحسان | ayat=19
  ✅ read=89 | هاني الرفاعي | ayat=19
  ✅ read=92 | ياسر الدوسري | ayat=19
  ✅ read=106 | محمد الطبلاوي | ayat=20
  ✅ read=109 | محمد أيوب | ayat=19
  ✅ read=110 | محمد صالح عالم شاه | ayat=19
  ✅ read=112 | محمد صديق المنشاوي | ayat=20
  ✅ read=115 | محمد عبدالكريم | ayat=19
  ✅ read=118 | محمود خليل الحصري | ayat=20
  ✅ read=123 | مشاري العفاسي | ayat=19
  ✅ read=139 | ماجد الزامل | ayat=19
  ✅ read=159 | خالد المهنا | ayat=20
  ✅ read=181 | جمعان العصيمي | ayat=19
  ✅ read=193 | يوسف بن نوح أحمد | ayat=19
  ✅ read=198 | محمد رشاد الشريف | ayat=19
  ✅ read=201 | أحمد الطرابلسي | ayat=19
  ✅ read=203 | أحمد عامر | ayat=19
  ✅ read=217 | بندر بليله | ayat=19
  ✅ read=219 | وديع اليمني | ayat=19
  ✅ read=221 | رعد محمد الكردي | ayat=19
  ✅ read=225 | عبدالرحمن العوسي | ayat=19
  ✅ read=229 | محمد خليل القارئ | ayat=19
  ✅ read=232 | إبراهيم الدوسري | ayat=19
  ✅ read=236 | عبدالرحمن الماجد | ayat=19
  ✅ read=243 | عبدالله الموسى | ayat=19
  ✅ read=244 | عبدالله الخلف | ayat=19
  ✅ read=245 | منصور السالمي | ayat=19
  ✅ read=250 | محمد البخيت | ayat=19
  ✅ read=256 | أحمد خليل شاهين | ayat=19
  ✅ read=258 | عبدالرشيد صوفي | ayat=19
  ✅ read=259 | أحمد النفيس | ayat=19
  ✅ read=265 | أحمد ديبان | ayat=19
  ✅ read=268 | بيشه وا قادر الكردي | ayat=19
  ✅ read=273 | هيثم الدخين | ayat=19
  ✅ read=282 | عبدالعزيز التركي | ayat=19
  ✅ read=289 | أحمد عيسى المعصراوي | ayat=19
  ✅ read=294 | سيد أحمد هاشمي | ayat=19
  ✅ read=295 | خالد كريم محمدي | ayat=19
  ✅ read=299 | حسن صالح | ayat=19
  ✅ read=300 | صالح الشمراني | ayat=19
  ✅ read=303 | عيسى عمر سناكو | ayat=19
  ✅ read=314 | أنس العمادي | ayat=19
  ✅ read=340 | محمد برهجي | ayat=19
  ✅ read=10905 | حسن الدغريري | ayat=19
✅ تم إنشاء: timings_hafs_114/timing_096.json

📖 تحميل توقيتات السورة 097 ...
  ✅ read=1 | إبراهيم الأخضر | ayat=6
  ✅ read=3 | إبراهيم العسيري | ayat=5
  ✅ read=4 | شيخ أبو بكر الشاطري | ayat=5
  ✅ read=5 | أحمد بن علي العجمي | ayat=6
  ✅ read=6 | أحمد الحواشي | ayat=5
  ✅ read=8 | أحمد صابر | ayat=5
  ✅ read=9 | أحمد نعينع | ayat=6
  ✅ read=10 | أكرم العلاقمي | ayat=6
  ✅ read=12 | إدريس أبكر | ayat=5
  ✅ read=13 | الزين محمد أحمد | ayat=5
  ✅ read=17 | توفيق الصايغ | ayat=5
  ✅ read=20 | خالد الجليل | ayat=5
  ✅ read=21 | خالد القحطاني | ayat=5
  ✅ read=22 | خالد عبدالكافي | ayat=5
  ✅ read=24 | خليفة الطنيجي | ayat=5
  ✅ read=25 | داود حمزة | ayat=5
  ✅ read=30 | سعد الغامدي | ayat=5
  ✅ read=31 | سعود الشريم | ayat=6
  ✅ read=32 | سهل ياسين | ayat=6
  ✅ read=33 | زكي داغستاني | ayat=5
  ✅ read=38 | شيرزاد عبدالرحمن طاهر | ayat=5
  ✅ read=39 | صابر عبدالحكم | ayat=5
  ✅ read=40 | صالح الصاهود | ayat=5
  ✅ read=42 | صالح الهبدان | ayat=5
  ✅ read=43 | صلاح البدير | ayat=5
  ✅ read=44 | صلاح الهاشم | ayat=5
  ✅ read=46 | صلاح بو خاطر | ayat=5
  ✅ read=48 | عادل ريان | ayat=5
  ✅ read=49 | عبدالبارئ الثبيتي | ayat=5
  ✅ read=50 | عبدالبارئ محمد | ayat=5
  ✅ read=53 | عبدالباسط عبدالصمد | ayat=6
  ✅ read=54 | عبدالرحمن السديس | ayat=5
  ✅ read=55 | عبدالعزيز الأحمد | ayat=5
  ✅ read=56 | عبدالعزيز الزهراني | ayat=5
  ✅ read=58 | عبدالله البعيجان | ayat=5
  ✅ read=59 | عبدالله المطرود | ayat=5
  ✅ read=60 | عبدالله بصفر | ayat=6
  ✅ read=61 | عبدالله خياط | ayat=5
  ✅ read=62 | عبدالله عواد الجهني | ayat=6
  ✅ read=66 | عبدالمحسن الحارثي | ayat=5
  ✅ read=67 | عبدالمحسن القاسم | ayat=6
  ✅ read=69 | عبدالمحسن العبيكان | ayat=5
  ✅ read=70 | عبدالهادي أحمد كناكري | ayat=5
  ✅ read=71 | عبدالودود حنيف | ayat=5
  ✅ read=72 | عبدالولي الأركاني | ayat=5
  ✅ read=74 | علي بن عبدالرحمن الحذيفي | ayat=5
  ✅ read=76 | علي جابر | ayat=5
  ✅ read=77 | علي حجاج السويسي | ayat=6
  ✅ read=78 | عماد زهير حافظ | ayat=6
  ✅ read=81 | فارس عباد | ayat=5
  ✅ read=86 | ناصر القطامي | ayat=5
  ✅ read=87 | نبيل الرفاعي | ayat=5
  ✅ read=88 | نعمة الحسان | ayat=5
  ✅ read=89 | هاني الرفاعي | ayat=5
  ✅ read=92 | ياسر الدوسري | ayat=5
  ✅ read=106 | محمد الطبلاوي | ayat=6
  ✅ read=109 | محمد أيوب | ayat=5
  ✅ read=110 | محمد صالح عالم شاه | ayat=5
  ✅ read=112 | محمد صديق المنشاوي | ayat=6
  ✅ read=115 | محمد عبدالكريم | ayat=5
  ✅ read=118 | محمود خليل الحصري | ayat=6
  ✅ read=123 | مشاري العفاسي | ayat=5
  ✅ read=139 | ماجد الزامل | ayat=5
  ✅ read=159 | خالد المهنا | ayat=6
  ✅ read=181 | جمعان العصيمي | ayat=5
  ✅ read=193 | يوسف بن نوح أحمد | ayat=5
  ✅ read=198 | محمد رشاد الشريف | ayat=5
  ✅ read=201 | أحمد الطرابلسي | ayat=5
  ✅ read=203 | أحمد عامر | ayat=5
  ✅ read=217 | بندر بليله | ayat=5
  ✅ read=219 | وديع اليمني | ayat=5
  ✅ read=221 | رعد محمد الكردي | ayat=5
  ✅ read=225 | عبدالرحمن العوسي | ayat=5
  ✅ read=229 | محمد خليل القارئ | ayat=5
  ✅ read=232 | إبراهيم الدوسري | ayat=5
  ✅ read=236 | عبدالرحمن الماجد | ayat=5
  ✅ read=243 | عبدالله الموسى | ayat=5
  ✅ read=244 | عبدالله الخلف | ayat=5
  ✅ read=245 | منصور السالمي | ayat=5
  ✅ read=250 | محمد البخيت | ayat=5
  ✅ read=256 | أحمد خليل شاهين | ayat=5
  ✅ read=258 | عبدالرشيد صوفي | ayat=5
  ✅ read=259 | أحمد النفيس | ayat=5
  ✅ read=265 | أحمد ديبان | ayat=5
  ✅ read=268 | بيشه وا قادر الكردي | ayat=5
  ✅ read=273 | هيثم الدخين | ayat=5
  ✅ read=282 | عبدالعزيز التركي | ayat=5
  ✅ read=289 | أحمد عيسى المعصراوي | ayat=5
  ✅ read=294 | سيد أحمد هاشمي | ayat=5
  ✅ read=295 | خالد كريم محمدي | ayat=5
  ✅ read=299 | حسن صالح | ayat=5
  ✅ read=300 | صالح الشمراني | ayat=5
  ✅ read=303 | عيسى عمر سناكو | ayat=5
  ✅ read=314 | أنس العمادي | ayat=5
  ✅ read=340 | محمد برهجي | ayat=5
  ✅ read=10905 | حسن الدغريري | ayat=5
✅ تم إنشاء: timings_hafs_114/timing_097.json

📖 تحميل توقيتات السورة 098 ...
  ✅ read=1 | إبراهيم الأخضر | ayat=9
  ✅ read=3 | إبراهيم العسيري | ayat=8
  ✅ read=4 | شيخ أبو بكر الشاطري | ayat=8
  ✅ read=5 | أحمد بن علي العجمي | ayat=9
  ✅ read=6 | أحمد الحواشي | ayat=8
  ✅ read=8 | أحمد صابر | ayat=8
  ✅ read=9 | أحمد نعينع | ayat=9
  ✅ read=10 | أكرم العلاقمي | ayat=9
  ✅ read=12 | إدريس أبكر | ayat=8
  ✅ read=13 | الزين محمد أحمد | ayat=8
  ✅ read=17 | توفيق الصايغ | ayat=8
  ✅ read=20 | خالد الجليل | ayat=8
  ✅ read=21 | خالد القحطاني | ayat=8
  ✅ read=22 | خالد عبدالكافي | ayat=8
  ✅ read=24 | خليفة الطنيجي | ayat=8
  ✅ read=25 | داود حمزة | ayat=8
  ✅ read=30 | سعد الغامدي | ayat=8
  ✅ read=31 | سعود الشريم | ayat=9
  ✅ read=32 | سهل ياسين | ayat=9
  ✅ read=33 | زكي داغستاني | ayat=8
  ✅ read=38 | شيرزاد عبدالرحمن طاهر | ayat=8
  ✅ read=39 | صابر عبدالحكم | ayat=8
  ✅ read=40 | صالح الصاهود | ayat=8
  ✅ read=42 | صالح الهبدان | ayat=8
  ✅ read=43 | صلاح البدير | ayat=8
  ✅ read=44 | صلاح الهاشم | ayat=8
  ✅ read=46 | صلاح بو خاطر | ayat=8
  ✅ read=48 | عادل ريان | ayat=8
  ✅ read=49 | عبدالبارئ الثبيتي | ayat=8
  ✅ read=50 | عبدالبارئ محمد | ayat=8
  ✅ read=53 | عبدالباسط عبدالصمد | ayat=9
  ✅ read=54 | عبدالرحمن السديس | ayat=8
  ✅ read=55 | عبدالعزيز الأحمد | ayat=8
  ✅ read=56 | عبدالعزيز الزهراني | ayat=8
  ✅ read=58 | عبدالله البعيجان | ayat=8
  ✅ read=59 | عبدالله المطرود | ayat=8
  ✅ read=60 | عبدالله بصفر | ayat=9
  ✅ read=61 | عبدالله خياط | ayat=8
  ✅ read=62 | عبدالله عواد الجهني | ayat=9
  ✅ read=66 | عبدالمحسن الحارثي | ayat=8
  ✅ read=67 | عبدالمحسن القاسم | ayat=9
  ✅ read=69 | عبدالمحسن العبيكان | ayat=8
  ✅ read=70 | عبدالهادي أحمد كناكري | ayat=8
  ✅ read=71 | عبدالودود حنيف | ayat=8
  ✅ read=72 | عبدالولي الأركاني | ayat=8
  ✅ read=74 | علي بن عبدالرحمن الحذيفي | ayat=8
  ✅ read=76 | علي جابر | ayat=8
  ✅ read=77 | علي حجاج السويسي | ayat=9
  ✅ read=78 | عماد زهير حافظ | ayat=9
  ✅ read=81 | فارس عباد | ayat=8
  ✅ read=86 | ناصر القطامي | ayat=8
  ✅ read=87 | نبيل الرفاعي | ayat=8
  ✅ read=88 | نعمة الحسان | ayat=8
  ✅ read=89 | هاني الرفاعي | ayat=8
  ✅ read=92 | ياسر الدوسري | ayat=8
  ✅ read=106 | محمد الطبلاوي | ayat=9
  ✅ read=109 | محمد أيوب | ayat=8
  ✅ read=110 | محمد صالح عالم شاه | ayat=8
  ✅ read=112 | محمد صديق المنشاوي | ayat=9
  ✅ read=115 | محمد عبدالكريم | ayat=8
  ✅ read=118 | محمود خليل الحصري | ayat=9
  ✅ read=123 | مشاري العفاسي | ayat=8
  ✅ read=139 | ماجد الزامل | ayat=8
  ✅ read=159 | خالد المهنا | ayat=9
  ✅ read=181 | جمعان العصيمي | ayat=8
  ✅ read=193 | يوسف بن نوح أحمد | ayat=8
  ✅ read=198 | محمد رشاد الشريف | ayat=8
  ✅ read=201 | أحمد الطرابلسي | ayat=8
  ✅ read=203 | أحمد عامر | ayat=8
  ✅ read=217 | بندر بليله | ayat=8
  ✅ read=219 | وديع اليمني | ayat=8
  ✅ read=221 | رعد محمد الكردي | ayat=8
  ✅ read=225 | عبدالرحمن العوسي | ayat=8
  ✅ read=229 | محمد خليل القارئ | ayat=8
  ✅ read=232 | إبراهيم الدوسري | ayat=8
  ✅ read=236 | عبدالرحمن الماجد | ayat=8
  ✅ read=243 | عبدالله الموسى | ayat=8
  ✅ read=244 | عبدالله الخلف | ayat=8
  ✅ read=245 | منصور السالمي | ayat=8
  ✅ read=250 | محمد البخيت | ayat=8
  ✅ read=256 | أحمد خليل شاهين | ayat=8
  ✅ read=258 | عبدالرشيد صوفي | ayat=8
  ✅ read=259 | أحمد النفيس | ayat=8
  ✅ read=265 | أحمد ديبان | ayat=8
  ✅ read=268 | بيشه وا قادر الكردي | ayat=8
  ✅ read=273 | هيثم الدخين | ayat=8
  ✅ read=282 | عبدالعزيز التركي | ayat=8
  ✅ read=289 | أحمد عيسى المعصراوي | ayat=8
  ✅ read=294 | سيد أحمد هاشمي | ayat=8
  ✅ read=295 | خالد كريم محمدي | ayat=8
  ✅ read=299 | حسن صالح | ayat=8
  ✅ read=300 | صالح الشمراني | ayat=8
  ✅ read=303 | عيسى عمر سناكو | ayat=8
  ✅ read=314 | أنس العمادي | ayat=8
  ✅ read=340 | محمد برهجي | ayat=8
  ✅ read=10905 | حسن الدغريري | ayat=8
✅ تم إنشاء: timings_hafs_114/timing_098.json

📖 تحميل توقيتات السورة 099 ...
  ✅ read=1 | إبراهيم الأخضر | ayat=9
  ✅ read=3 | إبراهيم العسيري | ayat=8
  ✅ read=4 | شيخ أبو بكر الشاطري | ayat=8
  ✅ read=5 | أحمد بن علي العجمي | ayat=9
  ✅ read=6 | أحمد الحواشي | ayat=8
  ✅ read=8 | أحمد صابر | ayat=8
  ✅ read=9 | أحمد نعينع | ayat=9
  ✅ read=10 | أكرم العلاقمي | ayat=9
  ✅ read=12 | إدريس أبكر | ayat=8
  ✅ read=13 | الزين محمد أحمد | ayat=8
  ✅ read=17 | توفيق الصايغ | ayat=8
  ✅ read=20 | خالد الجليل | ayat=8
  ✅ read=21 | خالد القحطاني | ayat=8
  ✅ read=22 | خالد عبدالكافي | ayat=8
  ✅ read=24 | خليفة الطنيجي | ayat=8
  ✅ read=25 | داود حمزة | ayat=8
  ✅ read=30 | سعد الغامدي | ayat=8
  ✅ read=31 | سعود الشريم | ayat=9
  ✅ read=32 | سهل ياسين | ayat=9
  ✅ read=33 | زكي داغستاني | ayat=8
  ✅ read=38 | شيرزاد عبدالرحمن طاهر | ayat=8
  ✅ read=39 | صابر عبدالحكم | ayat=8
  ✅ read=40 | صالح الصاهود | ayat=8
  ✅ read=42 | صالح الهبدان | ayat=8
  ✅ read=43 | صلاح البدير | ayat=8
  ✅ read=44 | صلاح الهاشم | ayat=8
  ✅ read=46 | صلاح بو خاطر | ayat=8
  ✅ read=48 | عادل ريان | ayat=8
  ✅ read=49 | عبدالبارئ الثبيتي | ayat=8
  ✅ read=50 | عبدالبارئ محمد | ayat=8
  ✅ read=53 | عبدالباسط عبدالصمد | ayat=9
  ✅ read=54 | عبدالرحمن السديس | ayat=8
  ✅ read=55 | عبدالعزيز الأحمد | ayat=8
  ✅ read=56 | عبدالعزيز الزهراني | ayat=8
  ✅ read=58 | عبدالله البعيجان | ayat=8
  ✅ read=59 | عبدالله المطرود | ayat=8
  ✅ read=60 | عبدالله بصفر | ayat=9
  ✅ read=61 | عبدالله خياط | ayat=8
  ✅ read=62 | عبدالله عواد الجهني | ayat=9
  ✅ read=66 | عبدالمحسن الحارثي | ayat=8
  ✅ read=67 | عبدالمحسن القاسم | ayat=9
  ✅ read=69 | عبدالمحسن العبيكان | ayat=8
  ✅ read=70 | عبدالهادي أحمد كناكري | ayat=8
  ✅ read=71 | عبدالودود حنيف | ayat=8
  ✅ read=72 | عبدالولي الأركاني | ayat=8
  ✅ read=74 | علي بن عبدالرحمن الحذيفي | ayat=8
  ✅ read=76 | علي جابر | ayat=8
  ✅ read=77 | علي حجاج السويسي | ayat=9
  ✅ read=78 | عماد زهير حافظ | ayat=9
  ✅ read=81 | فارس عباد | ayat=8
  ✅ read=86 | ناصر القطامي | ayat=8
  ✅ read=87 | نبيل الرفاعي | ayat=8
  ✅ read=88 | نعمة الحسان | ayat=8
  ✅ read=89 | هاني الرفاعي | ayat=8
  ✅ read=92 | ياسر الدوسري | ayat=8
  ✅ read=106 | محمد الطبلاوي | ayat=9
  ✅ read=109 | محمد أيوب | ayat=8
  ✅ read=110 | محمد صالح عالم شاه | ayat=8
  ✅ read=112 | محمد صديق المنشاوي | ayat=9
  ✅ read=115 | محمد عبدالكريم | ayat=8
  ✅ read=118 | محمود خليل الحصري | ayat=9
  ✅ read=123 | مشاري العفاسي | ayat=8
  ✅ read=139 | ماجد الزامل | ayat=8
  ✅ read=159 | خالد المهنا | ayat=9
  ✅ read=181 | جمعان العصيمي | ayat=8
  ✅ read=193 | يوسف بن نوح أحمد | ayat=8
  ✅ read=198 | محمد رشاد الشريف | ayat=8
  ✅ read=201 | أحمد الطرابلسي | ayat=8
  ✅ read=203 | أحمد عامر | ayat=8
  ✅ read=217 | بندر بليله | ayat=8
  ✅ read=219 | وديع اليمني | ayat=8
  ✅ read=221 | رعد محمد الكردي | ayat=8
  ✅ read=225 | عبدالرحمن العوسي | ayat=8
  ✅ read=229 | محمد خليل القارئ | ayat=8
  ✅ read=232 | إبراهيم الدوسري | ayat=8
  ✅ read=236 | عبدالرحمن الماجد | ayat=8
  ✅ read=243 | عبدالله الموسى | ayat=8
  ✅ read=244 | عبدالله الخلف | ayat=8
  ✅ read=245 | منصور السالمي | ayat=8
  ✅ read=250 | محمد البخيت | ayat=8
  ✅ read=256 | أحمد خليل شاهين | ayat=8
  ✅ read=258 | عبدالرشيد صوفي | ayat=8
  ✅ read=259 | أحمد النفيس | ayat=8
  ✅ read=265 | أحمد ديبان | ayat=8
  ✅ read=268 | بيشه وا قادر الكردي | ayat=8
  ✅ read=273 | هيثم الدخين | ayat=8
  ✅ read=282 | عبدالعزيز التركي | ayat=8
  ✅ read=289 | أحمد عيسى المعصراوي | ayat=8
  ✅ read=294 | سيد أحمد هاشمي | ayat=8
  ✅ read=295 | خالد كريم محمدي | ayat=8
  ✅ read=299 | حسن صالح | ayat=8
  ✅ read=300 | صالح الشمراني | ayat=8
  ✅ read=303 | عيسى عمر سناكو | ayat=8
  ✅ read=314 | أنس العمادي | ayat=8
  ✅ read=340 | محمد برهجي | ayat=8
  ✅ read=10905 | حسن الدغريري | ayat=8
✅ تم إنشاء: timings_hafs_114/timing_099.json

📖 تحميل توقيتات السورة 100 ...
  ✅ read=1 | إبراهيم الأخضر | ayat=12
  ✅ read=3 | إبراهيم العسيري | ayat=11
  ✅ read=4 | شيخ أبو بكر الشاطري | ayat=11
  ✅ read=5 | أحمد بن علي العجمي | ayat=12
  ✅ read=6 | أحمد الحواشي | ayat=11
  ✅ read=8 | أحمد صابر | ayat=11
  ✅ read=9 | أحمد نعينع | ayat=12
  ✅ read=10 | أكرم العلاقمي | ayat=12
  ✅ read=12 | إدريس أبكر | ayat=11
  ✅ read=13 | الزين محمد أحمد | ayat=11
  ✅ read=17 | توفيق الصايغ | ayat=11
  ✅ read=20 | خالد الجليل | ayat=11
  ✅ read=21 | خالد القحطاني | ayat=11
  ✅ read=22 | خالد عبدالكافي | ayat=11
  ✅ read=24 | خليفة الطنيجي | ayat=11
  ✅ read=25 | داود حمزة | ayat=11
  ✅ read=30 | سعد الغامدي | ayat=11
  ✅ read=31 | سعود الشريم | ayat=12
  ✅ read=32 | سهل ياسين | ayat=12
  ✅ read=33 | زكي داغستاني | ayat=11
  ✅ read=38 | شيرزاد عبدالرحمن طاهر | ayat=11
  ✅ read=39 | صابر عبدالحكم | ayat=11
  ✅ read=40 | صالح الصاهود | ayat=11
  ✅ read=42 | صالح الهبدان | ayat=11
  ✅ read=43 | صلاح البدير | ayat=11
  ✅ read=44 | صلاح الهاشم | ayat=11
  ✅ read=46 | صلاح بو خاطر | ayat=11
  ✅ read=48 | عادل ريان | ayat=11
  ✅ read=49 | عبدالبارئ الثبيتي | ayat=11
  ✅ read=50 | عبدالبارئ محمد | ayat=11
  ✅ read=53 | عبدالباسط عبدالصمد | ayat=12
  ✅ read=54 | عبدالرحمن السديس | ayat=11
  ✅ read=55 | عبدالعزيز الأحمد | ayat=11
  ✅ read=56 | عبدالعزيز الزهراني | ayat=11
  ✅ read=58 | عبدالله البعيجان | ayat=11
  ✅ read=59 | عبدالله المطرود | ayat=11
  ✅ read=60 | عبدالله بصفر | ayat=12
  ✅ read=61 | عبدالله خياط | ayat=11
  ✅ read=62 | عبدالله عواد الجهني | ayat=12
  ✅ read=66 | عبدالمحسن الحارثي | ayat=11
  ✅ read=67 | عبدالمحسن القاسم | ayat=12
  ✅ read=69 | عبدالمحسن العبيكان | ayat=11
  ✅ read=70 | عبدالهادي أحمد كناكري | ayat=11
  ✅ read=71 | عبدالودود حنيف | ayat=11
  ✅ read=72 | عبدالولي الأركاني | ayat=11
  ✅ read=74 | علي بن عبدالرحمن الحذيفي | ayat=11
  ✅ read=76 | علي جابر | ayat=11
  ✅ read=77 | علي حجاج السويسي | ayat=12
  ✅ read=78 | عماد زهير حافظ | ayat=12
  ✅ read=81 | فارس عباد | ayat=11
  ✅ read=86 | ناصر القطامي | ayat=11
  ✅ read=87 | نبيل الرفاعي | ayat=11
  ✅ read=88 | نعمة الحسان | ayat=11
  ✅ read=89 | هاني الرفاعي | ayat=11
  ✅ read=92 | ياسر الدوسري | ayat=11
  ✅ read=106 | محمد الطبلاوي | ayat=12
  ✅ read=109 | محمد أيوب | ayat=11
  ✅ read=110 | محمد صالح عالم شاه | ayat=11
  ✅ read=112 | محمد صديق المنشاوي | ayat=12
  ✅ read=115 | محمد عبدالكريم | ayat=11
  ✅ read=118 | محمود خليل الحصري | ayat=12
  ✅ read=123 | مشاري العفاسي | ayat=11
  ✅ read=139 | ماجد الزامل | ayat=11
  ✅ read=159 | خالد المهنا | ayat=12
  ✅ read=181 | جمعان العصيمي | ayat=11
  ✅ read=193 | يوسف بن نوح أحمد | ayat=11
  ✅ read=198 | محمد رشاد الشريف | ayat=11
  ✅ read=201 | أحمد الطرابلسي | ayat=11
  ✅ read=203 | أحمد عامر | ayat=11
  ✅ read=217 | بندر بليله | ayat=11
  ✅ read=219 | وديع اليمني | ayat=11
  ✅ read=221 | رعد محمد الكردي | ayat=11
  ✅ read=225 | عبدالرحمن العوسي | ayat=11
  ✅ read=229 | محمد خليل القارئ | ayat=11
  ✅ read=232 | إبراهيم الدوسري | ayat=11
  ✅ read=236 | عبدالرحمن الماجد | ayat=11
  ✅ read=243 | عبدالله الموسى | ayat=11
  ✅ read=244 | عبدالله الخلف | ayat=11
  ✅ read=245 | منصور السالمي | ayat=11
  ✅ read=250 | محمد البخيت | ayat=11
  ✅ read=256 | أحمد خليل شاهين | ayat=11
  ✅ read=258 | عبدالرشيد صوفي | ayat=11
  ✅ read=259 | أحمد النفيس | ayat=11
  ✅ read=265 | أحمد ديبان | ayat=11
  ✅ read=268 | بيشه وا قادر الكردي | ayat=11
  ✅ read=273 | هيثم الدخين | ayat=11
  ✅ read=282 | عبدالعزيز التركي | ayat=11
  ✅ read=289 | أحمد عيسى المعصراوي | ayat=11
  ✅ read=294 | سيد أحمد هاشمي | ayat=11
  ✅ read=295 | خالد كريم محمدي | ayat=11
  ✅ read=299 | حسن صالح | ayat=11
  ✅ read=300 | صالح الشمراني | ayat=11
  ✅ read=303 | عيسى عمر سناكو | ayat=11
  ✅ read=314 | أنس العمادي | ayat=11
  ✅ read=340 | محمد برهجي | ayat=11
  ✅ read=10905 | حسن الدغريري | ayat=11
✅ تم إنشاء: timings_hafs_114/timing_100.json

📖 تحميل توقيتات السورة 101 ...
  ✅ read=1 | إبراهيم الأخضر | ayat=12
  ✅ read=3 | إبراهيم العسيري | ayat=11
  ✅ read=4 | شيخ أبو بكر الشاطري | ayat=11
  ✅ read=5 | أحمد بن علي العجمي | ayat=12
  ✅ read=6 | أحمد الحواشي | ayat=11
  ✅ read=8 | أحمد صابر | ayat=11
  ✅ read=9 | أحمد نعينع | ayat=12
  ✅ read=10 | أكرم العلاقمي | ayat=12
  ✅ read=12 | إدريس أبكر | ayat=11
  ✅ read=13 | الزين محمد أحمد | ayat=11
  ✅ read=17 | توفيق الصايغ | ayat=11
  ✅ read=20 | خالد الجليل | ayat=11
  ✅ read=21 | خالد القحطاني | ayat=11
  ✅ read=22 | خالد عبدالكافي | ayat=11
  ✅ read=24 | خليفة الطنيجي | ayat=11
  ✅ read=25 | داود حمزة | ayat=11
  ✅ read=30 | سعد الغامدي | ayat=11
  ✅ read=31 | سعود الشريم | ayat=12
  ✅ read=32 | سهل ياسين | ayat=12
  ✅ read=33 | زكي داغستاني | ayat=11
  ✅ read=38 | شيرزاد عبدالرحمن طاهر | ayat=11
  ✅ read=39 | صابر عبدالحكم | ayat=11
  ✅ read=40 | صالح الصاهود | ayat=11
  ✅ read=42 | صالح الهبدان | ayat=11
  ✅ read=43 | صلاح البدير | ayat=11
  ✅ read=44 | صلاح الهاشم | ayat=11
  ✅ read=46 | صلاح بو خاطر | ayat=11
  ✅ read=48 | عادل ريان | ayat=11
  ✅ read=49 | عبدالبارئ الثبيتي | ayat=11
  ✅ read=50 | عبدالبارئ محمد | ayat=11
  ✅ read=53 | عبدالباسط عبدالصمد | ayat=12
  ✅ read=54 | عبدالرحمن السديس | ayat=11
  ✅ read=55 | عبدالعزيز الأحمد | ayat=11
  ✅ read=56 | عبدالعزيز الزهراني | ayat=11
  ✅ read=58 | عبدالله البعيجان | ayat=11
  ✅ read=59 | عبدالله المطرود | ayat=11
  ✅ read=60 | عبدالله بصفر | ayat=12
  ✅ read=61 | عبدالله خياط | ayat=11
  ✅ read=62 | عبدالله عواد الجهني | ayat=12
  ✅ read=66 | عبدالمحسن الحارثي | ayat=11
  ✅ read=67 | عبدالمحسن القاسم | ayat=12
  ✅ read=69 | عبدالمحسن العبيكان | ayat=11
  ✅ read=70 | عبدالهادي أحمد كناكري | ayat=11
  ✅ read=71 | عبدالودود حنيف | ayat=11
  ✅ read=72 | عبدالولي الأركاني | ayat=11
  ✅ read=74 | علي بن عبدالرحمن الحذيفي | ayat=11
  ✅ read=76 | علي جابر | ayat=11
  ✅ read=77 | علي حجاج السويسي | ayat=12
  ✅ read=78 | عماد زهير حافظ | ayat=12
  ✅ read=81 | فارس عباد | ayat=11
  ✅ read=86 | ناصر القطامي | ayat=11
  ✅ read=87 | نبيل الرفاعي | ayat=11
  ✅ read=88 | نعمة الحسان | ayat=11
  ✅ read=89 | هاني الرفاعي | ayat=11
  ✅ read=92 | ياسر الدوسري | ayat=11
  ✅ read=106 | محمد الطبلاوي | ayat=12
  ✅ read=109 | محمد أيوب | ayat=11
  ✅ read=110 | محمد صالح عالم شاه | ayat=11
  ✅ read=112 | محمد صديق المنشاوي | ayat=12
  ✅ read=115 | محمد عبدالكريم | ayat=11
  ✅ read=118 | محمود خليل الحصري | ayat=12
  ✅ read=123 | مشاري العفاسي | ayat=11
  ✅ read=139 | ماجد الزامل | ayat=11
  ✅ read=159 | خالد المهنا | ayat=12
  ✅ read=181 | جمعان العصيمي | ayat=11
  ✅ read=193 | يوسف بن نوح أحمد | ayat=11
  ✅ read=198 | محمد رشاد الشريف | ayat=11
  ✅ read=201 | أحمد الطرابلسي | ayat=11
  ✅ read=203 | أحمد عامر | ayat=11
  ✅ read=217 | بندر بليله | ayat=11
  ✅ read=219 | وديع اليمني | ayat=11
  ✅ read=221 | رعد محمد الكردي | ayat=11
  ✅ read=225 | عبدالرحمن العوسي | ayat=11
  ✅ read=229 | محمد خليل القارئ | ayat=11
  ✅ read=232 | إبراهيم الدوسري | ayat=11
  ✅ read=236 | عبدالرحمن الماجد | ayat=11
  ✅ read=243 | عبدالله الموسى | ayat=11
  ✅ read=244 | عبدالله الخلف | ayat=11
  ✅ read=245 | منصور السالمي | ayat=11
  ✅ read=250 | محمد البخيت | ayat=11
  ✅ read=256 | أحمد خليل شاهين | ayat=11
  ✅ read=258 | عبدالرشيد صوفي | ayat=11
  ✅ read=259 | أحمد النفيس | ayat=11
  ✅ read=265 | أحمد ديبان | ayat=11
  ✅ read=268 | بيشه وا قادر الكردي | ayat=11
  ✅ read=273 | هيثم الدخين | ayat=11
  ✅ read=282 | عبدالعزيز التركي | ayat=11
  ✅ read=289 | أحمد عيسى المعصراوي | ayat=11
  ✅ read=294 | سيد أحمد هاشمي | ayat=11
  ✅ read=295 | خالد كريم محمدي | ayat=11
  ✅ read=299 | حسن صالح | ayat=11
  ✅ read=300 | صالح الشمراني | ayat=11
  ✅ read=303 | عيسى عمر سناكو | ayat=11
  ✅ read=314 | أنس العمادي | ayat=11
  ✅ read=340 | محمد برهجي | ayat=11
  ✅ read=10905 | حسن الدغريري | ayat=11
✅ تم إنشاء: timings_hafs_114/timing_101.json

📖 تحميل توقيتات السورة 102 ...
  ✅ read=1 | إبراهيم الأخضر | ayat=9
  ✅ read=3 | إبراهيم العسيري | ayat=8
  ✅ read=4 | شيخ أبو بكر الشاطري | ayat=8
  ✅ read=5 | أحمد بن علي العجمي | ayat=9
  ✅ read=6 | أحمد الحواشي | ayat=8
  ✅ read=8 | أحمد صابر | ayat=8
  ✅ read=9 | أحمد نعينع | ayat=9
  ✅ read=10 | أكرم العلاقمي | ayat=9
  ✅ read=12 | إدريس أبكر | ayat=8
  ✅ read=13 | الزين محمد أحمد | ayat=8
  ✅ read=17 | توفيق الصايغ | ayat=8
  ✅ read=20 | خالد الجليل | ayat=8
  ✅ read=21 | خالد القحطاني | ayat=8
  ✅ read=22 | خالد عبدالكافي | ayat=8
  ✅ read=24 | خليفة الطنيجي | ayat=8
  ✅ read=25 | داود حمزة | ayat=8
  ✅ read=30 | سعد الغامدي | ayat=8
  ✅ read=31 | سعود الشريم | ayat=9
  ✅ read=32 | سهل ياسين | ayat=9
  ✅ read=33 | زكي داغستاني | ayat=8
  ✅ read=38 | شيرزاد عبدالرحمن طاهر | ayat=8
  ✅ read=39 | صابر عبدالحكم | ayat=8
  ✅ read=40 | صالح الصاهود | ayat=8
  ✅ read=42 | صالح الهبدان | ayat=8
  ✅ read=43 | صلاح البدير | ayat=8
  ✅ read=44 | صلاح الهاشم | ayat=8
  ✅ read=46 | صلاح بو خاطر | ayat=8
  ✅ read=48 | عادل ريان | ayat=8
  ✅ read=49 | عبدالبارئ الثبيتي | ayat=8
  ✅ read=50 | عبدالبارئ محمد | ayat=8
  ✅ read=53 | عبدالباسط عبدالصمد | ayat=9
  ✅ read=54 | عبدالرحمن السديس | ayat=8
  ✅ read=55 | عبدالعزيز الأحمد | ayat=8
  ✅ read=56 | عبدالعزيز الزهراني | ayat=8
  ✅ read=58 | عبدالله البعيجان | ayat=8
  ✅ read=59 | عبدالله المطرود | ayat=8
  ✅ read=60 | عبدالله بصفر | ayat=9
  ✅ read=61 | عبدالله خياط | ayat=8
  ✅ read=62 | عبدالله عواد الجهني | ayat=9
  ✅ read=66 | عبدالمحسن الحارثي | ayat=8
  ✅ read=67 | عبدالمحسن القاسم | ayat=9
  ✅ read=69 | عبدالمحسن العبيكان | ayat=8
  ✅ read=70 | عبدالهادي أحمد كناكري | ayat=8
  ✅ read=71 | عبدالودود حنيف | ayat=8
  ✅ read=72 | عبدالولي الأركاني | ayat=8
  ✅ read=74 | علي بن عبدالرحمن الحذيفي | ayat=8
  ✅ read=76 | علي جابر | ayat=8
  ✅ read=77 | علي حجاج السويسي | ayat=9
  ✅ read=78 | عماد زهير حافظ | ayat=9
  ✅ read=81 | فارس عباد | ayat=8
  ✅ read=86 | ناصر القطامي | ayat=8
  ✅ read=87 | نبيل الرفاعي | ayat=8
  ✅ read=88 | نعمة الحسان | ayat=8
  ✅ read=89 | هاني الرفاعي | ayat=8
  ✅ read=92 | ياسر الدوسري | ayat=8
  ✅ read=106 | محمد الطبلاوي | ayat=9
  ✅ read=109 | محمد أيوب | ayat=8
  ✅ read=110 | محمد صالح عالم شاه | ayat=8
  ✅ read=112 | محمد صديق المنشاوي | ayat=9
  ✅ read=115 | محمد عبدالكريم | ayat=8
  ✅ read=118 | محمود خليل الحصري | ayat=9
  ✅ read=123 | مشاري العفاسي | ayat=8
  ✅ read=139 | ماجد الزامل | ayat=8
  ✅ read=159 | خالد المهنا | ayat=9
  ✅ read=181 | جمعان العصيمي | ayat=8
  ✅ read=193 | يوسف بن نوح أحمد | ayat=8
  ✅ read=198 | محمد رشاد الشريف | ayat=8
  ✅ read=201 | أحمد الطرابلسي | ayat=8
  ✅ read=203 | أحمد عامر | ayat=8
  ✅ read=217 | بندر بليله | ayat=8
  ✅ read=219 | وديع اليمني | ayat=8
  ✅ read=221 | رعد محمد الكردي | ayat=8
  ✅ read=225 | عبدالرحمن العوسي | ayat=8
  ✅ read=229 | محمد خليل القارئ | ayat=8
  ✅ read=232 | إبراهيم الدوسري | ayat=8
  ✅ read=236 | عبدالرحمن الماجد | ayat=8
  ✅ read=243 | عبدالله الموسى | ayat=8
  ✅ read=244 | عبدالله الخلف | ayat=8
  ✅ read=245 | منصور السالمي | ayat=8
  ✅ read=250 | محمد البخيت | ayat=8
  ✅ read=256 | أحمد خليل شاهين | ayat=8
  ✅ read=258 | عبدالرشيد صوفي | ayat=8
  ✅ read=259 | أحمد النفيس | ayat=8
  ✅ read=265 | أحمد ديبان | ayat=8
  ✅ read=268 | بيشه وا قادر الكردي | ayat=8
  ✅ read=273 | هيثم الدخين | ayat=8
  ✅ read=282 | عبدالعزيز التركي | ayat=8
  ✅ read=289 | أحمد عيسى المعصراوي | ayat=8
  ✅ read=294 | سيد أحمد هاشمي | ayat=8
  ✅ read=295 | خالد كريم محمدي | ayat=8
  ✅ read=299 | حسن صالح | ayat=8
  ✅ read=300 | صالح الشمراني | ayat=8
  ✅ read=303 | عيسى عمر سناكو | ayat=8
  ✅ read=314 | أنس العمادي | ayat=8
  ✅ read=340 | محمد برهجي | ayat=8
  ✅ read=10905 | حسن الدغريري | ayat=8
✅ تم إنشاء: timings_hafs_114/timing_102.json

📖 تحميل توقيتات السورة 103 ...
  ✅ read=1 | إبراهيم الأخضر | ayat=4
  ✅ read=3 | إبراهيم العسيري | ayat=3
  ✅ read=4 | شيخ أبو بكر الشاطري | ayat=3
  ✅ read=5 | أحمد بن علي العجمي | ayat=4
  ✅ read=6 | أحمد الحواشي | ayat=3
  ✅ read=8 | أحمد صابر | ayat=3
  ✅ read=9 | أحمد نعينع | ayat=4
  ✅ read=10 | أكرم العلاقمي | ayat=4
  ✅ read=12 | إدريس أبكر | ayat=3
  ✅ read=13 | الزين محمد أحمد | ayat=3
  ✅ read=17 | توفيق الصايغ | ayat=3
  ✅ read=20 | خالد الجليل | ayat=3
  ✅ read=21 | خالد القحطاني | ayat=3
  ✅ read=22 | خالد عبدالكافي | ayat=3
  ✅ read=24 | خليفة الطنيجي | ayat=3
  ✅ read=25 | داود حمزة | ayat=3
  ✅ read=30 | سعد الغامدي | ayat=3
  ✅ read=31 | سعود الشريم | ayat=4
  ✅ read=32 | سهل ياسين | ayat=4
  ✅ read=33 | زكي داغستاني | ayat=3
  ✅ read=38 | شيرزاد عبدالرحمن طاهر | ayat=3
  ✅ read=39 | صابر عبدالحكم | ayat=3
  ✅ read=40 | صالح الصاهود | ayat=3
  ✅ read=42 | صالح الهبدان | ayat=3
  ✅ read=43 | صلاح البدير | ayat=3
  ✅ read=44 | صلاح الهاشم | ayat=3
  ✅ read=46 | صلاح بو خاطر | ayat=3
  ✅ read=48 | عادل ريان | ayat=3
  ✅ read=49 | عبدالبارئ الثبيتي | ayat=3
  ✅ read=50 | عبدالبارئ محمد | ayat=3
  ✅ read=53 | عبدالباسط عبدالصمد | ayat=4
  ✅ read=54 | عبدالرحمن السديس | ayat=3
  ✅ read=55 | عبدالعزيز الأحمد | ayat=3
  ✅ read=56 | عبدالعزيز الزهراني | ayat=3
  ✅ read=58 | عبدالله البعيجان | ayat=3
  ✅ read=59 | عبدالله المطرود | ayat=3
  ✅ read=60 | عبدالله بصفر | ayat=4
  ✅ read=61 | عبدالله خياط | ayat=3
  ✅ read=62 | عبدالله عواد الجهني | ayat=4
  ✅ read=66 | عبدالمحسن الحارثي | ayat=3
  ✅ read=67 | عبدالمحسن القاسم | ayat=4
  ✅ read=69 | عبدالمحسن العبيكان | ayat=3
  ✅ read=70 | عبدالهادي أحمد كناكري | ayat=3
  ✅ read=71 | عبدالودود حنيف | ayat=3
  ✅ read=72 | عبدالولي الأركاني | ayat=3
  ✅ read=74 | علي بن عبدالرحمن الحذيفي | ayat=3
  ✅ read=76 | علي جابر | ayat=3
  ✅ read=77 | علي حجاج السويسي | ayat=4
  ✅ read=78 | عماد زهير حافظ | ayat=4
  ✅ read=81 | فارس عباد | ayat=3
  ✅ read=86 | ناصر القطامي | ayat=3
  ✅ read=87 | نبيل الرفاعي | ayat=3
  ✅ read=88 | نعمة الحسان | ayat=3
  ✅ read=89 | هاني الرفاعي | ayat=3
  ✅ read=92 | ياسر الدوسري | ayat=3
  ✅ read=106 | محمد الطبلاوي | ayat=4
  ✅ read=109 | محمد أيوب | ayat=3
  ✅ read=110 | محمد صالح عالم شاه | ayat=3
  ✅ read=112 | محمد صديق المنشاوي | ayat=4
  ✅ read=115 | محمد عبدالكريم | ayat=3
  ✅ read=118 | محمود خليل الحصري | ayat=4
  ✅ read=123 | مشاري العفاسي | ayat=3
  ✅ read=139 | ماجد الزامل | ayat=3
  ✅ read=159 | خالد المهنا | ayat=4
  ✅ read=181 | جمعان العصيمي | ayat=3
  ✅ read=193 | يوسف بن نوح أحمد | ayat=3
  ✅ read=198 | محمد رشاد الشريف | ayat=3
  ✅ read=201 | أحمد الطرابلسي | ayat=3
  ✅ read=203 | أحمد عامر | ayat=3
  ✅ read=217 | بندر بليله | ayat=3
  ✅ read=219 | وديع اليمني | ayat=3
  ✅ read=221 | رعد محمد الكردي | ayat=3
  ✅ read=225 | عبدالرحمن العوسي | ayat=3
  ✅ read=229 | محمد خليل القارئ | ayat=3
  ✅ read=232 | إبراهيم الدوسري | ayat=3
  ✅ read=236 | عبدالرحمن الماجد | ayat=3
  ✅ read=243 | عبدالله الموسى | ayat=3
  ✅ read=244 | عبدالله الخلف | ayat=3
  ✅ read=245 | منصور السالمي | ayat=3
  ✅ read=250 | محمد البخيت | ayat=3
  ✅ read=256 | أحمد خليل شاهين | ayat=3
  ✅ read=258 | عبدالرشيد صوفي | ayat=3
  ✅ read=259 | أحمد النفيس | ayat=3
  ✅ read=265 | أحمد ديبان | ayat=3
  ✅ read=268 | بيشه وا قادر الكردي | ayat=3
  ✅ read=273 | هيثم الدخين | ayat=3
  ✅ read=282 | عبدالعزيز التركي | ayat=3
  ✅ read=289 | أحمد عيسى المعصراوي | ayat=3
  ✅ read=294 | سيد أحمد هاشمي | ayat=3
  ✅ read=295 | خالد كريم محمدي | ayat=3
  ✅ read=299 | حسن صالح | ayat=3
  ✅ read=300 | صالح الشمراني | ayat=3
  ✅ read=303 | عيسى عمر سناكو | ayat=3
  ✅ read=314 | أنس العمادي | ayat=3
  ✅ read=340 | محمد برهجي | ayat=3
  ✅ read=10905 | حسن الدغريري | ayat=3
✅ تم إنشاء: timings_hafs_114/timing_103.json

📖 تحميل توقيتات السورة 104 ...
  ✅ read=1 | إبراهيم الأخضر | ayat=10
  ✅ read=3 | إبراهيم العسيري | ayat=9
  ✅ read=4 | شيخ أبو بكر الشاطري | ayat=9
  ✅ read=5 | أحمد بن علي العجمي | ayat=10
  ✅ read=6 | أحمد الحواشي | ayat=9
  ✅ read=8 | أحمد صابر | ayat=9
  ✅ read=9 | أحمد نعينع | ayat=10
  ✅ read=10 | أكرم العلاقمي | ayat=10
  ✅ read=12 | إدريس أبكر | ayat=9
  ✅ read=13 | الزين محمد أحمد | ayat=9
  ✅ read=17 | توفيق الصايغ | ayat=9
  ✅ read=20 | خالد الجليل | ayat=9
  ✅ read=21 | خالد القحطاني | ayat=9
  ✅ read=22 | خالد عبدالكافي | ayat=9
  ✅ read=24 | خليفة الطنيجي | ayat=9
  ✅ read=25 | داود حمزة | ayat=9
  ✅ read=30 | سعد الغامدي | ayat=9
  ✅ read=31 | سعود الشريم | ayat=10
  ✅ read=32 | سهل ياسين | ayat=10
  ✅ read=33 | زكي داغستاني | ayat=9
  ✅ read=38 | شيرزاد عبدالرحمن طاهر | ayat=9
  ✅ read=39 | صابر عبدالحكم | ayat=9
  ✅ read=40 | صالح الصاهود | ayat=9
  ✅ read=42 | صالح الهبدان | ayat=9
  ✅ read=43 | صلاح البدير | ayat=9
  ✅ read=44 | صلاح الهاشم | ayat=9
  ✅ read=46 | صلاح بو خاطر | ayat=9
  ✅ read=48 | عادل ريان | ayat=9
  ✅ read=49 | عبدالبارئ الثبيتي | ayat=9
  ✅ read=50 | عبدالبارئ محمد | ayat=9
  ✅ read=53 | عبدالباسط عبدالصمد | ayat=10
  ✅ read=54 | عبدالرحمن السديس | ayat=9
  ✅ read=55 | عبدالعزيز الأحمد | ayat=9
  ✅ read=56 | عبدالعزيز الزهراني | ayat=9
  ✅ read=58 | عبدالله البعيجان | ayat=9
  ✅ read=59 | عبدالله المطرود | ayat=9
  ✅ read=60 | عبدالله بصفر | ayat=10
  ✅ read=61 | عبدالله خياط | ayat=9
  ✅ read=62 | عبدالله عواد الجهني | ayat=10
  ✅ read=66 | عبدالمحسن الحارثي | ayat=9
  ✅ read=67 | عبدالمحسن القاسم | ayat=10
  ✅ read=69 | عبدالمحسن العبيكان | ayat=9
  ✅ read=70 | عبدالهادي أحمد كناكري | ayat=9
  ✅ read=71 | عبدالودود حنيف | ayat=9
  ✅ read=72 | عبدالولي الأركاني | ayat=9
  ✅ read=74 | علي بن عبدالرحمن الحذيفي | ayat=9
  ✅ read=76 | علي جابر | ayat=9
  ✅ read=77 | علي حجاج السويسي | ayat=10
  ✅ read=78 | عماد زهير حافظ | ayat=10
  ✅ read=81 | فارس عباد | ayat=9
  ✅ read=86 | ناصر القطامي | ayat=9
  ✅ read=87 | نبيل الرفاعي | ayat=9
  ✅ read=88 | نعمة الحسان | ayat=9
  ✅ read=89 | هاني الرفاعي | ayat=9
  ✅ read=92 | ياسر الدوسري | ayat=9
  ✅ read=106 | محمد الطبلاوي | ayat=10
  ✅ read=109 | محمد أيوب | ayat=9
  ✅ read=110 | محمد صالح عالم شاه | ayat=9
  ✅ read=112 | محمد صديق المنشاوي | ayat=10
  ✅ read=115 | محمد عبدالكريم | ayat=9
  ✅ read=118 | محمود خليل الحصري | ayat=10
  ✅ read=123 | مشاري العفاسي | ayat=9
  ✅ read=139 | ماجد الزامل | ayat=9
  ✅ read=159 | خالد المهنا | ayat=10
  ✅ read=181 | جمعان العصيمي | ayat=9
  ✅ read=193 | يوسف بن نوح أحمد | ayat=9
  ✅ read=198 | محمد رشاد الشريف | ayat=9
  ✅ read=201 | أحمد الطرابلسي | ayat=9
  ✅ read=203 | أحمد عامر | ayat=9
  ✅ read=217 | بندر بليله | ayat=9
  ✅ read=219 | وديع اليمني | ayat=9
  ✅ read=221 | رعد محمد الكردي | ayat=9
  ✅ read=225 | عبدالرحمن العوسي | ayat=9
  ✅ read=229 | محمد خليل القارئ | ayat=9
  ✅ read=232 | إبراهيم الدوسري | ayat=9
  ✅ read=236 | عبدالرحمن الماجد | ayat=9
  ✅ read=243 | عبدالله الموسى | ayat=9
  ✅ read=244 | عبدالله الخلف | ayat=9
  ✅ read=245 | منصور السالمي | ayat=9
  ✅ read=250 | محمد البخيت | ayat=9
  ✅ read=256 | أحمد خليل شاهين | ayat=9
  ✅ read=258 | عبدالرشيد صوفي | ayat=9
  ✅ read=259 | أحمد النفيس | ayat=9
  ✅ read=265 | أحمد ديبان | ayat=9
  ✅ read=268 | بيشه وا قادر الكردي | ayat=9
  ✅ read=273 | هيثم الدخين | ayat=9
  ✅ read=282 | عبدالعزيز التركي | ayat=9
  ✅ read=289 | أحمد عيسى المعصراوي | ayat=9
  ✅ read=294 | سيد أحمد هاشمي | ayat=9
  ✅ read=295 | خالد كريم محمدي | ayat=9
  ✅ read=299 | حسن صالح | ayat=9
  ✅ read=300 | صالح الشمراني | ayat=9
  ✅ read=303 | عيسى عمر سناكو | ayat=9
  ✅ read=314 | أنس العمادي | ayat=9
  ✅ read=340 | محمد برهجي | ayat=9
  ✅ read=10905 | حسن الدغريري | ayat=9
✅ تم إنشاء: timings_hafs_114/timing_104.json

📖 تحميل توقيتات السورة 105 ...
  ✅ read=1 | إبراهيم الأخضر | ayat=6
  ✅ read=3 | إبراهيم العسيري | ayat=5
  ✅ read=4 | شيخ أبو بكر الشاطري | ayat=5
  ✅ read=5 | أحمد بن علي العجمي | ayat=6
  ✅ read=6 | أحمد الحواشي | ayat=5
  ✅ read=8 | أحمد صابر | ayat=5
  ✅ read=9 | أحمد نعينع | ayat=6
  ✅ read=10 | أكرم العلاقمي | ayat=6
  ✅ read=12 | إدريس أبكر | ayat=5
  ✅ read=13 | الزين محمد أحمد | ayat=5
  ✅ read=17 | توفيق الصايغ | ayat=5
  ✅ read=20 | خالد الجليل | ayat=5
  ✅ read=21 | خالد القحطاني | ayat=5
  ✅ read=22 | خالد عبدالكافي | ayat=5
  ✅ read=24 | خليفة الطنيجي | ayat=5
  ✅ read=25 | داود حمزة | ayat=5
  ✅ read=30 | سعد الغامدي | ayat=5
  ✅ read=31 | سعود الشريم | ayat=6
  ✅ read=32 | سهل ياسين | ayat=6
  ✅ read=33 | زكي داغستاني | ayat=5
  ✅ read=38 | شيرزاد عبدالرحمن طاهر | ayat=5
  ✅ read=39 | صابر عبدالحكم | ayat=5
  ✅ read=40 | صالح الصاهود | ayat=5
  ✅ read=42 | صالح الهبدان | ayat=5
  ✅ read=43 | صلاح البدير | ayat=5
  ✅ read=44 | صلاح الهاشم | ayat=5
  ✅ read=46 | صلاح بو خاطر | ayat=5
  ✅ read=48 | عادل ريان | ayat=5
  ✅ read=49 | عبدالبارئ الثبيتي | ayat=5
  ✅ read=50 | عبدالبارئ محمد | ayat=5
  ✅ read=53 | عبدالباسط عبدالصمد | ayat=6
  ✅ read=54 | عبدالرحمن السديس | ayat=5
  ✅ read=55 | عبدالعزيز الأحمد | ayat=5
  ✅ read=56 | عبدالعزيز الزهراني | ayat=5
  ✅ read=58 | عبدالله البعيجان | ayat=5
  ✅ read=59 | عبدالله المطرود | ayat=5
  ✅ read=60 | عبدالله بصفر | ayat=6
  ✅ read=61 | عبدالله خياط | ayat=5
  ✅ read=62 | عبدالله عواد الجهني | ayat=6
  ✅ read=66 | عبدالمحسن الحارثي | ayat=5
  ✅ read=67 | عبدالمحسن القاسم | ayat=6
  ✅ read=69 | عبدالمحسن العبيكان | ayat=5
  ✅ read=70 | عبدالهادي أحمد كناكري | ayat=5
  ✅ read=71 | عبدالودود حنيف | ayat=5
  ✅ read=72 | عبدالولي الأركاني | ayat=5
  ✅ read=74 | علي بن عبدالرحمن الحذيفي | ayat=5
  ✅ read=76 | علي جابر | ayat=5
  ✅ read=77 | علي حجاج السويسي | ayat=6
  ✅ read=78 | عماد زهير حافظ | ayat=6
  ✅ read=81 | فارس عباد | ayat=5
  ✅ read=86 | ناصر القطامي | ayat=5
  ✅ read=87 | نبيل الرفاعي | ayat=5
  ✅ read=88 | نعمة الحسان | ayat=5
  ✅ read=89 | هاني الرفاعي | ayat=5
  ✅ read=92 | ياسر الدوسري | ayat=5
  ✅ read=106 | محمد الطبلاوي | ayat=6
  ✅ read=109 | محمد أيوب | ayat=5
  ✅ read=110 | محمد صالح عالم شاه | ayat=5
  ✅ read=112 | محمد صديق المنشاوي | ayat=6
  ✅ read=115 | محمد عبدالكريم | ayat=5
  ✅ read=118 | محمود خليل الحصري | ayat=6
  ✅ read=123 | مشاري العفاسي | ayat=5
  ✅ read=139 | ماجد الزامل | ayat=5
  ✅ read=159 | خالد المهنا | ayat=6
  ✅ read=181 | جمعان العصيمي | ayat=5
  ✅ read=193 | يوسف بن نوح أحمد | ayat=5
  ✅ read=198 | محمد رشاد الشريف | ayat=5
  ✅ read=201 | أحمد الطرابلسي | ayat=5
  ✅ read=203 | أحمد عامر | ayat=5
  ✅ read=217 | بندر بليله | ayat=5
  ✅ read=219 | وديع اليمني | ayat=5
  ✅ read=221 | رعد محمد الكردي | ayat=5
  ✅ read=225 | عبدالرحمن العوسي | ayat=5
  ✅ read=229 | محمد خليل القارئ | ayat=5
  ✅ read=232 | إبراهيم الدوسري | ayat=5
  ✅ read=236 | عبدالرحمن الماجد | ayat=5
  ✅ read=243 | عبدالله الموسى | ayat=5
  ✅ read=244 | عبدالله الخلف | ayat=5
  ✅ read=245 | منصور السالمي | ayat=5
  ✅ read=250 | محمد البخيت | ayat=5
  ✅ read=256 | أحمد خليل شاهين | ayat=5
  ✅ read=258 | عبدالرشيد صوفي | ayat=5
  ✅ read=259 | أحمد النفيس | ayat=5
  ✅ read=265 | أحمد ديبان | ayat=5
  ✅ read=268 | بيشه وا قادر الكردي | ayat=5
  ✅ read=273 | هيثم الدخين | ayat=5
  ✅ read=282 | عبدالعزيز التركي | ayat=5
  ✅ read=289 | أحمد عيسى المعصراوي | ayat=5
  ✅ read=294 | سيد أحمد هاشمي | ayat=5
  ✅ read=295 | خالد كريم محمدي | ayat=5
  ✅ read=299 | حسن صالح | ayat=5
  ✅ read=300 | صالح الشمراني | ayat=5
  ✅ read=303 | عيسى عمر سناكو | ayat=5
  ✅ read=314 | أنس العمادي | ayat=5
  ✅ read=340 | محمد برهجي | ayat=5
  ✅ read=10905 | حسن الدغريري | ayat=5
✅ تم إنشاء: timings_hafs_114/timing_105.json

📖 تحميل توقيتات السورة 106 ...
  ✅ read=1 | إبراهيم الأخضر | ayat=5
  ✅ read=3 | إبراهيم العسيري | ayat=4
  ✅ read=4 | شيخ أبو بكر الشاطري | ayat=4
  ✅ read=5 | أحمد بن علي العجمي | ayat=5
  ✅ read=6 | أحمد الحواشي | ayat=4
  ✅ read=8 | أحمد صابر | ayat=4
  ✅ read=9 | أحمد نعينع | ayat=5
  ✅ read=10 | أكرم العلاقمي | ayat=5
  ✅ read=12 | إدريس أبكر | ayat=4
  ✅ read=13 | الزين محمد أحمد | ayat=4
  ✅ read=17 | توفيق الصايغ | ayat=4
  ✅ read=20 | خالد الجليل | ayat=4
  ✅ read=21 | خالد القحطاني | ayat=4
  ✅ read=22 | خالد عبدالكافي | ayat=4
  ✅ read=24 | خليفة الطنيجي | ayat=4
  ✅ read=25 | داود حمزة | ayat=4
  ✅ read=30 | سعد الغامدي | ayat=4
  ✅ read=31 | سعود الشريم | ayat=5
  ✅ read=32 | سهل ياسين | ayat=5
  ✅ read=33 | زكي داغستاني | ayat=4
  ✅ read=38 | شيرزاد عبدالرحمن طاهر | ayat=4
  ✅ read=39 | صابر عبدالحكم | ayat=4
  ✅ read=40 | صالح الصاهود | ayat=4
  ✅ read=42 | صالح الهبدان | ayat=4
  ✅ read=43 | صلاح البدير | ayat=4
  ✅ read=44 | صلاح الهاشم | ayat=4
  ✅ read=46 | صلاح بو خاطر | ayat=4
  ✅ read=48 | عادل ريان | ayat=4
  ✅ read=49 | عبدالبارئ الثبيتي | ayat=4
  ✅ read=50 | عبدالبارئ محمد | ayat=4
  ✅ read=53 | عبدالباسط عبدالصمد | ayat=5
  ✅ read=54 | عبدالرحمن السديس | ayat=4
  ✅ read=55 | عبدالعزيز الأحمد | ayat=4
  ✅ read=56 | عبدالعزيز الزهراني | ayat=4
  ✅ read=58 | عبدالله البعيجان | ayat=4
  ✅ read=59 | عبدالله المطرود | ayat=4
  ✅ read=60 | عبدالله بصفر | ayat=5
  ✅ read=61 | عبدالله خياط | ayat=4
  ✅ read=62 | عبدالله عواد الجهني | ayat=5
  ✅ read=66 | عبدالمحسن الحارثي | ayat=4
  ✅ read=67 | عبدالمحسن القاسم | ayat=5
  ✅ read=69 | عبدالمحسن العبيكان | ayat=4
  ✅ read=70 | عبدالهادي أحمد كناكري | ayat=4
  ✅ read=71 | عبدالودود حنيف | ayat=4
  ✅ read=72 | عبدالولي الأركاني | ayat=4
  ✅ read=74 | علي بن عبدالرحمن الحذيفي | ayat=4
  ✅ read=76 | علي جابر | ayat=4
  ✅ read=77 | علي حجاج السويسي | ayat=5
  ✅ read=78 | عماد زهير حافظ | ayat=5
  ✅ read=81 | فارس عباد | ayat=4
  ✅ read=86 | ناصر القطامي | ayat=4
  ✅ read=87 | نبيل الرفاعي | ayat=4
  ✅ read=88 | نعمة الحسان | ayat=4
  ✅ read=89 | هاني الرفاعي | ayat=4
  ✅ read=92 | ياسر الدوسري | ayat=4
  ✅ read=106 | محمد الطبلاوي | ayat=5
  ✅ read=109 | محمد أيوب | ayat=4
  ✅ read=110 | محمد صالح عالم شاه | ayat=4
  ✅ read=112 | محمد صديق المنشاوي | ayat=5
  ✅ read=115 | محمد عبدالكريم | ayat=4
  ✅ read=118 | محمود خليل الحصري | ayat=5
  ✅ read=123 | مشاري العفاسي | ayat=4
  ✅ read=139 | ماجد الزامل | ayat=4
  ✅ read=159 | خالد المهنا | ayat=5
  ✅ read=181 | جمعان العصيمي | ayat=4
  ✅ read=193 | يوسف بن نوح أحمد | ayat=4
  ✅ read=198 | محمد رشاد الشريف | ayat=4
  ✅ read=201 | أحمد الطرابلسي | ayat=4
  ✅ read=203 | أحمد عامر | ayat=4
  ✅ read=217 | بندر بليله | ayat=4
  ✅ read=219 | وديع اليمني | ayat=4
  ✅ read=221 | رعد محمد الكردي | ayat=4
  ✅ read=225 | عبدالرحمن العوسي | ayat=4
  ✅ read=229 | محمد خليل القارئ | ayat=4
  ✅ read=232 | إبراهيم الدوسري | ayat=4
  ✅ read=236 | عبدالرحمن الماجد | ayat=4
  ✅ read=243 | عبدالله الموسى | ayat=4
  ✅ read=244 | عبدالله الخلف | ayat=4
  ✅ read=245 | منصور السالمي | ayat=4
  ✅ read=250 | محمد البخيت | ayat=4
  ✅ read=256 | أحمد خليل شاهين | ayat=4
  ✅ read=258 | عبدالرشيد صوفي | ayat=4
  ✅ read=259 | أحمد النفيس | ayat=4
  ✅ read=265 | أحمد ديبان | ayat=4
  ✅ read=268 | بيشه وا قادر الكردي | ayat=4
  ✅ read=273 | هيثم الدخين | ayat=4
  ✅ read=282 | عبدالعزيز التركي | ayat=4
  ✅ read=289 | أحمد عيسى المعصراوي | ayat=4
  ✅ read=294 | سيد أحمد هاشمي | ayat=4
  ✅ read=295 | خالد كريم محمدي | ayat=4
  ✅ read=299 | حسن صالح | ayat=4
  ✅ read=300 | صالح الشمراني | ayat=4
  ✅ read=303 | عيسى عمر سناكو | ayat=4
  ✅ read=314 | أنس العمادي | ayat=4
  ✅ read=340 | محمد برهجي | ayat=4
  ✅ read=10905 | حسن الدغريري | ayat=4
✅ تم إنشاء: timings_hafs_114/timing_106.json

📖 تحميل توقيتات السورة 107 ...
  ✅ read=1 | إبراهيم الأخضر | ayat=8
  ✅ read=3 | إبراهيم العسيري | ayat=7
  ✅ read=4 | شيخ أبو بكر الشاطري | ayat=7
  ✅ read=5 | أحمد بن علي العجمي | ayat=8
  ✅ read=6 | أحمد الحواشي | ayat=7
  ✅ read=8 | أحمد صابر | ayat=7
  ✅ read=9 | أحمد نعينع | ayat=8
  ✅ read=10 | أكرم العلاقمي | ayat=8
  ✅ read=12 | إدريس أبكر | ayat=7
  ✅ read=13 | الزين محمد أحمد | ayat=7
  ✅ read=17 | توفيق الصايغ | ayat=7
  ✅ read=20 | خالد الجليل | ayat=7
  ✅ read=21 | خالد القحطاني | ayat=7
  ✅ read=22 | خالد عبدالكافي | ayat=7
  ✅ read=24 | خليفة الطنيجي | ayat=7
  ✅ read=25 | داود حمزة | ayat=7
  ✅ read=30 | سعد الغامدي | ayat=7
  ✅ read=31 | سعود الشريم | ayat=8
  ✅ read=32 | سهل ياسين | ayat=8
  ✅ read=33 | زكي داغستاني | ayat=7
  ✅ read=38 | شيرزاد عبدالرحمن طاهر | ayat=7
  ✅ read=39 | صابر عبدالحكم | ayat=7
  ✅ read=40 | صالح الصاهود | ayat=7
  ✅ read=42 | صالح الهبدان | ayat=7
  ✅ read=43 | صلاح البدير | ayat=7
  ✅ read=44 | صلاح الهاشم | ayat=7
  ✅ read=46 | صلاح بو خاطر | ayat=7
  ✅ read=48 | عادل ريان | ayat=7
  ✅ read=49 | عبدالبارئ الثبيتي | ayat=7
  ✅ read=50 | عبدالبارئ محمد | ayat=7
  ✅ read=53 | عبدالباسط عبدالصمد | ayat=8
  ✅ read=54 | عبدالرحمن السديس | ayat=7
  ✅ read=55 | عبدالعزيز الأحمد | ayat=7
  ✅ read=56 | عبدالعزيز الزهراني | ayat=7
  ✅ read=58 | عبدالله البعيجان | ayat=7
  ✅ read=59 | عبدالله المطرود | ayat=7
  ✅ read=60 | عبدالله بصفر | ayat=8
  ✅ read=61 | عبدالله خياط | ayat=7
  ✅ read=62 | عبدالله عواد الجهني | ayat=8
  ✅ read=66 | عبدالمحسن الحارثي | ayat=7
  ✅ read=67 | عبدالمحسن القاسم | ayat=8
  ✅ read=69 | عبدالمحسن العبيكان | ayat=7
  ✅ read=70 | عبدالهادي أحمد كناكري | ayat=7
  ✅ read=71 | عبدالودود حنيف | ayat=7
  ✅ read=72 | عبدالولي الأركاني | ayat=7
  ✅ read=74 | علي بن عبدالرحمن الحذيفي | ayat=7
  ✅ read=76 | علي جابر | ayat=7
  ✅ read=77 | علي حجاج السويسي | ayat=8
  ✅ read=78 | عماد زهير حافظ | ayat=8
  ✅ read=81 | فارس عباد | ayat=7
  ✅ read=86 | ناصر القطامي | ayat=7
  ✅ read=87 | نبيل الرفاعي | ayat=7
  ✅ read=88 | نعمة الحسان | ayat=7
  ✅ read=89 | هاني الرفاعي | ayat=7
  ✅ read=92 | ياسر الدوسري | ayat=7
  ✅ read=106 | محمد الطبلاوي | ayat=8
  ✅ read=109 | محمد أيوب | ayat=7
  ✅ read=110 | محمد صالح عالم شاه | ayat=7
  ✅ read=112 | محمد صديق المنشاوي | ayat=8
  ✅ read=115 | محمد عبدالكريم | ayat=7
  ✅ read=118 | محمود خليل الحصري | ayat=8
  ✅ read=123 | مشاري العفاسي | ayat=7
  ✅ read=139 | ماجد الزامل | ayat=7
  ✅ read=159 | خالد المهنا | ayat=8
  ✅ read=181 | جمعان العصيمي | ayat=7
  ✅ read=193 | يوسف بن نوح أحمد | ayat=7
  ✅ read=198 | محمد رشاد الشريف | ayat=7
  ✅ read=201 | أحمد الطرابلسي | ayat=7
  ✅ read=203 | أحمد عامر | ayat=7
  ✅ read=217 | بندر بليله | ayat=7
  ✅ read=219 | وديع اليمني | ayat=7
  ✅ read=221 | رعد محمد الكردي | ayat=7
  ✅ read=225 | عبدالرحمن العوسي | ayat=7
  ✅ read=229 | محمد خليل القارئ | ayat=7
  ✅ read=232 | إبراهيم الدوسري | ayat=7
  ✅ read=236 | عبدالرحمن الماجد | ayat=7
  ✅ read=243 | عبدالله الموسى | ayat=7
  ✅ read=244 | عبدالله الخلف | ayat=7
  ✅ read=245 | منصور السالمي | ayat=7
  ✅ read=250 | محمد البخيت | ayat=7
  ✅ read=256 | أحمد خليل شاهين | ayat=7
  ✅ read=258 | عبدالرشيد صوفي | ayat=7
  ✅ read=259 | أحمد النفيس | ayat=7
  ✅ read=265 | أحمد ديبان | ayat=7
  ✅ read=268 | بيشه وا قادر الكردي | ayat=7
  ✅ read=273 | هيثم الدخين | ayat=7
  ✅ read=282 | عبدالعزيز التركي | ayat=7
  ✅ read=289 | أحمد عيسى المعصراوي | ayat=7
  ✅ read=294 | سيد أحمد هاشمي | ayat=7
  ✅ read=295 | خالد كريم محمدي | ayat=7
  ✅ read=299 | حسن صالح | ayat=7
  ✅ read=300 | صالح الشمراني | ayat=7
  ✅ read=303 | عيسى عمر سناكو | ayat=7
  ✅ read=314 | أنس العمادي | ayat=7
  ✅ read=340 | محمد برهجي | ayat=7
  ✅ read=10905 | حسن الدغريري | ayat=7
✅ تم إنشاء: timings_hafs_114/timing_107.json

📖 تحميل توقيتات السورة 108 ...
  ✅ read=1 | إبراهيم الأخضر | ayat=4
  ✅ read=3 | إبراهيم العسيري | ayat=3
  ✅ read=4 | شيخ أبو بكر الشاطري | ayat=3
  ✅ read=5 | أحمد بن علي العجمي | ayat=4
  ✅ read=6 | أحمد الحواشي | ayat=3
  ✅ read=8 | أحمد صابر | ayat=3
  ✅ read=9 | أحمد نعينع | ayat=4
  ✅ read=10 | أكرم العلاقمي | ayat=4
  ✅ read=12 | إدريس أبكر | ayat=3
  ✅ read=13 | الزين محمد أحمد | ayat=3
  ✅ read=17 | توفيق الصايغ | ayat=3
  ✅ read=20 | خالد الجليل | ayat=3
  ✅ read=21 | خالد القحطاني | ayat=3
  ✅ read=22 | خالد عبدالكافي | ayat=3
  ✅ read=24 | خليفة الطنيجي | ayat=3
  ✅ read=25 | داود حمزة | ayat=3
  ✅ read=30 | سعد الغامدي | ayat=3
  ✅ read=31 | سعود الشريم | ayat=4
  ✅ read=32 | سهل ياسين | ayat=4
  ✅ read=33 | زكي داغستاني | ayat=3
  ✅ read=38 | شيرزاد عبدالرحمن طاهر | ayat=3
  ✅ read=39 | صابر عبدالحكم | ayat=3
  ✅ read=40 | صالح الصاهود | ayat=3
  ✅ read=42 | صالح الهبدان | ayat=3
  ✅ read=43 | صلاح البدير | ayat=3
  ✅ read=44 | صلاح الهاشم | ayat=3
  ✅ read=46 | صلاح بو خاطر | ayat=3
  ✅ read=48 | عادل ريان | ayat=3
  ✅ read=49 | عبدالبارئ الثبيتي | ayat=3
  ✅ read=50 | عبدالبارئ محمد | ayat=3
  ✅ read=53 | عبدالباسط عبدالصمد | ayat=4
  ✅ read=54 | عبدالرحمن السديس | ayat=3
  ✅ read=55 | عبدالعزيز الأحمد | ayat=3
  ✅ read=56 | عبدالعزيز الزهراني | ayat=3
  ✅ read=58 | عبدالله البعيجان | ayat=3
  ✅ read=59 | عبدالله المطرود | ayat=3
  ✅ read=60 | عبدالله بصفر | ayat=4
  ✅ read=61 | عبدالله خياط | ayat=3
  ✅ read=62 | عبدالله عواد الجهني | ayat=4
  ✅ read=66 | عبدالمحسن الحارثي | ayat=3
  ✅ read=67 | عبدالمحسن القاسم | ayat=4
  ✅ read=69 | عبدالمحسن العبيكان | ayat=3
  ✅ read=70 | عبدالهادي أحمد كناكري | ayat=3
  ✅ read=71 | عبدالودود حنيف | ayat=3
  ✅ read=72 | عبدالولي الأركاني | ayat=3
  ✅ read=74 | علي بن عبدالرحمن الحذيفي | ayat=3
  ✅ read=76 | علي جابر | ayat=3
  ✅ read=77 | علي حجاج السويسي | ayat=4
  ✅ read=78 | عماد زهير حافظ | ayat=4
  ✅ read=81 | فارس عباد | ayat=3
  ✅ read=86 | ناصر القطامي | ayat=3
  ✅ read=87 | نبيل الرفاعي | ayat=3
  ✅ read=88 | نعمة الحسان | ayat=3
  ✅ read=89 | هاني الرفاعي | ayat=3
  ✅ read=92 | ياسر الدوسري | ayat=3
  ✅ read=106 | محمد الطبلاوي | ayat=4
  ✅ read=109 | محمد أيوب | ayat=3
  ✅ read=110 | محمد صالح عالم شاه | ayat=3
  ✅ read=112 | محمد صديق المنشاوي | ayat=4
  ✅ read=115 | محمد عبدالكريم | ayat=3
  ✅ read=118 | محمود خليل الحصري | ayat=4
  ✅ read=123 | مشاري العفاسي | ayat=3
  ✅ read=139 | ماجد الزامل | ayat=3
  ✅ read=159 | خالد المهنا | ayat=4
  ✅ read=181 | جمعان العصيمي | ayat=3
  ✅ read=193 | يوسف بن نوح أحمد | ayat=3
  ✅ read=198 | محمد رشاد الشريف | ayat=3
  ✅ read=201 | أحمد الطرابلسي | ayat=3
  ✅ read=203 | أحمد عامر | ayat=3
  ✅ read=217 | بندر بليله | ayat=3
  ✅ read=219 | وديع اليمني | ayat=3
  ✅ read=221 | رعد محمد الكردي | ayat=3
  ✅ read=225 | عبدالرحمن العوسي | ayat=3
  ✅ read=229 | محمد خليل القارئ | ayat=3
  ✅ read=232 | إبراهيم الدوسري | ayat=3
  ✅ read=236 | عبدالرحمن الماجد | ayat=3
  ✅ read=243 | عبدالله الموسى | ayat=3
  ✅ read=244 | عبدالله الخلف | ayat=3
  ✅ read=245 | منصور السالمي | ayat=3
  ✅ read=250 | محمد البخيت | ayat=3
  ✅ read=256 | أحمد خليل شاهين | ayat=3
  ✅ read=258 | عبدالرشيد صوفي | ayat=3
  ✅ read=259 | أحمد النفيس | ayat=3
  ✅ read=265 | أحمد ديبان | ayat=3
  ✅ read=268 | بيشه وا قادر الكردي | ayat=3
  ✅ read=273 | هيثم الدخين | ayat=3
  ✅ read=282 | عبدالعزيز التركي | ayat=3
  ✅ read=289 | أحمد عيسى المعصراوي | ayat=3
  ✅ read=294 | سيد أحمد هاشمي | ayat=3
  ✅ read=295 | خالد كريم محمدي | ayat=3
  ✅ read=299 | حسن صالح | ayat=3
  ✅ read=300 | صالح الشمراني | ayat=3
  ✅ read=303 | عيسى عمر سناكو | ayat=3
  ✅ read=314 | أنس العمادي | ayat=3
  ✅ read=340 | محمد برهجي | ayat=3
  ✅ read=10905 | حسن الدغريري | ayat=3
✅ تم إنشاء: timings_hafs_114/timing_108.json

📖 تحميل توقيتات السورة 109 ...
  ✅ read=1 | إبراهيم الأخضر | ayat=7
  ✅ read=3 | إبراهيم العسيري | ayat=6
  ✅ read=4 | شيخ أبو بكر الشاطري | ayat=6
  ✅ read=5 | أحمد بن علي العجمي | ayat=7
  ✅ read=6 | أحمد الحواشي | ayat=6
  ✅ read=8 | أحمد صابر | ayat=6
  ✅ read=9 | أحمد نعينع | ayat=7
  ✅ read=10 | أكرم العلاقمي | ayat=7
  ✅ read=12 | إدريس أبكر | ayat=6
  ✅ read=13 | الزين محمد أحمد | ayat=6
  ✅ read=17 | توفيق الصايغ | ayat=6
  ✅ read=20 | خالد الجليل | ayat=6
  ✅ read=21 | خالد القحطاني | ayat=6
  ✅ read=22 | خالد عبدالكافي | ayat=6
  ✅ read=24 | خليفة الطنيجي | ayat=6
  ✅ read=25 | داود حمزة | ayat=6
  ✅ read=30 | سعد الغامدي | ayat=6
  ✅ read=31 | سعود الشريم | ayat=7
  ✅ read=32 | سهل ياسين | ayat=7
  ✅ read=33 | زكي داغستاني | ayat=6
  ✅ read=38 | شيرزاد عبدالرحمن طاهر | ayat=6
  ✅ read=39 | صابر عبدالحكم | ayat=6
  ✅ read=40 | صالح الصاهود | ayat=6
  ✅ read=42 | صالح الهبدان | ayat=6
  ✅ read=43 | صلاح البدير | ayat=6
  ✅ read=44 | صلاح الهاشم | ayat=6
  ✅ read=46 | صلاح بو خاطر | ayat=6
  ✅ read=48 | عادل ريان | ayat=6
  ✅ read=49 | عبدالبارئ الثبيتي | ayat=6
  ✅ read=50 | عبدالبارئ محمد | ayat=6
  ✅ read=53 | عبدالباسط عبدالصمد | ayat=7
  ✅ read=54 | عبدالرحمن السديس | ayat=6
  ✅ read=55 | عبدالعزيز الأحمد | ayat=6
  ✅ read=56 | عبدالعزيز الزهراني | ayat=6
  ✅ read=58 | عبدالله البعيجان | ayat=6
  ✅ read=59 | عبدالله المطرود | ayat=6
  ✅ read=60 | عبدالله بصفر | ayat=7
  ✅ read=61 | عبدالله خياط | ayat=6
  ✅ read=62 | عبدالله عواد الجهني | ayat=7
  ✅ read=66 | عبدالمحسن الحارثي | ayat=6
  ✅ read=67 | عبدالمحسن القاسم | ayat=7
  ✅ read=69 | عبدالمحسن العبيكان | ayat=6
  ✅ read=70 | عبدالهادي أحمد كناكري | ayat=6
  ✅ read=71 | عبدالودود حنيف | ayat=6
  ✅ read=72 | عبدالولي الأركاني | ayat=6
  ✅ read=74 | علي بن عبدالرحمن الحذيفي | ayat=7
  ✅ read=76 | علي جابر | ayat=6
  ✅ read=77 | علي حجاج السويسي | ayat=7
  ✅ read=78 | عماد زهير حافظ | ayat=7
  ✅ read=81 | فارس عباد | ayat=6
  ✅ read=86 | ناصر القطامي | ayat=6
  ✅ read=87 | نبيل الرفاعي | ayat=6
  ✅ read=88 | نعمة الحسان | ayat=6
  ✅ read=89 | هاني الرفاعي | ayat=6
  ✅ read=92 | ياسر الدوسري | ayat=6
  ✅ read=106 | محمد الطبلاوي | ayat=7
  ✅ read=109 | محمد أيوب | ayat=6
  ✅ read=110 | محمد صالح عالم شاه | ayat=6
  ✅ read=112 | محمد صديق المنشاوي | ayat=7
  ✅ read=115 | محمد عبدالكريم | ayat=6
  ✅ read=118 | محمود خليل الحصري | ayat=7
  ✅ read=123 | مشاري العفاسي | ayat=6
  ✅ read=139 | ماجد الزامل | ayat=6
  ✅ read=159 | خالد المهنا | ayat=7
  ✅ read=181 | جمعان العصيمي | ayat=6
  ✅ read=193 | يوسف بن نوح أحمد | ayat=6
  ✅ read=198 | محمد رشاد الشريف | ayat=6
  ✅ read=201 | أحمد الطرابلسي | ayat=6
  ✅ read=203 | أحمد عامر | ayat=6
  ✅ read=217 | بندر بليله | ayat=6
  ✅ read=219 | وديع اليمني | ayat=6
  ✅ read=221 | رعد محمد الكردي | ayat=6
  ✅ read=225 | عبدالرحمن العوسي | ayat=6
  ✅ read=229 | محمد خليل القارئ | ayat=6
  ✅ read=232 | إبراهيم الدوسري | ayat=6
  ✅ read=236 | عبدالرحمن الماجد | ayat=6
  ✅ read=243 | عبدالله الموسى | ayat=6
  ✅ read=244 | عبدالله الخلف | ayat=6
  ✅ read=245 | منصور السالمي | ayat=6
  ✅ read=250 | محمد البخيت | ayat=6
  ✅ read=256 | أحمد خليل شاهين | ayat=6
  ✅ read=258 | عبدالرشيد صوفي | ayat=6
  ✅ read=259 | أحمد النفيس | ayat=6
  ✅ read=265 | أحمد ديبان | ayat=6
  ✅ read=268 | بيشه وا قادر الكردي | ayat=6
  ✅ read=273 | هيثم الدخين | ayat=6
  ✅ read=282 | عبدالعزيز التركي | ayat=6
  ✅ read=289 | أحمد عيسى المعصراوي | ayat=6
  ✅ read=294 | سيد أحمد هاشمي | ayat=6
  ✅ read=295 | خالد كريم محمدي | ayat=6
  ✅ read=299 | حسن صالح | ayat=6
  ✅ read=300 | صالح الشمراني | ayat=6
  ✅ read=303 | عيسى عمر سناكو | ayat=6
  ✅ read=314 | أنس العمادي | ayat=6
  ✅ read=340 | محمد برهجي | ayat=6
  ✅ read=10905 | حسن الدغريري | ayat=6
✅ تم إنشاء: timings_hafs_114/timing_109.json

📖 تحميل توقيتات السورة 110 ...
  ✅ read=1 | إبراهيم الأخضر | ayat=4
  ✅ read=3 | إبراهيم العسيري | ayat=3
  ✅ read=4 | شيخ أبو بكر الشاطري | ayat=3
  ✅ read=5 | أحمد بن علي العجمي | ayat=4
  ✅ read=6 | أحمد الحواشي | ayat=3
  ✅ read=8 | أحمد صابر | ayat=3
  ✅ read=9 | أحمد نعينع | ayat=4
  ✅ read=10 | أكرم العلاقمي | ayat=4
  ✅ read=12 | إدريس أبكر | ayat=3
  ✅ read=13 | الزين محمد أحمد | ayat=3
  ✅ read=17 | توفيق الصايغ | ayat=3
  ✅ read=20 | خالد الجليل | ayat=3
  ✅ read=21 | خالد القحطاني | ayat=3
  ✅ read=22 | خالد عبدالكافي | ayat=3
  ✅ read=24 | خليفة الطنيجي | ayat=3
  ✅ read=25 | داود حمزة | ayat=3
  ✅ read=30 | سعد الغامدي | ayat=3
  ✅ read=31 | سعود الشريم | ayat=4
  ✅ read=32 | سهل ياسين | ayat=4
  ✅ read=33 | زكي داغستاني | ayat=3
  ✅ read=38 | شيرزاد عبدالرحمن طاهر | ayat=3
  ✅ read=39 | صابر عبدالحكم | ayat=3
  ✅ read=40 | صالح الصاهود | ayat=3
  ✅ read=42 | صالح الهبدان | ayat=3
  ✅ read=43 | صلاح البدير | ayat=3
  ✅ read=44 | صلاح الهاشم | ayat=3
  ✅ read=46 | صلاح بو خاطر | ayat=3
  ✅ read=48 | عادل ريان | ayat=3
  ✅ read=49 | عبدالبارئ الثبيتي | ayat=3
  ✅ read=50 | عبدالبارئ محمد | ayat=3
  ✅ read=53 | عبدالباسط عبدالصمد | ayat=4
  ✅ read=54 | عبدالرحمن السديس | ayat=3
  ✅ read=55 | عبدالعزيز الأحمد | ayat=3
  ✅ read=56 | عبدالعزيز الزهراني | ayat=3
  ✅ read=58 | عبدالله البعيجان | ayat=3
  ✅ read=59 | عبدالله المطرود | ayat=3
  ✅ read=60 | عبدالله بصفر | ayat=4
  ✅ read=61 | عبدالله خياط | ayat=3
  ✅ read=62 | عبدالله عواد الجهني | ayat=4
  ✅ read=66 | عبدالمحسن الحارثي | ayat=3
  ✅ read=67 | عبدالمحسن القاسم | ayat=4
  ✅ read=69 | عبدالمحسن العبيكان | ayat=3
  ✅ read=70 | عبدالهادي أحمد كناكري | ayat=3
  ✅ read=71 | عبدالودود حنيف | ayat=3
  ✅ read=72 | عبدالولي الأركاني | ayat=3
  ✅ read=74 | علي بن عبدالرحمن الحذيفي | ayat=4
  ✅ read=76 | علي جابر | ayat=3
  ✅ read=77 | علي حجاج السويسي | ayat=4
  ✅ read=78 | عماد زهير حافظ | ayat=4
  ✅ read=81 | فارس عباد | ayat=3
  ✅ read=86 | ناصر القطامي | ayat=3
  ✅ read=87 | نبيل الرفاعي | ayat=3
  ✅ read=88 | نعمة الحسان | ayat=3
  ✅ read=89 | هاني الرفاعي | ayat=3
  ✅ read=92 | ياسر الدوسري | ayat=3
  ✅ read=106 | محمد الطبلاوي | ayat=4
  ✅ read=109 | محمد أيوب | ayat=3
  ✅ read=110 | محمد صالح عالم شاه | ayat=3
  ✅ read=112 | محمد صديق المنشاوي | ayat=4
  ✅ read=115 | محمد عبدالكريم | ayat=3
  ✅ read=118 | محمود خليل الحصري | ayat=4
  ✅ read=123 | مشاري العفاسي | ayat=3
  ✅ read=139 | ماجد الزامل | ayat=3
  ✅ read=159 | خالد المهنا | ayat=4
  ✅ read=181 | جمعان العصيمي | ayat=3
  ✅ read=193 | يوسف بن نوح أحمد | ayat=3
  ✅ read=198 | محمد رشاد الشريف | ayat=3
  ✅ read=201 | أحمد الطرابلسي | ayat=3
  ✅ read=203 | أحمد عامر | ayat=3
  ✅ read=217 | بندر بليله | ayat=3
  ✅ read=219 | وديع اليمني | ayat=3
  ✅ read=221 | رعد محمد الكردي | ayat=3
  ✅ read=225 | عبدالرحمن العوسي | ayat=3
  ✅ read=229 | محمد خليل القارئ | ayat=3
  ✅ read=232 | إبراهيم الدوسري | ayat=3
  ✅ read=236 | عبدالرحمن الماجد | ayat=3
  ✅ read=243 | عبدالله الموسى | ayat=3
  ✅ read=244 | عبدالله الخلف | ayat=3
  ✅ read=245 | منصور السالمي | ayat=3
  ✅ read=250 | محمد البخيت | ayat=3
  ✅ read=256 | أحمد خليل شاهين | ayat=3
  ✅ read=258 | عبدالرشيد صوفي | ayat=3
  ✅ read=259 | أحمد النفيس | ayat=3
  ✅ read=265 | أحمد ديبان | ayat=3
  ✅ read=268 | بيشه وا قادر الكردي | ayat=3
  ✅ read=273 | هيثم الدخين | ayat=3
  ✅ read=282 | عبدالعزيز التركي | ayat=3
  ✅ read=289 | أحمد عيسى المعصراوي | ayat=3
  ✅ read=294 | سيد أحمد هاشمي | ayat=3
  ✅ read=295 | خالد كريم محمدي | ayat=3
  ✅ read=299 | حسن صالح | ayat=3
  ✅ read=300 | صالح الشمراني | ayat=3
  ✅ read=303 | عيسى عمر سناكو | ayat=3
  ✅ read=314 | أنس العمادي | ayat=3
  ✅ read=340 | محمد برهجي | ayat=3
  ✅ read=10905 | حسن الدغريري | ayat=3
✅ تم إنشاء: timings_hafs_114/timing_110.json

📖 تحميل توقيتات السورة 111 ...
  ✅ read=1 | إبراهيم الأخضر | ayat=6
  ✅ read=3 | إبراهيم العسيري | ayat=5
  ✅ read=4 | شيخ أبو بكر الشاطري | ayat=5
  ✅ read=5 | أحمد بن علي العجمي | ayat=6
  ✅ read=6 | أحمد الحواشي | ayat=5
  ✅ read=8 | أحمد صابر | ayat=5
  ✅ read=9 | أحمد نعينع | ayat=6
  ✅ read=10 | أكرم العلاقمي | ayat=6
  ✅ read=12 | إدريس أبكر | ayat=5
  ✅ read=13 | الزين محمد أحمد | ayat=5
  ✅ read=17 | توفيق الصايغ | ayat=5
  ✅ read=20 | خالد الجليل | ayat=5
  ✅ read=21 | خالد القحطاني | ayat=5
  ✅ read=22 | خالد عبدالكافي | ayat=5
  ✅ read=24 | خليفة الطنيجي | ayat=5
  ✅ read=25 | داود حمزة | ayat=5
  ✅ read=30 | سعد الغامدي | ayat=5
  ✅ read=31 | سعود الشريم | ayat=6
  ✅ read=32 | سهل ياسين | ayat=6
  ✅ read=33 | زكي داغستاني | ayat=5
  ✅ read=38 | شيرزاد عبدالرحمن طاهر | ayat=5
  ✅ read=39 | صابر عبدالحكم | ayat=5
  ✅ read=40 | صالح الصاهود | ayat=5
  ✅ read=42 | صالح الهبدان | ayat=5
  ✅ read=43 | صلاح البدير | ayat=5
  ✅ read=44 | صلاح الهاشم | ayat=5
  ✅ read=46 | صلاح بو خاطر | ayat=5
  ✅ read=48 | عادل ريان | ayat=5
  ✅ read=49 | عبدالبارئ الثبيتي | ayat=5
  ✅ read=50 | عبدالبارئ محمد | ayat=5
  ✅ read=53 | عبدالباسط عبدالصمد | ayat=6
  ✅ read=54 | عبدالرحمن السديس | ayat=5
  ✅ read=55 | عبدالعزيز الأحمد | ayat=5
  ✅ read=56 | عبدالعزيز الزهراني | ayat=5
  ✅ read=58 | عبدالله البعيجان | ayat=5
  ✅ read=59 | عبدالله المطرود | ayat=5
  ✅ read=60 | عبدالله بصفر | ayat=6
  ✅ read=61 | عبدالله خياط | ayat=5
  ✅ read=62 | عبدالله عواد الجهني | ayat=6
  ✅ read=66 | عبدالمحسن الحارثي | ayat=5
  ✅ read=67 | عبدالمحسن القاسم | ayat=6
  ✅ read=69 | عبدالمحسن العبيكان | ayat=5
  ✅ read=70 | عبدالهادي أحمد كناكري | ayat=5
  ✅ read=71 | عبدالودود حنيف | ayat=5
  ✅ read=72 | عبدالولي الأركاني | ayat=5
  ✅ read=74 | علي بن عبدالرحمن الحذيفي | ayat=5
  ✅ read=76 | علي جابر | ayat=5
  ✅ read=77 | علي حجاج السويسي | ayat=6
  ✅ read=78 | عماد زهير حافظ | ayat=6
  ✅ read=81 | فارس عباد | ayat=5
  ✅ read=86 | ناصر القطامي | ayat=5
  ✅ read=87 | نبيل الرفاعي | ayat=5
  ✅ read=88 | نعمة الحسان | ayat=5
  ✅ read=89 | هاني الرفاعي | ayat=5
  ✅ read=92 | ياسر الدوسري | ayat=5
  ✅ read=106 | محمد الطبلاوي | ayat=6
  ✅ read=109 | محمد أيوب | ayat=5
  ✅ read=110 | محمد صالح عالم شاه | ayat=5
  ✅ read=112 | محمد صديق المنشاوي | ayat=6
  ✅ read=115 | محمد عبدالكريم | ayat=5
  ✅ read=118 | محمود خليل الحصري | ayat=6
  ✅ read=123 | مشاري العفاسي | ayat=5
  ✅ read=139 | ماجد الزامل | ayat=5
  ✅ read=159 | خالد المهنا | ayat=6
  ✅ read=181 | جمعان العصيمي | ayat=5
  ✅ read=193 | يوسف بن نوح أحمد | ayat=5
  ✅ read=198 | محمد رشاد الشريف | ayat=5
  ✅ read=201 | أحمد الطرابلسي | ayat=5
  ✅ read=203 | أحمد عامر | ayat=5
  ✅ read=217 | بندر بليله | ayat=5
  ✅ read=219 | وديع اليمني | ayat=5
  ✅ read=221 | رعد محمد الكردي | ayat=5
  ✅ read=225 | عبدالرحمن العوسي | ayat=5
  ✅ read=229 | محمد خليل القارئ | ayat=5
  ✅ read=232 | إبراهيم الدوسري | ayat=5
  ✅ read=236 | عبدالرحمن الماجد | ayat=5
  ✅ read=243 | عبدالله الموسى | ayat=5
  ✅ read=244 | عبدالله الخلف | ayat=5
  ✅ read=245 | منصور السالمي | ayat=5
  ✅ read=250 | محمد البخيت | ayat=5
  ✅ read=256 | أحمد خليل شاهين | ayat=5
  ✅ read=258 | عبدالرشيد صوفي | ayat=5
  ✅ read=259 | أحمد النفيس | ayat=5
  ✅ read=265 | أحمد ديبان | ayat=5
  ✅ read=268 | بيشه وا قادر الكردي | ayat=5
  ✅ read=273 | هيثم الدخين | ayat=5
  ✅ read=282 | عبدالعزيز التركي | ayat=5
  ✅ read=289 | أحمد عيسى المعصراوي | ayat=5
  ✅ read=294 | سيد أحمد هاشمي | ayat=5
  ✅ read=295 | خالد كريم محمدي | ayat=5
  ✅ read=299 | حسن صالح | ayat=5
  ✅ read=300 | صالح الشمراني | ayat=5
  ✅ read=303 | عيسى عمر سناكو | ayat=5
  ✅ read=314 | أنس العمادي | ayat=5
  ✅ read=340 | محمد برهجي | ayat=5
  ✅ read=10905 | حسن الدغريري | ayat=5
✅ تم إنشاء: timings_hafs_114/timing_111.json

📖 تحميل توقيتات السورة 112 ...
  ✅ read=1 | إبراهيم الأخضر | ayat=5
  ✅ read=3 | إبراهيم العسيري | ayat=4
  ✅ read=4 | شيخ أبو بكر الشاطري | ayat=4
  ✅ read=5 | أحمد بن علي العجمي | ayat=5
  ✅ read=6 | أحمد الحواشي | ayat=4
  ✅ read=8 | أحمد صابر | ayat=4
  ✅ read=9 | أحمد نعينع | ayat=5
  ✅ read=10 | أكرم العلاقمي | ayat=5
  ✅ read=12 | إدريس أبكر | ayat=4
  ✅ read=13 | الزين محمد أحمد | ayat=4
  ✅ read=17 | توفيق الصايغ | ayat=4
  ✅ read=20 | خالد الجليل | ayat=4
  ✅ read=21 | خالد القحطاني | ayat=4
  ✅ read=22 | خالد عبدالكافي | ayat=4
  ✅ read=24 | خليفة الطنيجي | ayat=4
  ✅ read=25 | داود حمزة | ayat=4
  ✅ read=30 | سعد الغامدي | ayat=4
  ✅ read=31 | سعود الشريم | ayat=5
  ✅ read=32 | سهل ياسين | ayat=5
  ✅ read=33 | زكي داغستاني | ayat=4
  ✅ read=38 | شيرزاد عبدالرحمن طاهر | ayat=4
  ✅ read=39 | صابر عبدالحكم | ayat=4
  ✅ read=40 | صالح الصاهود | ayat=4
  ✅ read=42 | صالح الهبدان | ayat=4
  ✅ read=43 | صلاح البدير | ayat=4
  ✅ read=44 | صلاح الهاشم | ayat=4
  ✅ read=46 | صلاح بو خاطر | ayat=4
  ✅ read=48 | عادل ريان | ayat=4
  ✅ read=49 | عبدالبارئ الثبيتي | ayat=4
  ✅ read=50 | عبدالبارئ محمد | ayat=4
  ✅ read=53 | عبدالباسط عبدالصمد | ayat=5
  ✅ read=54 | عبدالرحمن السديس | ayat=4
  ✅ read=55 | عبدالعزيز الأحمد | ayat=4
  ✅ read=56 | عبدالعزيز الزهراني | ayat=4
  ✅ read=58 | عبدالله البعيجان | ayat=4
  ✅ read=59 | عبدالله المطرود | ayat=4
  ✅ read=60 | عبدالله بصفر | ayat=5
  ✅ read=61 | عبدالله خياط | ayat=4
  ✅ read=62 | عبدالله عواد الجهني | ayat=5
  ✅ read=66 | عبدالمحسن الحارثي | ayat=4
  ✅ read=67 | عبدالمحسن القاسم | ayat=5
  ✅ read=69 | عبدالمحسن العبيكان | ayat=4
  ✅ read=70 | عبدالهادي أحمد كناكري | ayat=4
  ✅ read=71 | عبدالودود حنيف | ayat=4
  ✅ read=72 | عبدالولي الأركاني | ayat=4
  ✅ read=74 | علي بن عبدالرحمن الحذيفي | ayat=4
  ✅ read=76 | علي جابر | ayat=4
  ✅ read=77 | علي حجاج السويسي | ayat=5
  ✅ read=78 | عماد زهير حافظ | ayat=5
  ✅ read=81 | فارس عباد | ayat=4
  ✅ read=86 | ناصر القطامي | ayat=4
  ✅ read=87 | نبيل الرفاعي | ayat=4
  ✅ read=88 | نعمة الحسان | ayat=4
  ✅ read=89 | هاني الرفاعي | ayat=4
  ✅ read=92 | ياسر الدوسري | ayat=4
  ✅ read=106 | محمد الطبلاوي | ayat=5
  ✅ read=109 | محمد أيوب | ayat=4
  ✅ read=110 | محمد صالح عالم شاه | ayat=4
  ✅ read=112 | محمد صديق المنشاوي | ayat=5
  ✅ read=115 | محمد عبدالكريم | ayat=4
  ✅ read=118 | محمود خليل الحصري | ayat=5
  ✅ read=123 | مشاري العفاسي | ayat=4
  ✅ read=139 | ماجد الزامل | ayat=4
  ✅ read=159 | خالد المهنا | ayat=5
  ✅ read=181 | جمعان العصيمي | ayat=4
  ✅ read=193 | يوسف بن نوح أحمد | ayat=4
  ✅ read=198 | محمد رشاد الشريف | ayat=4
  ✅ read=201 | أحمد الطرابلسي | ayat=4
  ✅ read=203 | أحمد عامر | ayat=4
  ✅ read=217 | بندر بليله | ayat=4
  ✅ read=219 | وديع اليمني | ayat=4
  ✅ read=221 | رعد محمد الكردي | ayat=4
  ✅ read=225 | عبدالرحمن العوسي | ayat=4
  ✅ read=229 | محمد خليل القارئ | ayat=4
  ✅ read=232 | إبراهيم الدوسري | ayat=4
  ✅ read=236 | عبدالرحمن الماجد | ayat=4
  ✅ read=243 | عبدالله الموسى | ayat=4
  ✅ read=244 | عبدالله الخلف | ayat=4
  ✅ read=245 | منصور السالمي | ayat=4
  ✅ read=250 | محمد البخيت | ayat=4
  ✅ read=256 | أحمد خليل شاهين | ayat=4
  ✅ read=258 | عبدالرشيد صوفي | ayat=4
  ✅ read=259 | أحمد النفيس | ayat=4
  ✅ read=265 | أحمد ديبان | ayat=4
  ✅ read=268 | بيشه وا قادر الكردي | ayat=4
  ✅ read=273 | هيثم الدخين | ayat=4
  ✅ read=282 | عبدالعزيز التركي | ayat=4
  ✅ read=289 | أحمد عيسى المعصراوي | ayat=4
  ✅ read=294 | سيد أحمد هاشمي | ayat=4
  ✅ read=295 | خالد كريم محمدي | ayat=4
  ✅ read=299 | حسن صالح | ayat=4
  ✅ read=300 | صالح الشمراني | ayat=4
  ✅ read=303 | عيسى عمر سناكو | ayat=4
  ✅ read=314 | أنس العمادي | ayat=4
  ✅ read=340 | محمد برهجي | ayat=4
  ✅ read=10905 | حسن الدغريري | ayat=4
✅ تم إنشاء: timings_hafs_114/timing_112.json

📖 تحميل توقيتات السورة 113 ...
  ✅ read=1 | إبراهيم الأخضر | ayat=6
  ✅ read=3 | إبراهيم العسيري | ayat=5
  ✅ read=4 | شيخ أبو بكر الشاطري | ayat=5
  ✅ read=5 | أحمد بن علي العجمي | ayat=6
  ✅ read=6 | أحمد الحواشي | ayat=5
  ✅ read=8 | أحمد صابر | ayat=5
  ✅ read=9 | أحمد نعينع | ayat=6
  ✅ read=10 | أكرم العلاقمي | ayat=6
  ✅ read=12 | إدريس أبكر | ayat=5
  ✅ read=13 | الزين محمد أحمد | ayat=5
  ✅ read=17 | توفيق الصايغ | ayat=5
  ✅ read=20 | خالد الجليل | ayat=5
  ✅ read=21 | خالد القحطاني | ayat=5
  ✅ read=22 | خالد عبدالكافي | ayat=5
  ✅ read=24 | خليفة الطنيجي | ayat=5
  ✅ read=25 | داود حمزة | ayat=5
  ✅ read=30 | سعد الغامدي | ayat=5
  ✅ read=31 | سعود الشريم | ayat=6
  ✅ read=32 | سهل ياسين | ayat=6
  ✅ read=33 | زكي داغستاني | ayat=5
  ✅ read=38 | شيرزاد عبدالرحمن طاهر | ayat=5
  ✅ read=39 | صابر عبدالحكم | ayat=5
  ✅ read=40 | صالح الصاهود | ayat=5
  ✅ read=42 | صالح الهبدان | ayat=5
  ✅ read=43 | صلاح البدير | ayat=5
  ✅ read=44 | صلاح الهاشم | ayat=5
  ✅ read=46 | صلاح بو خاطر | ayat=5
  ✅ read=48 | عادل ريان | ayat=5
  ✅ read=49 | عبدالبارئ الثبيتي | ayat=5
  ✅ read=50 | عبدالبارئ محمد | ayat=5
  ✅ read=53 | عبدالباسط عبدالصمد | ayat=6
  ✅ read=54 | عبدالرحمن السديس | ayat=5
  ✅ read=55 | عبدالعزيز الأحمد | ayat=5
  ✅ read=56 | عبدالعزيز الزهراني | ayat=5
  ✅ read=58 | عبدالله البعيجان | ayat=5
  ✅ read=59 | عبدالله المطرود | ayat=5
  ✅ read=60 | عبدالله بصفر | ayat=6
  ✅ read=61 | عبدالله خياط | ayat=5
  ✅ read=62 | عبدالله عواد الجهني | ayat=6
  ✅ read=66 | عبدالمحسن الحارثي | ayat=5
  ✅ read=67 | عبدالمحسن القاسم | ayat=6
  ✅ read=69 | عبدالمحسن العبيكان | ayat=5
  ✅ read=70 | عبدالهادي أحمد كناكري | ayat=5
  ✅ read=71 | عبدالودود حنيف | ayat=5
  ✅ read=72 | عبدالولي الأركاني | ayat=5
  ✅ read=74 | علي بن عبدالرحمن الحذيفي | ayat=5
  ✅ read=76 | علي جابر | ayat=5
  ✅ read=77 | علي حجاج السويسي | ayat=6
  ✅ read=78 | عماد زهير حافظ | ayat=6
  ✅ read=81 | فارس عباد | ayat=5
  ✅ read=86 | ناصر القطامي | ayat=5
  ✅ read=87 | نبيل الرفاعي | ayat=5
  ✅ read=88 | نعمة الحسان | ayat=5
  ✅ read=89 | هاني الرفاعي | ayat=5
  ✅ read=92 | ياسر الدوسري | ayat=5
  ✅ read=106 | محمد الطبلاوي | ayat=6
  ✅ read=109 | محمد أيوب | ayat=5
  ✅ read=110 | محمد صالح عالم شاه | ayat=5
  ✅ read=112 | محمد صديق المنشاوي | ayat=6
  ✅ read=115 | محمد عبدالكريم | ayat=5
  ✅ read=118 | محمود خليل الحصري | ayat=6
  ✅ read=123 | مشاري العفاسي | ayat=5
  ✅ read=139 | ماجد الزامل | ayat=5
  ✅ read=159 | خالد المهنا | ayat=6
  ✅ read=181 | جمعان العصيمي | ayat=5
  ✅ read=193 | يوسف بن نوح أحمد | ayat=5
  ✅ read=198 | محمد رشاد الشريف | ayat=5
  ✅ read=201 | أحمد الطرابلسي | ayat=5
  ✅ read=203 | أحمد عامر | ayat=5
  ✅ read=217 | بندر بليله | ayat=5
  ✅ read=219 | وديع اليمني | ayat=5
  ✅ read=221 | رعد محمد الكردي | ayat=5
  ✅ read=225 | عبدالرحمن العوسي | ayat=5
  ✅ read=229 | محمد خليل القارئ | ayat=5
  ✅ read=232 | إبراهيم الدوسري | ayat=5
  ✅ read=236 | عبدالرحمن الماجد | ayat=5
  ✅ read=243 | عبدالله الموسى | ayat=5
  ✅ read=244 | عبدالله الخلف | ayat=5
  ✅ read=245 | منصور السالمي | ayat=5
  ✅ read=250 | محمد البخيت | ayat=5
  ✅ read=256 | أحمد خليل شاهين | ayat=5
  ✅ read=258 | عبدالرشيد صوفي | ayat=5
  ✅ read=259 | أحمد النفيس | ayat=5
  ✅ read=265 | أحمد ديبان | ayat=5
  ✅ read=268 | بيشه وا قادر الكردي | ayat=5
  ✅ read=273 | هيثم الدخين | ayat=5
  ✅ read=282 | عبدالعزيز التركي | ayat=5
  ✅ read=289 | أحمد عيسى المعصراوي | ayat=5
  ✅ read=294 | سيد أحمد هاشمي | ayat=5
  ✅ read=295 | خالد كريم محمدي | ayat=5
  ✅ read=299 | حسن صالح | ayat=5
  ✅ read=300 | صالح الشمراني | ayat=5
  ✅ read=303 | عيسى عمر سناكو | ayat=5
  ✅ read=314 | أنس العمادي | ayat=5
  ✅ read=340 | محمد برهجي | ayat=5
  ✅ read=10905 | حسن الدغريري | ayat=5
✅ تم إنشاء: timings_hafs_114/timing_113.json

📖 تحميل توقيتات السورة 114 ...
  ✅ read=1 | إبراهيم الأخضر | ayat=7
  ✅ read=3 | إبراهيم العسيري | ayat=6
  ✅ read=4 | شيخ أبو بكر الشاطري | ayat=6
  ✅ read=5 | أحمد بن علي العجمي | ayat=7
  ✅ read=6 | أحمد الحواشي | ayat=6
  ✅ read=8 | أحمد صابر | ayat=6
  ✅ read=9 | أحمد نعينع | ayat=7
  ✅ read=10 | أكرم العلاقمي | ayat=7
  ✅ read=12 | إدريس أبكر | ayat=6
  ✅ read=13 | الزين محمد أحمد | ayat=6
  ✅ read=17 | توفيق الصايغ | ayat=6
  ✅ read=20 | خالد الجليل | ayat=6
  ✅ read=21 | خالد القحطاني | ayat=6
  ✅ read=22 | خالد عبدالكافي | ayat=6
  ✅ read=24 | خليفة الطنيجي | ayat=6
  ✅ read=25 | داود حمزة | ayat=6
  ✅ read=30 | سعد الغامدي | ayat=6
  ✅ read=31 | سعود الشريم | ayat=7
  ✅ read=32 | سهل ياسين | ayat=7
  ✅ read=33 | زكي داغستاني | ayat=6
  ✅ read=38 | شيرزاد عبدالرحمن طاهر | ayat=6
  ✅ read=39 | صابر عبدالحكم | ayat=6
  ✅ read=40 | صالح الصاهود | ayat=6
  ✅ read=42 | صالح الهبدان | ayat=6
  ✅ read=43 | صلاح البدير | ayat=6
  ✅ read=44 | صلاح الهاشم | ayat=6
  ✅ read=46 | صلاح بو خاطر | ayat=6
  ✅ read=48 | عادل ريان | ayat=6
  ✅ read=49 | عبدالبارئ الثبيتي | ayat=6
  ✅ read=50 | عبدالبارئ محمد | ayat=6
  ✅ read=53 | عبدالباسط عبدالصمد | ayat=7
  ✅ read=54 | عبدالرحمن السديس | ayat=6
  ✅ read=55 | عبدالعزيز الأحمد | ayat=6
  ✅ read=56 | عبدالعزيز الزهراني | ayat=6
  ✅ read=58 | عبدالله البعيجان | ayat=6
  ✅ read=59 | عبدالله المطرود | ayat=6
  ✅ read=60 | عبدالله بصفر | ayat=7
  ✅ read=61 | عبدالله خياط | ayat=6
  ✅ read=62 | عبدالله عواد الجهني | ayat=7
  ✅ read=66 | عبدالمحسن الحارثي | ayat=6
  ✅ read=67 | عبدالمحسن القاسم | ayat=7
  ✅ read=69 | عبدالمحسن العبيكان | ayat=6
  ✅ read=70 | عبدالهادي أحمد كناكري | ayat=6
  ✅ read=71 | عبدالودود حنيف | ayat=6
  ✅ read=72 | عبدالولي الأركاني | ayat=6
  ✅ read=74 | علي بن عبدالرحمن الحذيفي | ayat=6
  ✅ read=76 | علي جابر | ayat=6
  ✅ read=77 | علي حجاج السويسي | ayat=7
  ✅ read=78 | عماد زهير حافظ | ayat=7
  ✅ read=81 | فارس عباد | ayat=6
  ✅ read=86 | ناصر القطامي | ayat=6
  ✅ read=87 | نبيل الرفاعي | ayat=6
  ✅ read=88 | نعمة الحسان | ayat=6
  ✅ read=89 | هاني الرفاعي | ayat=6
  ✅ read=92 | ياسر الدوسري | ayat=6
  ✅ read=106 | محمد الطبلاوي | ayat=7
  ✅ read=109 | محمد أيوب | ayat=6
  ✅ read=110 | محمد صالح عالم شاه | ayat=6
  ✅ read=112 | محمد صديق المنشاوي | ayat=7
  ✅ read=115 | محمد عبدالكريم | ayat=6
  ✅ read=118 | محمود خليل الحصري | ayat=7
  ✅ read=123 | مشاري العفاسي | ayat=6
  ✅ read=139 | ماجد الزامل | ayat=6
  ✅ read=159 | خالد المهنا | ayat=7
  ✅ read=181 | جمعان العصيمي | ayat=6
  ✅ read=193 | يوسف بن نوح أحمد | ayat=6
  ✅ read=198 | محمد رشاد الشريف | ayat=6
  ✅ read=201 | أحمد الطرابلسي | ayat=6
  ✅ read=203 | أحمد عامر | ayat=6
  ✅ read=217 | بندر بليله | ayat=6
  ✅ read=219 | وديع اليمني | ayat=6
  ✅ read=221 | رعد محمد الكردي | ayat=6
  ✅ read=225 | عبدالرحمن العوسي | ayat=6
  ✅ read=229 | محمد خليل القارئ | ayat=6
  ✅ read=232 | إبراهيم الدوسري | ayat=6
  ✅ read=236 | عبدالرحمن الماجد | ayat=6
  ✅ read=243 | عبدالله الموسى | ayat=6
  ✅ read=244 | عبدالله الخلف | ayat=6
  ✅ read=245 | منصور السالمي | ayat=6
  ✅ read=250 | محمد البخيت | ayat=6
  ✅ read=256 | أحمد خليل شاهين | ayat=6
  ✅ read=258 | عبدالرشيد صوفي | ayat=6
  ✅ read=259 | أحمد النفيس | ayat=6
  ✅ read=265 | أحمد ديبان | ayat=6
  ✅ read=268 | بيشه وا قادر الكردي | ayat=6
  ✅ read=273 | هيثم الدخين | ayat=6
  ✅ read=282 | عبدالعزيز التركي | ayat=6
  ✅ read=289 | أحمد عيسى المعصراوي | ayat=6
  ✅ read=294 | سيد أحمد هاشمي | ayat=6
  ✅ read=295 | خالد كريم محمدي | ayat=6
  ✅ read=299 | حسن صالح | ayat=6
  ✅ read=300 | صالح الشمراني | ayat=6
  ✅ read=303 | عيسى عمر سناكو | ayat=6
  ✅ read=314 | أنس العمادي | ayat=6
  ✅ read=340 | محمد برهجي | ayat=6
  ✅ read=10905 | حسن الدغريري | ayat=6
✅ تم إنشاء: timings_hafs_114/timing_114.json

🎉 انتهى التحميل.
عدد الملفات:
115
